amount,history,high_amount,frequent_claims,domain_health,domain_vehicle,domain_life,domain_financial,non_network,high_damage,early_policy,income_mismatch,fraud
41048,0,0,0,1,0,0,0,0,0,0,0,0
41463,1,0,0,0,0,0,1,0,0,0,0,0
10695,1,0,0,0,0,1,0,0,1,0,0,0
90458,2,0,0,0,1,0,0,1,0,0,0,0
37087,0,0,0,0,1,0,0,0,1,0,0,0
32653,2,0,0,0,0,0,1,0,0,0,0,0
136155,2,1,0,0,0,1,0,0,0,0,0,0
55432,0,0,0,0,0,0,1,1,0,0,0,0
5425,3,0,0,0,0,0,1,1,0,0,0,0
26174,0,0,0,0,1,0,0,0,0,0,0,0
90322,0,0,0,0,1,0,0,0,0,0,0,0
132296,5,1,1,0,1,0,0,0,0,0,0,0
9117,2,0,0,1,0,0,0,0,0,0,0,0
17704,1,0,0,0,0,0,1,0,0,1,0,0
75292,0,0,0,0,1,0,0,0,0,0,0,0
68653,0,0,0,0,1,0,0,1,1,1,0,0
43890,0,0,0,0,0,0,1,0,0,0,0,0
88981,0,0,0,1,0,0,0,0,0,0,0,0
307090,1,1,0,0,0,1,0,0,0,0,0,0
32938,0,0,0,1,0,0,0,0,0,0,0,0
254309,2,1,0,0,0,1,0,0,0,0,0,0
37914,2,0,0,0,0,1,0,0,0,0,0,0
61057,0,0,0,0,0,0,1,0,1,0,0,0
107535,1,1,0,1,0,0,0,0,0,0,0,0
48540,1,0,0,1,0,0,0,0,0,0,0,0
34831,0,0,0,0,0,0,1,0,0,1,0,0
260472,2,1,0,0,0,1,0,0,0,0,0,0
62154,0,0,0,0,1,0,0,1,0,0,0,0
58528,0,0,0,0,0,1,0,0,0,1,0,1
32549,0,0,0,1,0,0,0,0,0,0,0,0
35784,1,0,0,0,0,1,0,0,0,1,0,1
36979,0,0,0,0,0,0,1,0,0,0,0,0
65901,1,0,0,1,0,0,0,1,0,0,0,0
37406,1,0,0,0,0,0,1,0,0,0,0,0
35311,0,0,0,1,0,0,0,0,0,0,0,0
180348,0,1,0,1,0,0,0,0,1,0,0,0
40774,0,0,0,0,1,0,0,0,0,0,0,0
61179,0,0,0,1,0,0,0,0,0,0,0,0
75702,0,0,0,1,0,0,0,1,0,0,0,0
19993,0,0,0,0,1,0,0,0,0,0,0,0
45888,0,0,0,1,0,0,0,1,0,0,0,0
154177,1,1,0,1,0,0,0,0,0,0,0,0
65258,1,0,0,0,0,1,0,0,0,1,0,1
188885,2,1,0,0,0,1,0,0,0,0,0,0
124608,0,1,0,0,0,1,0,0,1,1,0,1
69332,0,0,0,0,0,0,1,0,0,0,0,0
64473,0,0,0,0,0,1,0,0,0,0,0,0
301773,0,1,0,0,0,1,0,0,0,1,0,1
66524,0,0,0,1,0,0,0,0,1,0,0,0
78772,3,0,0,1,0,0,0,0,0,0,0,0
12894,1,0,0,0,0,0,1,0,1,0,0,0
66592,0,0,0,0,0,0,1,0,0,0,0,0
39816,1,0,0,0,1,0,0,0,0,0,0,0
462391,0,1,0,0,0,0,1,0,0,0,1,0
27962,0,0,0,0,0,1,0,0,1,0,0,0
123228,0,1,0,1,0,0,0,0,0,0,0,0
188124,5,1,1,0,0,0,1,0,0,0,0,1
68532,0,0,0,0,0,1,0,1,0,0,0,0
25181,0,0,0,1,0,0,0,0,0,0,0,0
116208,1,1,0,0,1,0,0,1,0,0,0,0
50236,0,0,0,0,0,0,1,0,0,1,0,0
172435,2,1,0,0,0,1,0,0,1,0,1,0
64890,0,0,0,0,0,0,1,0,0,0,0,0
455825,2,1,0,0,0,0,1,0,0,0,0,0
44251,2,0,0,0,0,0,1,0,0,0,0,0
55140,1,0,0,0,1,0,0,0,1,0,0,0
50293,5,0,1,0,1,0,0,0,0,0,0,0
354785,0,1,0,0,0,1,0,0,0,0,0,0
110162,1,1,0,0,0,1,0,0,0,0,0,0
84373,0,0,0,0,0,1,0,0,0,0,0,0
113681,2,1,0,0,0,1,0,1,1,0,0,0
492192,0,1,0,0,0,0,1,0,0,0,0,0
78584,0,0,0,0,1,0,0,0,0,0,0,0
35775,2,0,0,0,0,0,1,0,0,0,0,0
53566,0,0,0,0,0,1,0,0,0,0,0,0
438402,0,1,0,1,0,0,0,0,0,0,0,0
24340,1,0,0,0,1,0,0,0,0,0,0,0
111186,0,1,0,0,0,1,0,0,0,0,0,0
34038,3,0,0,1,0,0,0,0,0,0,0,0
138138,0,1,0,0,0,0,1,0,0,0,0,0
61387,0,0,0,0,0,0,1,0,1,0,0,0
45963,1,0,0,1,0,0,0,0,0,0,0,0
78608,0,0,0,1,0,0,0,0,0,0,0,0
68201,0,0,0,0,1,0,0,0,0,0,0,0
40054,0,0,0,1,0,0,0,0,0,0,0,0
74531,0,0,0,1,0,0,0,0,0,0,0,0
40665,0,0,0,1,0,0,0,0,0,0,0,0
45425,0,0,0,0,0,0,1,0,0,1,0,0
54834,0,0,0,0,0,0,1,0,0,0,0,0
59747,0,0,0,0,0,0,1,0,1,0,0,0
56873,2,0,0,0,0,0,1,0,0,0,0,0
24194,0,0,0,0,1,0,0,0,0,0,0,0
162210,0,1,0,0,0,1,0,0,0,0,0,0
90057,1,0,0,0,0,1,0,1,0,0,0,0
70715,0,0,0,0,0,1,0,0,0,0,0,0
42079,0,0,0,0,1,0,0,0,0,0,0,0
23537,2,0,0,0,1,0,0,0,0,0,0,0
60496,0,0,0,1,0,0,0,0,0,0,0,0
75748,1,0,0,1,0,0,0,1,0,0,0,0
85726,0,0,0,0,1,0,0,0,0,0,0,0
105430,0,1,0,0,0,0,1,1,1,0,1,1
86839,1,0,0,0,1,0,0,1,0,0,0,0
92021,3,0,0,0,1,0,0,0,0,0,0,0
17987,1,0,0,1,0,0,0,0,0,1,0,0
82490,0,0,0,1,0,0,0,0,0,0,0,0
70513,0,0,0,0,0,0,1,0,0,0,0,0
52265,0,0,0,1,0,0,0,0,0,0,1,0
125193,0,1,0,0,0,1,0,0,0,0,0,0
22675,0,0,0,0,0,0,1,0,0,0,1,1
30048,0,0,0,0,0,0,1,1,0,0,0,0
70211,0,0,0,0,1,0,0,0,0,0,0,0
45173,0,0,0,0,0,1,0,0,0,0,0,0
58242,0,0,0,1,0,0,0,0,0,0,0,0
79349,0,0,0,0,0,1,0,0,0,0,0,0
213586,1,1,0,0,1,0,0,0,0,0,0,0
139250,0,1,0,0,1,0,0,0,1,1,0,0
171779,1,1,0,0,1,0,0,0,0,0,0,0
152305,0,1,0,0,0,0,1,1,0,0,0,0
63979,0,0,0,0,0,1,0,0,0,0,0,0
34552,0,0,0,0,1,0,0,1,0,0,0,0
25210,0,0,0,0,1,0,0,0,1,0,0,0
8969,0,0,0,0,0,0,1,0,0,0,0,0
31741,0,0,0,0,0,0,1,0,0,0,0,0
21059,0,0,0,0,0,1,0,0,0,0,0,0
25885,0,0,0,0,0,1,0,0,0,0,1,0
69866,0,0,0,1,0,0,0,0,0,0,0,0
78638,0,0,0,0,0,0,1,0,0,0,0,0
52920,1,0,0,0,0,1,0,0,0,0,0,0
46750,0,0,0,0,1,0,0,1,0,0,0,0
19366,5,0,1,1,0,0,0,0,0,0,0,0
54832,0,0,0,0,1,0,0,0,0,0,0,0
176447,1,1,0,0,0,0,1,0,0,0,0,0
39650,1,0,0,0,0,1,0,0,0,1,0,1
40842,0,0,0,0,0,1,0,0,0,1,0,1
67793,0,0,0,0,0,0,1,0,0,0,0,0
59172,0,0,0,0,1,0,0,0,0,0,0,0
117649,0,1,0,0,1,0,0,0,1,0,0,0
219052,5,1,1,0,1,0,0,0,0,0,1,0
97589,2,0,0,0,0,0,1,0,0,0,0,0
58148,1,0,0,0,1,0,0,0,0,0,0,0
358306,0,1,0,0,0,1,0,0,0,0,0,0
43671,0,0,0,0,0,1,0,0,1,0,0,0
169173,1,1,0,0,1,0,0,1,0,0,0,0
24641,0,0,0,0,1,0,0,1,0,0,0,0
12567,0,0,0,0,0,0,1,0,0,0,0,0
12897,2,0,0,1,0,0,0,0,1,0,0,0
75687,0,0,0,0,0,0,1,1,0,0,0,0
35102,0,0,0,0,0,0,1,0,0,0,0,0
11380,0,0,0,1,0,0,0,0,0,0,0,0
23777,4,0,1,0,0,1,0,0,0,0,1,0
58511,0,0,0,0,0,1,0,0,0,0,0,0
22575,0,0,0,0,0,0,1,0,0,0,0,0
104662,1,1,0,1,0,0,0,0,0,0,0,0
178871,0,1,0,1,0,0,0,0,0,0,0,0
72215,2,0,0,0,0,1,0,0,1,0,0,0
77523,2,0,0,0,1,0,0,0,0,0,0,0
457213,0,1,0,0,0,0,1,0,0,0,1,1
225435,1,1,0,1,0,0,0,0,0,0,0,0
7061,0,0,0,0,0,0,1,0,0,0,0,0
17624,0,0,0,0,1,0,0,0,0,0,1,0
15566,1,0,0,0,1,0,0,1,0,0,0,0
48420,0,0,0,0,0,0,1,1,0,0,0,0
153860,1,1,0,0,0,1,0,0,0,0,1,0
56007,1,0,0,0,1,0,0,0,0,0,0,0
56996,3,0,0,1,0,0,0,0,0,0,0,0
118715,1,1,0,1,0,0,0,0,0,0,0,0
40358,0,0,0,0,0,1,0,0,0,0,0,0
55829,1,0,0,1,0,0,0,0,0,0,0,0
41170,0,0,0,1,0,0,0,0,0,0,0,0
54792,1,0,0,0,0,0,1,0,0,0,0,0
162955,0,1,0,0,0,1,0,0,0,0,0,0
442022,3,1,0,1,0,0,0,0,0,0,0,1
183425,0,1,0,0,1,0,0,0,0,1,0,0
37536,1,0,0,1,0,0,0,0,0,0,1,0
71935,1,0,0,1,0,0,0,0,0,0,0,0
43722,0,0,0,1,0,0,0,1,0,0,0,0
44356,0,0,0,0,0,0,1,0,0,0,0,0
321559,1,1,0,0,0,0,1,0,0,0,0,0
13200,0,0,0,0,1,0,0,0,0,0,0,0
19972,0,0,0,0,0,0,1,0,0,0,0,0
71954,0,0,0,0,0,1,0,0,0,0,0,0
64113,1,0,0,0,1,0,0,1,1,0,0,0
138176,0,1,0,0,0,0,1,0,0,0,0,0
19838,0,0,0,0,0,0,1,0,0,0,0,0
9224,0,0,0,0,1,0,0,0,0,0,0,0
23249,1,0,0,0,0,0,1,0,1,0,1,1
469701,4,1,1,0,0,1,0,0,0,1,0,1
179807,1,1,0,0,0,1,0,0,0,0,0,0
68968,0,0,0,0,0,1,0,0,0,0,0,0
144843,0,1,0,0,0,0,1,0,0,0,0,0
5088,5,0,1,0,1,0,0,0,0,0,0,0
26695,0,0,0,0,0,1,0,0,0,0,0,0
50032,1,0,0,0,0,0,1,1,0,0,0,0
22451,1,0,0,0,1,0,0,0,0,0,0,0
91362,2,0,0,0,0,0,1,0,0,0,0,0
170502,0,1,0,0,0,1,0,0,0,0,0,0
14307,0,0,0,1,0,0,0,1,1,0,0,0
13851,0,0,0,1,0,0,0,0,1,0,0,0
45620,0,0,0,0,1,0,0,1,1,0,0,0
16300,2,0,0,0,1,0,0,0,0,0,0,0
50443,0,0,0,0,1,0,0,0,0,0,0,0
13371,0,0,0,0,0,0,1,1,0,0,0,0
168358,1,1,0,1,0,0,0,0,0,0,0,0
59967,0,0,0,1,0,0,0,0,1,0,0,0
236137,2,1,0,1,0,0,0,1,0,0,0,1
69665,4,0,1,0,1,0,0,0,0,1,0,0
129319,1,1,0,1,0,0,0,0,0,0,0,0
148125,0,1,0,0,1,0,0,1,0,0,0,0
39208,2,0,0,0,1,0,0,1,0,0,0,0
46160,0,0,0,0,1,0,0,0,1,0,0,0
47964,0,0,0,1,0,0,0,0,1,0,0,0
18357,1,0,0,0,1,0,0,0,0,0,0,0
13450,0,0,0,1,0,0,0,0,0,0,1,0
131773,0,1,0,0,0,0,1,0,0,0,0,0
77179,0,0,0,0,0,1,0,0,0,0,0,0
68527,0,0,0,0,0,1,0,0,0,0,0,0
252499,0,1,0,0,1,0,0,0,0,1,0,1
171439,0,1,0,0,0,1,0,0,0,0,0,0
16830,0,0,0,0,1,0,0,0,0,1,0,0
24360,0,0,0,0,0,1,0,1,0,1,0,1
429044,1,1,0,0,1,0,0,1,0,0,0,0
43602,0,0,0,0,0,0,1,0,1,1,0,0
18645,2,0,0,0,1,0,0,0,0,0,0,0
39761,0,0,0,0,0,1,0,0,0,0,1,0
54197,0,0,0,0,0,0,1,0,0,0,0,0
54212,0,0,0,1,0,0,0,0,1,1,0,0
18272,0,0,0,0,0,0,1,1,0,0,0,0
16485,0,0,0,0,0,1,0,0,0,0,0,0
39734,0,0,0,0,0,0,1,0,0,0,0,0
17675,0,0,0,1,0,0,0,0,0,0,1,0
35886,0,0,0,0,0,0,1,0,1,1,0,0
301043,0,1,0,0,1,0,0,0,1,0,0,1
41202,0,0,0,0,0,0,1,1,0,0,0,0
193701,0,1,0,1,0,0,0,0,0,0,0,0
48449,1,0,0,0,0,0,1,0,0,0,0,0
319515,0,1,0,1,0,0,0,1,0,0,0,1
147537,1,1,0,0,0,1,0,0,0,0,0,0
11626,2,0,0,0,1,0,0,0,0,0,0,0
448817,0,1,0,0,1,0,0,0,0,0,0,0
164853,0,1,0,0,1,0,0,0,0,0,0,0
45037,1,0,0,1,0,0,0,0,0,0,0,0
54051,0,0,0,1,0,0,0,0,0,0,0,0
72802,1,0,0,0,0,1,0,1,1,0,0,0
9629,0,0,0,0,0,0,1,1,0,0,0,0
190184,1,1,0,0,0,1,0,0,0,0,1,0
34272,1,0,0,1,0,0,0,0,0,0,0,0
30499,0,0,0,1,0,0,0,1,0,0,0,0
143908,0,1,0,0,1,0,0,1,0,0,0,0
61847,1,0,0,1,0,0,0,0,1,0,0,0
37613,0,0,0,1,0,0,0,1,0,0,0,0
22536,0,0,0,0,0,1,0,1,0,1,0,1
27149,0,0,0,1,0,0,0,0,0,0,0,0
20176,0,0,0,1,0,0,0,0,0,0,0,0
22978,0,0,0,0,0,1,0,1,0,0,0,0
58707,0,0,0,0,1,0,0,0,0,0,0,0
16807,1,0,0,0,0,0,1,0,0,0,0,0
127214,1,1,0,1,0,0,0,0,0,0,0,0
340671,2,1,0,0,0,0,1,0,0,0,0,0
12686,4,0,1,0,1,0,0,0,1,0,0,1
68979,0,0,0,0,1,0,0,0,0,0,0,0
17483,0,0,0,0,0,1,0,0,0,0,0,0
193956,0,1,0,0,0,0,1,0,0,0,0,0
138733,0,1,0,0,0,0,1,0,0,0,0,0
153706,0,1,0,0,0,1,0,0,1,0,0,0
94945,0,0,0,0,0,1,0,0,0,1,0,1
58636,0,0,0,0,1,0,0,0,0,0,0,0
139048,0,1,0,1,0,0,0,0,0,0,0,0
27760,1,0,0,0,1,0,0,0,0,0,0,0
98111,0,0,0,0,0,0,1,0,0,0,0,0
22389,4,0,1,0,0,1,0,0,0,0,0,0
135363,1,1,0,0,0,1,0,0,0,0,1,0
43684,0,0,0,1,0,0,0,0,0,0,0,0
11157,2,0,0,0,0,1,0,0,1,0,0,0
151645,1,1,0,0,0,1,0,0,0,0,1,0
41583,0,0,0,0,0,0,1,0,0,0,0,0
77110,0,0,0,0,0,1,0,0,0,0,0,0
32964,1,0,0,0,0,1,0,0,0,0,0,0
368263,0,1,0,0,1,0,0,0,0,0,0,0
30232,0,0,0,1,0,0,0,0,0,0,0,0
62047,1,0,0,0,1,0,0,1,0,0,0,0
133429,0,1,0,0,1,0,0,0,0,0,0,0
70907,0,0,0,1,0,0,0,0,0,1,0,0
191341,0,1,0,0,0,0,1,1,0,0,0,0
16157,0,0,0,0,0,0,1,0,1,1,0,0
28770,1,0,0,0,0,1,0,0,0,0,0,0
35740,0,0,0,0,0,1,0,0,1,0,0,0
46053,0,0,0,0,0,0,1,0,0,0,0,0
19264,0,0,0,0,0,1,0,0,0,0,0,0
155877,0,1,0,1,0,0,0,0,1,0,0,0
70683,0,0,0,0,0,1,0,0,0,0,0,0
79162,1,0,0,0,1,0,0,1,0,0,0,0
52349,0,0,0,0,1,0,0,1,0,0,0,0
79732,0,0,0,0,0,1,0,0,0,0,0,0
80864,0,0,0,0,0,0,1,0,0,0,0,0
48283,1,0,0,0,1,0,0,0,0,0,0,0
10136,2,0,0,0,1,0,0,0,0,0,0,0
66789,2,0,0,0,1,0,0,0,1,0,0,0
14023,0,0,0,0,0,0,1,0,0,1,0,0
149655,0,1,0,1,0,0,0,0,0,0,0,0
68192,1,0,0,0,0,0,1,0,0,0,0,0
5932,0,0,0,0,1,0,0,0,0,0,0,0
41118,5,0,1,0,0,0,1,0,0,0,0,0
138536,1,1,0,1,0,0,0,1,0,0,0,1
62065,0,0,0,0,1,0,0,0,0,1,0,0
62536,0,0,0,0,1,0,0,1,1,0,0,0
5037,4,0,1,0,0,1,0,1,0,0,0,0
153284,2,1,0,0,0,1,0,0,1,1,0,1
70951,0,0,0,1,0,0,0,1,0,0,1,0
181659,0,1,0,0,1,0,0,0,0,0,0,0
470796,0,1,0,0,0,0,1,0,0,0,0,0
40268,0,0,0,0,0,1,0,0,1,0,0,0
18983,0,0,0,0,0,1,0,0,1,0,0,0
195472,2,1,0,0,0,0,1,1,0,0,0,0
56605,2,0,0,1,0,0,0,0,0,0,0,0
39039,0,0,0,0,0,1,0,0,0,0,0,0
34958,1,0,0,0,1,0,0,0,1,0,0,0
72765,0,0,0,0,0,0,1,0,0,0,0,0
48864,0,0,0,1,0,0,0,0,0,0,0,0
71904,0,0,0,0,0,1,0,0,0,0,0,0
89351,0,0,0,0,0,0,1,0,0,0,0,0
29102,2,0,0,0,0,0,1,0,0,0,0,0
8455,1,0,0,0,0,0,1,0,1,0,0,0
22206,0,0,0,0,0,0,1,0,0,0,1,1
64840,1,0,0,0,1,0,0,0,0,0,0,0
39053,0,0,0,0,0,1,0,0,0,0,1,0
158250,0,1,0,0,0,0,1,0,0,0,0,0
72713,1,0,0,0,0,0,1,1,0,0,0,0
64682,1,0,0,0,0,1,0,0,0,0,0,0
175303,0,1,0,0,1,0,0,0,0,0,0,0
56435,0,0,0,0,1,0,0,0,0,0,0,0
17315,0,0,0,1,0,0,0,1,0,0,0,0
11827,2,0,0,0,0,1,0,0,0,0,0,0
67294,1,0,0,1,0,0,0,0,0,0,0,0
35497,0,0,0,1,0,0,0,0,0,0,0,0
62344,0,0,0,1,0,0,0,0,0,0,0,0
39517,0,0,0,0,1,0,0,0,0,0,0,0
75642,1,0,0,1,0,0,0,0,0,0,0,0
9099,0,0,0,0,1,0,0,0,0,0,0,0
32359,1,0,0,1,0,0,0,1,1,0,0,0
14225,1,0,0,0,0,1,0,0,0,0,0,0
78156,0,0,0,0,1,0,0,0,0,0,0,0
74979,5,0,1,0,0,1,0,1,1,0,0,0
77120,2,0,0,0,1,0,0,0,1,0,0,0
34083,0,0,0,0,0,1,0,0,0,0,0,0
53114,2,0,0,0,1,0,0,0,0,0,0,0
44373,0,0,0,1,0,0,0,0,0,0,0,0
191342,1,1,0,0,1,0,0,0,0,0,0,0
56495,4,0,1,0,1,0,0,0,0,0,0,0
97088,1,0,0,0,0,0,1,0,0,0,0,0
16743,0,0,0,0,0,0,1,0,0,0,0,0
62732,0,0,0,0,0,0,1,0,0,0,0,0
19585,0,0,0,0,0,1,0,0,0,0,0,0
74048,0,0,0,1,0,0,0,0,0,0,0,0
82500,0,0,0,0,0,1,0,1,0,0,0,0
65029,0,0,0,0,1,0,0,0,0,0,0,0
70700,0,0,0,0,0,1,0,0,0,0,1,0
16507,1,0,0,0,0,0,1,0,0,0,0,0
23163,0,0,0,0,1,0,0,0,0,0,0,0
78051,0,0,0,0,1,0,0,0,0,0,1,0
29632,0,0,0,0,0,1,0,0,0,0,0,0
66441,1,0,0,0,0,0,1,0,1,0,0,0
31585,1,0,0,0,0,0,1,0,1,0,0,0
54856,1,0,0,1,0,0,0,0,1,0,0,0
112207,0,1,0,1,0,0,0,0,0,0,0,0
60372,0,0,0,0,0,1,0,1,0,0,0,0
47396,0,0,0,0,1,0,0,0,0,0,0,0
16181,0,0,0,0,0,0,1,0,0,0,0,0
23953,0,0,0,0,1,0,0,0,0,1,0,0
38175,0,0,0,1,0,0,0,0,0,0,0,0
76741,0,0,0,1,0,0,0,0,0,0,0,0
16495,0,0,0,0,0,1,0,0,0,0,0,0
248824,1,1,0,0,0,1,0,0,0,0,0,0
73766,0,0,0,0,0,1,0,0,0,0,0,0
494982,0,1,0,0,0,1,0,0,0,0,0,0
107175,1,1,0,1,0,0,0,1,0,0,0,1
77088,0,0,0,0,0,1,0,0,0,0,0,0
184497,0,1,0,0,0,0,1,0,0,0,1,0
46353,0,0,0,0,0,1,0,0,0,0,0,0
26753,0,0,0,0,0,0,1,0,0,0,0,0
44625,0,0,0,0,0,1,0,0,0,0,0,0
148632,0,1,0,0,0,0,1,0,0,1,0,0
10771,1,0,0,1,0,0,0,0,0,0,0,0
30237,0,0,0,0,1,0,0,0,0,0,0,0
42128,0,0,0,0,0,1,0,0,0,0,0,0
63436,1,0,0,0,0,0,1,0,1,1,0,0
66000,0,0,0,0,0,1,0,1,0,0,0,0
19796,0,0,0,1,0,0,0,0,0,0,0,0
57535,0,0,0,0,0,1,0,0,0,0,0,0
35953,0,0,0,0,0,1,0,0,0,0,0,0
19253,1,0,0,0,0,0,1,0,0,0,0,0
166623,0,1,0,1,0,0,0,0,0,0,0,0
199946,0,1,0,0,0,0,1,0,0,0,0,1
41989,2,0,0,0,0,1,0,0,0,0,0,0
55409,1,0,0,0,1,0,0,0,0,0,0,0
22796,0,0,0,0,0,0,1,0,0,0,0,0
34588,0,0,0,0,0,0,1,0,0,0,0,0
68115,3,0,0,0,0,1,0,0,0,1,0,0
15234,1,0,0,1,0,0,0,0,0,0,0,0
43616,0,0,0,0,0,1,0,0,1,0,0,0
161830,0,1,0,0,0,1,0,0,0,0,0,0
24809,1,0,0,1,0,0,0,0,0,0,1,0
178665,5,1,1,0,1,0,0,0,0,0,0,0
44500,0,0,0,0,0,0,1,1,1,0,0,0
46377,3,0,0,0,0,0,1,0,0,1,0,0
56269,0,0,0,0,0,1,0,0,0,0,0,0
17805,0,0,0,1,0,0,0,0,0,0,1,0
95725,0,0,0,1,0,0,0,0,0,0,0,0
170730,2,1,0,0,0,1,0,0,0,0,0,0
14096,0,0,0,0,0,1,0,1,0,0,0,0
93538,0,0,0,0,0,0,1,0,0,0,1,1
198570,0,1,0,0,1,0,0,0,0,0,0,0
75163,2,0,0,0,0,0,1,0,0,1,0,0
118005,1,1,0,0,0,0,1,0,0,0,0,0
98342,0,0,0,0,0,0,1,0,1,0,0,0
12347,0,0,0,1,0,0,0,0,0,0,0,0
144080,1,1,0,1,0,0,0,0,1,0,0,0
88383,1,0,0,0,1,0,0,0,0,0,0,0
32948,1,0,0,0,1,0,0,0,0,0,0,0
54300,1,0,0,1,0,0,0,0,0,1,0,0
32021,0,0,0,0,0,0,1,0,0,0,0,0
5599,0,0,0,0,0,1,0,0,1,0,0,0
30391,0,0,0,0,1,0,0,0,1,0,0,0
64394,0,0,0,0,0,1,0,0,1,0,0,0
47688,0,0,0,0,0,1,0,0,0,0,0,0
64636,0,0,0,0,0,0,1,0,0,1,0,0
66018,0,0,0,0,1,0,0,0,0,0,0,0
73389,0,0,0,1,0,0,0,1,0,0,0,0
197735,0,1,0,0,1,0,0,1,0,0,0,0
36524,0,0,0,1,0,0,0,0,0,0,0,0
177948,0,1,0,0,0,0,1,1,0,0,0,0
48634,0,0,0,1,0,0,0,0,0,0,0,0
65994,1,0,0,1,0,0,0,0,0,0,0,0
179730,0,1,0,0,1,0,0,0,0,0,0,0
53253,1,0,0,0,0,1,0,1,0,0,0,0
41168,0,0,0,1,0,0,0,0,0,0,1,0
82815,0,0,0,0,0,0,1,0,0,0,0,0
79350,0,0,0,0,0,0,1,0,0,0,0,0
26075,1,0,0,0,1,0,0,0,1,0,0,0
9546,1,0,0,0,1,0,0,1,0,0,0,0
281816,0,1,0,0,0,0,1,0,1,0,0,0
197987,0,1,0,1,0,0,0,0,0,0,0,0
180544,0,1,0,0,1,0,0,0,0,1,0,0
127325,0,1,0,1,0,0,0,0,0,0,0,0
134474,1,1,0,0,0,0,1,0,0,0,0,0
54253,0,0,0,0,0,1,0,0,1,0,0,0
44582,1,0,0,0,0,0,1,0,0,0,1,1
69472,2,0,0,0,0,1,0,0,0,1,0,1
67395,4,0,1,0,0,1,0,0,0,0,0,0
52338,0,0,0,0,1,0,0,1,0,0,0,0
46446,1,0,0,0,1,0,0,0,0,0,0,0
26368,0,0,0,0,0,0,1,0,0,0,0,0
22200,2,0,0,1,0,0,0,0,0,0,0,0
20544,0,0,0,0,0,1,0,1,0,0,0,0
179265,0,1,0,1,0,0,0,0,0,0,0,0
307689,0,1,0,1,0,0,0,0,0,0,0,0
13957,0,0,0,0,1,0,0,0,0,1,0,0
29264,0,0,0,0,0,0,1,1,0,0,0,0
69987,1,0,0,1,0,0,0,0,0,0,0,0
58383,0,0,0,0,0,0,1,1,0,0,0,0
73506,1,0,0,1,0,0,0,0,0,1,0,0
60666,1,0,0,0,0,0,1,0,0,0,0,0
24316,1,0,0,0,0,0,1,0,0,1,0,0
47854,0,0,0,0,1,0,0,0,0,0,0,0
75848,0,0,0,0,0,1,0,1,0,0,0,0
101514,0,1,0,0,0,1,0,0,0,0,0,0
56299,0,0,0,0,1,0,0,0,0,0,0,0
161940,0,1,0,1,0,0,0,0,0,0,0,0
95003,0,0,0,1,0,0,0,0,0,0,0,0
398043,0,1,0,1,0,0,0,0,0,0,0,0
62146,0,0,0,0,0,1,0,0,1,0,0,0
17053,1,0,0,0,1,0,0,0,0,0,0,0
44309,0,0,0,0,0,1,0,0,0,0,0,0
32912,1,0,0,0,1,0,0,0,1,0,1,0
24365,0,0,0,0,1,0,0,0,0,0,0,0
35950,0,0,0,0,1,0,0,0,0,0,0,0
38868,1,0,0,0,0,1,0,0,0,0,0,0
168037,1,1,0,0,0,0,1,0,1,0,0,0
16829,0,0,0,0,0,1,0,0,0,0,1,0
40985,0,0,0,0,1,0,0,0,0,0,0,0
53200,1,0,0,0,1,0,0,0,1,0,0,0
52560,2,0,0,0,0,0,1,0,0,0,1,1
26001,2,0,0,0,1,0,0,0,0,0,0,0
194918,2,1,0,0,0,1,0,0,0,0,0,0
29083,1,0,0,1,0,0,0,0,0,0,0,0
169883,0,1,0,0,1,0,0,1,0,0,0,0
189403,2,1,0,0,0,0,1,0,1,0,0,0
61217,1,0,0,1,0,0,0,0,1,0,0,0
31626,0,0,0,0,0,0,1,1,0,0,0,0
58546,1,0,0,0,1,0,0,0,1,1,0,0
408433,1,1,0,0,0,1,0,0,0,0,0,0
71131,1,0,0,1,0,0,0,0,0,0,0,0
97290,0,0,0,0,0,1,0,0,0,0,0,0
39571,0,0,0,0,0,1,0,0,0,0,0,0
39108,0,0,0,0,1,0,0,0,0,0,0,0
17265,0,0,0,0,1,0,0,0,1,0,0,0
15070,0,0,0,0,1,0,0,0,0,0,0,0
65323,1,0,0,0,1,0,0,0,0,0,0,0
11380,1,0,0,0,1,0,0,0,0,0,0,0
57742,0,0,0,0,1,0,0,0,0,0,0,0
147194,0,1,0,1,0,0,0,0,0,0,0,0
49793,4,0,1,1,0,0,0,0,0,0,0,0
21749,1,0,0,0,0,1,0,0,0,0,0,0
79511,1,0,0,1,0,0,0,0,0,0,0,0
64637,1,0,0,0,0,1,0,0,0,0,0,0
7348,0,0,0,1,0,0,0,0,0,0,0,0
56773,1,0,0,0,0,1,0,0,0,0,0,0
192484,1,1,0,0,0,0,1,0,0,0,0,0
63918,0,0,0,0,0,0,1,0,0,0,1,1
57386,0,0,0,0,0,1,0,0,0,0,0,0
95327,0,0,0,0,0,0,1,1,0,0,0,0
445611,0,1,0,0,0,1,0,0,0,0,0,1
16297,1,0,0,0,1,0,0,0,0,0,0,0
39184,0,0,0,1,0,0,0,0,1,0,0,0
180843,0,1,0,0,0,1,0,1,0,0,0,0
253408,1,1,0,1,0,0,0,0,0,1,0,0
52675,0,0,0,1,0,0,0,0,0,0,0,0
59396,0,0,0,0,0,1,0,0,0,0,0,0
432038,0,1,0,0,0,1,0,0,0,0,0,0
87577,5,0,1,0,1,0,0,0,1,0,0,0
138482,1,1,0,0,1,0,0,1,0,0,0,0
21515,0,0,0,0,0,1,0,0,0,0,0,0
44838,1,0,0,0,0,1,0,1,0,0,0,0
5683,0,0,0,0,0,0,1,1,1,0,0,0
23346,1,0,0,0,0,1,0,0,0,0,0,0
13151,0,0,0,0,0,0,1,0,0,0,0,0
456660,1,1,0,0,0,0,1,0,0,0,0,0
25557,3,0,0,0,0,0,1,0,1,0,0,0
358995,0,1,0,0,0,1,0,0,0,0,0,0
10856,0,0,0,0,0,1,0,0,0,0,0,0
167453,0,1,0,0,0,0,1,1,0,1,1,1
172695,0,1,0,1,0,0,0,0,0,0,1,0
145881,2,1,0,0,1,0,0,0,1,0,0,0
69418,2,0,0,0,0,0,1,0,0,0,0,0
38496,1,0,0,0,0,1,0,0,1,0,0,0
47495,0,0,0,0,0,1,0,1,0,0,0,0
46724,0,0,0,1,0,0,0,0,0,1,1,0
58313,0,0,0,0,1,0,0,0,0,1,1,0
351650,1,1,0,0,0,0,1,0,0,0,0,0
75004,0,0,0,0,0,1,0,0,0,0,0,0
124909,1,1,0,0,0,1,0,1,0,1,1,1
5268,1,0,0,0,1,0,0,0,0,0,0,0
63350,1,0,0,1,0,0,0,0,1,0,0,0
7592,1,0,0,0,0,0,1,0,0,0,0,0
32405,0,0,0,1,0,0,0,1,0,0,0,0
96702,0,0,0,0,1,0,0,0,0,0,1,0
60982,1,0,0,0,0,0,1,1,0,1,0,0
109431,0,1,0,1,0,0,0,1,0,0,0,0
331063,0,1,0,0,0,0,1,0,0,0,0,0
228538,1,1,0,0,1,0,0,0,0,0,0,0
13523,1,0,0,1,0,0,0,0,0,0,0,0
58884,0,0,0,0,0,0,1,0,0,0,0,0
30228,0,0,0,0,0,0,1,0,0,0,0,0
10776,0,0,0,0,1,0,0,0,0,0,0,0
471413,0,1,0,0,0,1,0,0,0,0,0,0
124767,0,1,0,0,1,0,0,0,0,0,0,0
10530,0,0,0,1,0,0,0,1,0,0,0,0
80881,0,0,0,0,1,0,0,0,0,0,0,0
39340,1,0,0,0,0,1,0,0,0,0,0,0
32556,0,0,0,1,0,0,0,0,0,1,0,0
105124,0,1,0,0,1,0,0,0,0,0,0,0
11980,1,0,0,0,1,0,0,0,0,0,0,0
71736,0,0,0,0,1,0,0,0,0,0,0,0
31607,0,0,0,1,0,0,0,0,0,0,0,0
73002,0,0,0,1,0,0,0,0,0,0,0,0
14946,0,0,0,0,0,0,1,0,1,0,0,0
48154,0,0,0,0,1,0,0,0,0,0,0,0
182646,5,1,1,0,0,1,0,0,0,0,0,0
72610,0,0,0,0,1,0,0,0,0,0,0,0
78196,0,0,0,0,0,0,1,0,0,0,0,0
170507,0,1,0,0,0,0,1,0,0,0,0,0
307062,3,1,0,0,0,0,1,0,0,0,0,0
69043,0,0,0,0,1,0,0,0,1,0,0,0
58852,0,0,0,0,1,0,0,1,0,0,0,0
45673,0,0,0,0,0,0,1,0,0,1,0,0
10122,1,0,0,0,0,0,1,0,0,0,0,0
61633,0,0,0,0,0,0,1,1,0,1,0,0
33476,2,0,0,1,0,0,0,0,0,0,0,0
14593,1,0,0,1,0,0,0,0,0,0,0,0
65849,0,0,0,0,0,1,0,0,0,0,0,0
21272,0,0,0,1,0,0,0,0,0,0,0,0
186366,0,1,0,1,0,0,0,0,0,0,0,0
36265,0,0,0,0,1,0,0,0,0,0,1,0
85768,0,0,0,0,1,0,0,0,0,1,0,0
57709,1,0,0,0,0,1,0,0,0,0,0,0
253379,1,1,0,0,0,0,1,0,1,1,0,0
46676,5,0,1,0,0,1,0,0,0,0,0,0
61164,1,0,0,1,0,0,0,0,0,0,0,0
46620,1,0,0,0,0,1,0,0,0,0,0,0
171262,1,1,0,0,1,0,0,0,0,0,0,0
265830,0,1,0,0,1,0,0,0,0,0,0,1
44728,0,0,0,0,1,0,0,0,0,0,0,0
61810,1,0,0,0,0,0,1,0,0,0,0,0
65771,0,0,0,0,1,0,0,0,0,0,0,0
59502,3,0,0,0,0,1,0,1,0,1,1,1
62186,3,0,0,0,1,0,0,0,0,0,0,0
52371,1,0,0,0,1,0,0,0,0,0,0,0
17098,1,0,0,0,1,0,0,1,0,0,0,0
58950,1,0,0,0,0,0,1,1,0,0,0,0
5841,5,0,1,0,0,0,1,0,0,0,0,0
70878,3,0,0,0,1,0,0,0,0,0,0,0
101774,0,1,0,1,0,0,0,0,0,0,0,0
10486,0,0,0,1,0,0,0,0,0,0,0,0
49967,4,0,1,0,0,1,0,1,0,1,0,1
21108,2,0,0,0,1,0,0,0,0,0,0,0
52212,2,0,0,0,0,1,0,1,0,0,0,0
118517,1,1,0,1,0,0,0,0,1,0,0,0
63495,3,0,0,0,0,0,1,0,0,0,0,0
180441,0,1,0,0,0,1,0,0,0,1,0,1
233904,1,1,0,0,1,0,0,0,0,0,0,0
16683,0,0,0,0,0,1,0,0,0,0,0,0
135535,0,1,0,0,1,0,0,0,0,0,0,0
145514,1,1,0,0,0,1,0,0,0,0,0,0
54375,0,0,0,0,1,0,0,0,0,1,1,0
25865,5,0,1,0,0,0,1,0,0,0,0,0
47391,1,0,0,0,0,0,1,0,0,0,0,0
81197,0,0,0,0,1,0,0,1,0,1,1,0
11877,0,0,0,0,0,0,1,0,0,0,0,0
54200,1,0,0,0,1,0,0,1,0,0,0,0
20997,0,0,0,1,0,0,0,0,0,1,0,0
21414,0,0,0,0,0,0,1,0,1,0,0,0
107192,3,1,0,1,0,0,0,1,0,0,0,1
9588,0,0,0,1,0,0,0,0,0,1,0,0
63316,0,0,0,0,0,1,0,0,0,0,0,0
489444,0,1,0,0,1,0,0,0,0,0,0,0
275101,0,1,0,0,0,0,1,0,0,0,0,0
427345,0,1,0,0,0,1,0,1,0,0,0,0
99179,2,0,0,0,0,1,0,0,0,0,0,0
50731,1,0,0,0,0,0,1,1,0,0,0,0
21721,0,0,0,0,0,0,1,0,0,0,0,0
103999,0,1,0,0,0,0,1,0,0,0,0,0
190788,0,1,0,0,0,0,1,0,0,0,1,0
22881,0,0,0,0,0,0,1,0,1,0,0,0
74220,1,0,0,0,0,1,0,0,0,0,0,0
421628,0,1,0,0,0,1,0,0,1,0,0,0
79559,0,0,0,0,1,0,0,1,1,0,0,0
19046,0,0,0,0,0,1,0,1,0,0,0,0
37785,0,0,0,0,0,0,1,0,0,0,0,0
80761,0,0,0,0,0,1,0,1,0,0,0,0
339355,0,1,0,0,0,0,1,0,0,0,0,0
19139,1,0,0,0,0,0,1,0,0,0,0,0
41991,0,0,0,0,0,0,1,0,0,0,0,0
18508,1,0,0,0,0,0,1,0,0,0,1,1
11678,0,0,0,0,1,0,0,0,0,0,0,0
51009,1,0,0,0,0,1,0,0,0,0,0,0
38064,3,0,0,1,0,0,0,0,0,0,0,0
41168,0,0,0,0,0,1,0,0,0,0,0,0
379777,0,1,0,1,0,0,0,0,0,0,0,0
20391,2,0,0,0,0,0,1,0,0,0,0,0
132100,0,1,0,0,1,0,0,0,0,0,0,0
33548,0,0,0,1,0,0,0,0,1,0,0,0
10978,0,0,0,1,0,0,0,0,0,0,1,0
53380,0,0,0,1,0,0,0,1,0,0,1,0
41659,0,0,0,0,0,1,0,1,0,0,0,0
40231,0,0,0,0,0,0,1,0,0,0,0,0
28083,0,0,0,0,1,0,0,0,0,0,0,0
64640,2,0,0,1,0,0,0,1,0,0,0,0
164473,2,1,0,1,0,0,0,0,0,0,1,0
91136,0,0,0,0,0,1,0,0,0,0,0,0
10836,0,0,0,1,0,0,0,0,0,1,0,0
401716,1,1,0,0,1,0,0,0,1,0,0,1
244461,2,1,0,0,0,1,0,0,0,0,0,0
70437,1,0,0,1,0,0,0,1,0,0,0,0
94832,0,0,0,0,0,0,1,1,0,0,0,0
48707,0,0,0,0,0,0,1,1,1,0,0,0
33748,1,0,0,0,0,0,1,0,0,0,0,0
23892,1,0,0,0,1,0,0,0,1,0,0,0
171242,3,1,0,0,0,0,1,0,0,0,0,0
59590,0,0,0,1,0,0,0,0,0,0,0,0
12864,2,0,0,0,0,1,0,0,0,0,0,0
135531,2,1,0,0,0,1,0,0,0,0,0,0
141398,0,1,0,1,0,0,0,0,0,0,0,0
41989,0,0,0,0,0,1,0,0,0,0,0,0
68413,0,0,0,1,0,0,0,0,1,0,0,0
251055,0,1,0,0,0,1,0,1,0,0,0,0
15322,2,0,0,0,1,0,0,0,0,0,1,0
22196,0,0,0,0,0,1,0,0,0,0,0,0
6958,0,0,0,0,0,0,1,1,0,0,0,0
28486,1,0,0,0,0,1,0,0,1,0,1,0
21906,0,0,0,0,0,1,0,0,0,0,0,0
112088,1,1,0,1,0,0,0,0,0,0,0,0
75138,2,0,0,0,0,1,0,0,0,1,0,1
67419,0,0,0,0,0,0,1,0,0,0,0,0
142050,0,1,0,0,0,1,0,0,0,0,0,0
148783,0,1,0,0,0,0,1,1,0,1,0,0
26061,3,0,0,0,0,0,1,0,1,0,0,0
65117,2,0,0,0,0,1,0,0,0,0,0,0
29596,0,0,0,1,0,0,0,0,0,0,1,0
45234,0,0,0,1,0,0,0,1,0,0,0,0
53905,0,0,0,0,1,0,0,0,0,0,0,0
7153,1,0,0,1,0,0,0,0,0,0,0,0
20007,0,0,0,0,0,0,1,0,0,0,0,0
39668,0,0,0,0,0,1,0,1,1,1,0,0
79997,4,0,1,0,0,1,0,0,0,0,1,0
46697,0,0,0,0,1,0,0,0,0,0,0,0
8360,0,0,0,0,1,0,0,0,0,0,0,0
34065,0,0,0,0,0,1,0,0,0,0,0,0
21080,0,0,0,1,0,0,0,0,0,0,0,0
15002,0,0,0,0,0,0,1,0,0,0,0,0
49932,5,0,1,1,0,0,0,1,0,0,0,0
52826,0,0,0,0,1,0,0,0,0,0,0,0
69985,0,0,0,0,0,1,0,1,1,0,1,0
31978,3,0,0,0,0,1,0,0,0,0,0,0
13423,0,0,0,0,0,1,0,1,1,0,0,0
29368,0,0,0,0,0,1,0,0,0,0,0,0
153615,0,1,0,0,0,1,0,0,0,0,0,0
46958,0,0,0,0,0,0,1,0,0,0,0,0
5609,2,0,0,1,0,0,0,0,0,0,0,0
116002,0,1,0,0,0,0,1,0,0,0,0,0
160999,0,1,0,1,0,0,0,0,0,0,0,0
150458,4,1,1,0,0,1,0,0,0,0,0,0
46855,2,0,0,0,0,0,1,0,0,0,0,0
143269,0,1,0,0,0,1,0,0,0,0,0,0
33329,0,0,0,1,0,0,0,0,0,0,0,0
93849,2,0,0,0,1,0,0,0,0,0,0,0
253511,0,1,0,0,0,1,0,1,0,0,0,0
244075,0,1,0,1,0,0,0,0,0,0,0,0
29831,0,0,0,0,0,0,1,0,0,0,1,1
36295,0,0,0,1,0,0,0,0,0,0,0,0
42745,1,0,0,0,0,1,0,0,0,0,0,0
98590,3,0,0,0,0,1,0,0,0,0,0,0
37441,0,0,0,1,0,0,0,0,0,0,0,0
50977,5,0,1,0,0,1,0,0,0,0,0,0
58781,2,0,0,1,0,0,0,0,0,0,0,0
40903,2,0,0,0,0,0,1,0,0,0,0,0
10387,0,0,0,0,0,1,0,0,0,0,0,0
24690,0,0,0,0,1,0,0,0,0,0,0,0
45084,0,0,0,1,0,0,0,0,0,0,0,0
98696,4,0,1,1,0,0,0,0,1,0,0,0
27715,0,0,0,0,0,1,0,0,0,0,0,0
54278,1,0,0,0,0,0,1,0,0,0,0,0
78257,0,0,0,0,0,0,1,0,0,0,0,0
56466,0,0,0,0,0,1,0,0,0,0,0,0
12977,0,0,0,0,0,0,1,0,0,0,0,0
45749,1,0,0,0,1,0,0,1,0,0,0,0
71296,0,0,0,0,0,0,1,0,0,0,0,0
7838,0,0,0,1,0,0,0,0,0,0,0,0
41068,0,0,0,0,0,0,1,0,0,0,0,0
63258,0,0,0,1,0,0,0,1,1,0,0,0
73820,0,0,0,0,1,0,0,0,0,0,0,0
68405,0,0,0,0,0,0,1,0,0,0,0,0
8869,2,0,0,0,0,0,1,0,0,0,1,1
130342,1,1,0,0,1,0,0,0,0,0,0,0
63918,0,0,0,0,0,1,0,1,0,0,0,0
8177,1,0,0,0,1,0,0,0,0,0,0,0
32194,0,0,0,0,0,0,1,0,0,0,0,0
70367,0,0,0,0,0,1,0,0,0,0,0,0
239204,0,1,0,0,1,0,0,0,0,0,0,0
39194,0,0,0,1,0,0,0,1,0,0,0,0
14275,3,0,0,1,0,0,0,0,0,0,0,0
44769,1,0,0,0,0,1,0,1,0,0,0,0
54444,1,0,0,1,0,0,0,0,0,0,0,0
17057,0,0,0,1,0,0,0,0,0,0,0,0
50831,1,0,0,0,0,1,0,1,1,0,0,0
192559,0,1,0,0,0,1,0,0,1,0,0,0
58848,1,0,0,1,0,0,0,0,0,0,0,0
35815,1,0,0,0,1,0,0,0,0,0,0,0
55146,0,0,0,0,0,0,1,0,0,0,0,0
337642,1,1,0,0,0,1,0,0,0,0,0,0
150092,0,1,0,0,0,1,0,0,0,1,0,1
37759,1,0,0,0,0,1,0,0,0,0,0,0
191095,0,1,0,0,0,1,0,0,0,0,0,0
77279,0,0,0,1,0,0,0,0,0,0,0,0
10046,0,0,0,0,1,0,0,0,0,0,1,0
10863,1,0,0,0,0,1,0,0,0,0,0,0
98753,0,0,0,0,0,0,1,0,0,0,0,0
213387,0,1,0,0,0,1,0,0,0,0,0,0
15281,3,0,0,0,1,0,0,1,1,0,0,0
73740,0,0,0,1,0,0,0,0,0,0,0,0
63328,1,0,0,1,0,0,0,1,0,0,0,0
21420,2,0,0,0,1,0,0,0,1,0,0,1
24450,0,0,0,0,0,0,1,0,0,0,0,0
189295,0,1,0,0,1,0,0,0,1,0,0,0
95601,0,0,0,0,1,0,0,0,0,0,1,0
67535,1,0,0,0,0,0,1,0,0,0,0,0
41608,3,0,0,0,0,0,1,0,0,0,0,0
28385,3,0,0,0,0,0,1,0,1,0,0,0
62529,0,0,0,0,0,1,0,0,1,0,0,0
10209,3,0,0,0,1,0,0,0,0,0,1,0
64486,0,0,0,0,0,0,1,0,0,0,1,1
177553,1,1,0,0,0,1,0,0,0,0,0,0
73327,0,0,0,1,0,0,0,0,0,0,0,0
68505,1,0,0,0,0,1,0,0,0,0,0,0
85087,0,0,0,0,1,0,0,0,0,0,0,0
69254,1,0,0,0,0,1,0,0,0,0,0,0
65913,3,0,0,0,0,0,1,0,0,0,0,0
33194,2,0,0,0,0,1,0,0,0,0,0,0
33697,0,0,0,0,0,1,0,0,0,0,1,0
7610,3,0,0,0,1,0,0,0,0,0,0,0
131842,2,1,0,0,1,0,0,0,0,0,0,0
68556,0,0,0,1,0,0,0,0,0,0,0,0
90030,0,0,0,0,0,1,0,0,0,0,0,0
192630,0,1,0,0,1,0,0,0,0,0,0,0
494123,0,1,0,0,1,0,0,0,0,0,1,0
8262,0,0,0,1,0,0,0,0,0,0,0,0
15995,0,0,0,0,0,0,1,0,0,0,0,0
115146,1,1,0,0,0,0,1,0,0,0,0,0
423190,1,1,0,1,0,0,0,0,0,0,0,0
76707,0,0,0,0,0,0,1,0,0,0,0,0
73583,1,0,0,0,1,0,0,0,1,0,1,0
59565,0,0,0,0,0,0,1,0,1,0,0,0
13751,0,0,0,0,0,0,1,0,0,0,0,0
494184,0,1,0,0,0,0,1,0,0,0,0,0
41338,3,0,0,0,0,0,1,0,0,0,0,0
122380,0,1,0,0,0,0,1,1,0,0,0,0
126529,0,1,0,0,0,0,1,0,0,1,0,0
78125,2,0,0,0,0,1,0,0,0,0,0,0
28462,2,0,0,0,1,0,0,1,0,0,0,0
9394,1,0,0,1,0,0,0,0,0,0,0,0
67055,1,0,0,0,0,0,1,0,0,0,0,0
20653,0,0,0,0,1,0,0,0,0,0,0,0
156919,1,1,0,0,1,0,0,0,0,0,0,0
63117,0,0,0,0,0,1,0,0,0,0,0,0
16284,0,0,0,0,0,1,0,0,0,0,0,0
37339,0,0,0,0,0,1,0,0,1,0,0,0
29673,0,0,0,0,0,1,0,0,1,0,0,0
55551,0,0,0,0,1,0,0,0,1,0,0,0
32619,0,0,0,0,0,1,0,0,0,0,0,0
18711,1,0,0,1,0,0,0,1,0,0,0,0
137541,1,1,0,0,1,0,0,0,0,0,0,0
35710,1,0,0,0,0,1,0,1,0,0,0,0
171439,3,1,0,0,0,1,0,0,1,0,0,0
65370,0,0,0,0,0,0,1,0,0,0,0,0
25883,0,0,0,0,0,1,0,0,0,0,0,0
97501,0,0,0,0,0,1,0,0,0,0,0,0
70726,1,0,0,0,0,1,0,0,0,0,0,0
42350,0,0,0,0,1,0,0,0,0,0,0,0
18291,1,0,0,0,0,1,0,0,0,0,0,0
12144,0,0,0,0,0,0,1,0,0,0,1,1
55262,2,0,0,0,0,0,1,0,0,0,0,0
140325,0,1,0,1,0,0,0,1,0,0,0,1
47550,0,0,0,0,0,0,1,0,0,0,0,0
125270,4,1,1,0,0,0,1,1,1,0,0,0
44581,0,0,0,1,0,0,0,0,1,0,1,0
469504,0,1,0,0,0,1,0,0,0,0,0,0
10995,1,0,0,0,0,1,0,1,0,0,0,0
34468,0,0,0,0,0,1,0,0,0,0,0,0
206588,0,1,0,0,0,0,1,0,0,0,0,0
78574,4,0,1,1,0,0,0,0,1,0,0,0
59446,4,0,1,0,0,1,0,0,0,0,0,0
19500,0,0,0,0,1,0,0,0,0,0,0,0
74796,0,0,0,0,0,1,0,1,0,1,0,1
166008,0,1,0,0,0,1,0,1,0,0,0,0
370404,1,1,0,0,0,0,1,0,0,0,0,0
36367,0,0,0,0,1,0,0,1,1,0,0,0
292734,4,1,1,0,0,0,1,0,0,0,0,0
89222,1,0,0,0,0,0,1,1,1,0,0,0
57218,1,0,0,1,0,0,0,0,0,0,0,0
155997,1,1,0,0,0,1,0,0,0,0,0,0
69431,1,0,0,1,0,0,0,0,0,0,0,0
53608,0,0,0,0,0,1,0,0,0,0,0,0
113725,1,1,0,0,0,1,0,0,0,0,0,0
281724,0,1,0,0,1,0,0,0,0,0,0,0
13487,0,0,0,1,0,0,0,0,0,0,0,0
190853,1,1,0,1,0,0,0,0,0,0,0,0
229346,0,1,0,1,0,0,0,0,0,0,0,1
29905,1,0,0,0,0,1,0,1,1,0,0,0
14575,0,0,0,1,0,0,0,0,0,0,0,0
138017,1,1,0,1,0,0,0,0,0,0,0,0
44274,0,0,0,0,0,0,1,0,0,0,0,0
28435,0,0,0,0,0,0,1,0,0,0,0,0
74520,0,0,0,0,0,1,0,0,1,0,0,0
72694,5,0,1,0,1,0,0,0,0,0,0,0
60744,0,0,0,0,0,1,0,0,0,0,1,0
38545,0,0,0,0,1,0,0,0,0,0,0,0
26026,0,0,0,1,0,0,0,0,0,1,0,0
396617,0,1,0,0,0,1,0,0,0,0,0,0
31213,0,0,0,0,1,0,0,0,0,0,0,0
389388,2,1,0,0,0,1,0,0,0,0,0,0
58841,0,0,0,1,0,0,0,0,0,1,0,0
144488,0,1,0,0,0,1,0,0,0,1,0,1
30020,1,0,0,0,0,0,1,0,0,0,0,0
61675,2,0,0,0,0,1,0,0,0,0,0,0
31257,1,0,0,0,0,1,0,0,0,0,0,0
150788,0,1,0,1,0,0,0,0,0,0,0,0
62624,0,0,0,1,0,0,0,1,0,0,0,0
72698,0,0,0,0,1,0,0,0,0,0,0,0
71680,0,0,0,0,0,1,0,0,0,0,0,0
16069,1,0,0,0,0,1,0,0,0,0,0,0
25415,0,0,0,1,0,0,0,0,0,0,0,0
186210,1,1,0,0,1,0,0,0,1,0,0,0
123461,0,1,0,1,0,0,0,0,0,0,0,0
34189,0,0,0,1,0,0,0,1,0,0,0,0
66536,2,0,0,1,0,0,0,0,0,0,0,0
22014,1,0,0,0,1,0,0,0,0,0,0,0
65574,1,0,0,0,0,1,0,0,0,0,0,0
30938,4,0,1,0,0,0,1,0,0,0,0,0
33159,0,0,0,0,0,0,1,0,0,0,0,0
49875,1,0,0,0,0,0,1,0,0,1,1,1
50563,0,0,0,0,0,1,0,0,1,1,0,1
51391,0,0,0,1,0,0,0,0,0,0,0,0
26710,1,0,0,0,1,0,0,1,0,1,0,0
141342,0,1,0,0,0,0,1,0,0,0,1,1
26004,1,0,0,0,1,0,0,0,1,0,0,1
57617,0,0,0,0,0,1,0,0,1,0,0,0
158439,0,1,0,1,0,0,0,0,0,0,0,0
66148,0,0,0,0,0,1,0,0,0,0,1,0
136685,0,1,0,0,0,0,1,0,0,0,0,0
18255,1,0,0,0,0,1,0,0,0,0,0,0
19129,0,0,0,0,0,0,1,0,1,1,0,0
62703,2,0,0,1,0,0,0,0,0,0,0,0
59020,1,0,0,0,0,1,0,0,0,0,0,0
101049,0,1,0,0,0,1,0,0,0,0,0,0
34828,0,0,0,0,0,1,0,0,1,0,0,0
62379,2,0,0,0,0,0,1,0,1,0,0,0
14952,0,0,0,0,1,0,0,0,0,0,0,0
15775,0,0,0,0,0,1,0,0,0,0,0,0
137718,1,1,0,0,1,0,0,0,0,0,0,0
72970,0,0,0,0,1,0,0,0,0,0,0,0
51802,0,0,0,0,1,0,0,0,0,0,0,0
174052,1,1,0,0,1,0,0,1,0,0,0,0
63781,0,0,0,0,1,0,0,0,0,0,0,0
22479,4,0,1,0,0,0,1,0,0,0,0,0
159900,0,1,0,0,0,1,0,0,0,0,0,0
69877,1,0,0,1,0,0,0,0,0,1,0,0
45789,0,0,0,0,0,1,0,0,1,0,1,0
148664,0,1,0,0,0,0,1,1,0,0,0,0
154459,0,1,0,1,0,0,0,1,1,0,0,0
62763,1,0,0,0,0,1,0,1,0,0,0,0
256505,0,1,0,0,0,1,0,0,0,0,1,0
95254,1,0,0,0,0,0,1,0,0,0,0,0
199232,1,1,0,0,0,0,1,0,0,0,0,0
22757,0,0,0,0,1,0,0,0,1,0,0,0
42643,1,0,0,0,0,0,1,0,0,0,0,0
44707,0,0,0,1,0,0,0,0,0,0,0,0
29340,2,0,0,1,0,0,0,0,0,0,1,0
202484,2,1,0,1,0,0,0,0,1,1,0,1
38840,2,0,0,0,1,0,0,0,0,0,0,0
29837,1,0,0,0,0,0,1,0,0,0,0,0
75377,0,0,0,0,0,0,1,1,0,0,0,0
490848,1,1,0,0,1,0,0,0,0,0,0,0
53614,0,0,0,1,0,0,0,0,0,0,0,0
37873,2,0,0,0,1,0,0,0,0,0,0,0
62741,0,0,0,0,0,0,1,0,0,1,0,0
122160,0,1,0,0,1,0,0,0,0,0,0,0
14689,0,0,0,1,0,0,0,0,0,0,0,0
25072,0,0,0,0,0,0,1,1,0,0,0,0
98872,0,0,0,0,0,0,1,0,0,0,1,0
138181,3,1,0,0,0,0,1,0,0,0,0,0
45225,0,0,0,0,0,0,1,0,0,0,0,0
72829,0,0,0,0,1,0,0,1,0,0,0,0
46483,0,0,0,0,1,0,0,1,0,1,0,0
227657,0,1,0,1,0,0,0,0,1,0,0,0
27966,0,0,0,0,0,0,1,0,0,0,0,0
37688,4,0,1,0,0,1,0,1,0,0,0,0
499845,0,1,0,0,0,1,0,1,1,0,0,0
94545,4,0,1,0,0,0,1,1,0,1,0,0
41732,4,0,1,0,0,1,0,0,1,0,0,0
48636,0,0,0,0,0,0,1,0,1,0,0,0
48992,0,0,0,0,0,1,0,0,1,0,0,0
168055,0,1,0,1,0,0,0,0,0,0,0,0
36056,1,0,0,0,1,0,0,1,0,0,0,0
48371,1,0,0,0,0,0,1,0,0,0,0,0
15408,0,0,0,0,1,0,0,0,0,0,0,0
71530,0,0,0,1,0,0,0,0,0,0,0,0
109847,0,1,0,0,0,1,0,0,0,0,0,0
26137,0,0,0,0,0,1,0,0,0,0,0,0
52379,1,0,0,0,0,1,0,0,1,0,0,0
29941,0,0,0,0,0,1,0,0,0,0,0,0
130536,0,1,0,0,1,0,0,0,0,0,0,0
29105,0,0,0,0,1,0,0,0,0,0,0,0
70422,0,0,0,0,1,0,0,1,0,0,0,0
134571,0,1,0,0,0,0,1,1,0,0,0,0
193258,0,1,0,0,0,1,0,0,0,0,0,0
152744,0,1,0,0,0,0,1,0,0,0,0,0
66571,2,0,0,0,1,0,0,0,0,0,0,0
56062,1,0,0,0,0,1,0,0,0,0,0,0
40750,3,0,0,0,0,0,1,0,0,0,0,0
71077,0,0,0,0,1,0,0,0,0,0,0,0
99348,0,0,0,0,0,0,1,0,0,0,0,0
47310,3,0,0,0,1,0,0,0,1,0,0,0
47809,1,0,0,0,0,1,0,0,0,0,0,0
18402,0,0,0,1,0,0,0,1,0,0,0,0
56903,1,0,0,0,0,0,1,0,0,0,0,0
34559,0,0,0,1,0,0,0,0,0,0,0,0
59386,0,0,0,0,0,1,0,0,0,0,0,0
24956,0,0,0,0,1,0,0,1,0,0,0,0
131463,0,1,0,0,0,1,0,0,0,0,0,0
79738,1,0,0,0,1,0,0,0,0,0,0,0
8121,0,0,0,0,0,1,0,0,0,1,0,1
451750,0,1,0,0,1,0,0,0,1,0,0,0
54993,1,0,0,1,0,0,0,1,0,0,0,0
197771,0,1,0,0,0,1,0,0,0,0,0,0
35776,0,0,0,1,0,0,0,1,0,0,0,0
61687,1,0,0,1,0,0,0,0,1,0,0,0
40646,3,0,0,0,0,1,0,0,0,0,0,0
177324,0,1,0,0,1,0,0,0,0,0,0,0
57662,0,0,0,0,0,1,0,1,0,0,0,0
123621,2,1,0,0,0,1,0,0,0,0,0,0
155195,0,1,0,0,1,0,0,0,0,0,0,0
77148,1,0,0,1,0,0,0,0,0,0,0,0
51023,1,0,0,0,0,0,1,0,1,0,0,0
14464,1,0,0,0,0,0,1,0,0,0,0,0
14350,0,0,0,0,1,0,0,0,0,0,0,0
10488,1,0,0,0,0,0,1,1,0,0,0,0
457062,5,1,1,0,0,1,0,0,0,0,0,0
45607,0,0,0,0,0,0,1,0,0,0,1,1
79062,0,0,0,0,1,0,0,1,0,0,0,0
48439,0,0,0,1,0,0,0,0,1,0,0,0
69664,0,0,0,0,1,0,0,0,0,0,0,0
73835,2,0,0,0,0,0,1,0,0,0,0,0
71468,2,0,0,0,0,1,0,1,0,0,0,0
29315,0,0,0,0,0,0,1,0,0,0,0,0
39850,0,0,0,1,0,0,0,0,0,0,0,0
55837,0,0,0,0,1,0,0,0,0,0,0,0
59199,1,0,0,0,1,0,0,0,0,0,0,0
34454,1,0,0,0,0,1,0,0,0,0,0,0
9051,0,0,0,1,0,0,0,0,0,0,0,0
192116,3,1,0,0,0,1,0,0,0,0,0,0
40553,2,0,0,0,0,1,0,0,0,0,0,0
60554,1,0,0,0,0,0,1,0,0,0,0,0
27729,0,0,0,0,0,0,1,0,0,0,0,0
40486,2,0,0,0,0,0,1,0,0,0,1,1
438425,2,1,0,0,0,1,0,0,1,0,0,0
46044,0,0,0,0,0,0,1,0,0,0,0,0
79261,0,0,0,0,0,0,1,0,1,0,0,0
99884,0,0,0,0,0,1,0,0,0,0,1,0
96326,0,0,0,0,0,1,0,0,0,0,0,0
55685,0,0,0,0,0,0,1,0,0,0,0,0
69424,0,0,0,0,0,1,0,1,0,0,0,0
57953,0,0,0,0,0,0,1,0,0,0,1,0
13479,0,0,0,0,1,0,0,0,0,0,0,0
53050,2,0,0,0,0,1,0,0,0,0,0,0
25808,0,0,0,0,1,0,0,0,0,0,0,0
45841,0,0,0,0,1,0,0,0,0,0,0,0
30609,1,0,0,0,1,0,0,0,0,0,0,0
29485,0,0,0,0,1,0,0,0,0,0,0,0
111709,2,1,0,0,1,0,0,0,0,0,0,0
42644,0,0,0,0,0,0,1,0,0,0,1,1
148612,2,1,0,0,0,0,1,0,0,0,0,0
44258,0,0,0,0,0,0,1,0,0,0,0,0
44580,0,0,0,0,1,0,0,0,1,0,0,0
24075,2,0,0,1,0,0,0,1,0,1,0,0
67843,0,0,0,0,0,0,1,0,0,1,0,0
57876,0,0,0,0,0,1,0,0,0,0,0,0
76826,1,0,0,1,0,0,0,0,0,0,0,0
105733,0,1,0,0,1,0,0,0,0,0,0,0
79473,0,0,0,0,1,0,0,1,0,0,0,0
65241,1,0,0,0,0,0,1,0,0,1,0,0
73163,1,0,0,0,0,1,0,0,0,0,1,0
44366,1,0,0,0,0,0,1,0,1,0,0,0
57409,0,0,0,0,0,1,0,0,0,1,1,1
67019,5,0,1,0,0,0,1,1,0,1,0,0
26613,0,0,0,0,1,0,0,0,0,0,0,0
201094,0,1,0,0,1,0,0,0,0,1,0,0
15793,4,0,1,0,0,1,0,0,0,0,0,0
117282,0,1,0,1,0,0,0,0,0,0,0,0
66952,1,0,0,0,0,1,0,0,0,0,0,0
24493,1,0,0,0,1,0,0,0,0,1,0,0
137060,0,1,0,0,1,0,0,1,0,0,0,0
38053,0,0,0,1,0,0,0,0,0,0,0,0
497045,2,1,0,0,0,1,0,0,0,0,0,0
306040,1,1,0,0,0,0,1,0,0,0,0,0
48583,1,0,0,0,1,0,0,1,0,0,0,0
64826,0,0,0,0,0,1,0,0,0,0,0,0
44358,2,0,0,0,1,0,0,1,1,0,0,0
14975,1,0,0,1,0,0,0,0,1,0,0,0
77398,0,0,0,0,1,0,0,0,0,0,0,0
210847,0,1,0,0,1,0,0,1,0,0,0,0
76082,1,0,0,0,0,1,0,0,0,0,0,0
124240,0,1,0,1,0,0,0,0,0,0,0,0
151474,3,1,0,0,0,0,1,0,1,0,0,0
51056,0,0,0,0,1,0,0,1,0,0,0,0
318882,1,1,0,1,0,0,0,1,0,0,0,1
53829,1,0,0,0,0,1,0,0,0,0,0,0
77299,1,0,0,0,0,0,1,0,0,0,0,0
44348,1,0,0,1,0,0,0,1,0,0,1,0
133329,0,1,0,0,0,1,0,1,0,1,0,0
21217,0,0,0,0,0,1,0,0,0,0,0,0
166232,0,1,0,0,0,1,0,1,0,0,0,0
202102,0,1,0,1,0,0,0,0,0,0,0,1
79581,1,0,0,0,1,0,0,0,1,0,0,1
29582,0,0,0,0,0,1,0,0,0,0,1,0
21337,1,0,0,0,0,1,0,0,0,0,0,0
330432,0,1,0,1,0,0,0,0,1,0,0,0
188785,1,1,0,0,1,0,0,0,0,0,0,0
31417,2,0,0,0,0,1,0,0,0,0,0,0
65762,0,0,0,0,0,1,0,0,1,0,0,0
74414,0,0,0,1,0,0,0,0,0,0,1,0
22496,0,0,0,0,1,0,0,0,0,0,0,0
40626,2,0,0,0,0,1,0,0,0,0,0,0
74248,0,0,0,0,1,0,0,1,0,0,0,0
40643,0,0,0,0,0,1,0,0,0,0,0,0
69638,0,0,0,0,1,0,0,1,0,0,0,0
76901,0,0,0,1,0,0,0,0,0,0,0,0
92252,0,0,0,0,0,0,1,0,0,0,0,0
456664,1,1,0,1,0,0,0,0,0,0,0,0
152913,1,1,0,0,0,1,0,0,0,0,0,0
43666,0,0,0,0,1,0,0,0,0,0,0,0
13292,1,0,0,0,0,0,1,0,0,0,0,0
19213,0,0,0,1,0,0,0,0,0,0,0,0
157892,0,1,0,0,1,0,0,0,1,0,0,0
43736,0,0,0,1,0,0,0,0,1,0,0,0
56721,2,0,0,1,0,0,0,0,0,0,0,0
77388,0,0,0,1,0,0,0,0,0,0,0,0
16715,0,0,0,0,1,0,0,0,0,0,1,0
181620,1,1,0,1,0,0,0,0,0,0,0,0
75651,1,0,0,1,0,0,0,0,0,1,0,0
16146,0,0,0,0,0,1,0,0,0,0,0,0
66456,0,0,0,1,0,0,0,0,0,0,0,0
58108,0,0,0,0,0,1,0,0,0,1,0,0
152422,1,1,0,0,0,0,1,0,0,0,0,0
12957,0,0,0,0,1,0,0,0,0,0,0,0
293032,0,1,0,0,0,1,0,0,0,0,0,0
23546,1,0,0,0,1,0,0,0,0,0,0,0
97106,0,0,0,0,0,0,1,0,0,1,0,0
53977,1,0,0,0,0,0,1,1,0,0,0,0
66581,0,0,0,1,0,0,0,0,0,1,0,0
116101,0,1,0,0,1,0,0,1,0,0,1,0
51538,0,0,0,0,1,0,0,0,0,0,0,0
183202,0,1,0,0,0,0,1,0,1,0,0,0
192042,0,1,0,1,0,0,0,0,0,1,0,0
29225,0,0,0,1,0,0,0,0,1,0,0,0
48758,0,0,0,0,1,0,0,0,0,0,0,0
50323,0,0,0,0,0,0,1,0,0,0,0,0
67566,0,0,0,0,1,0,0,0,0,0,0,0
48934,0,0,0,0,1,0,0,0,0,0,0,0
124235,0,1,0,1,0,0,0,1,0,0,0,0
87259,0,0,0,0,1,0,0,0,0,0,0,0
113295,2,1,0,0,1,0,0,0,1,0,0,0
73746,1,0,0,0,1,0,0,0,1,0,1,0
77127,1,0,0,0,0,1,0,0,0,0,0,0
11224,0,0,0,1,0,0,0,1,0,0,0,0
60146,1,0,0,0,1,0,0,0,0,0,0,0
79548,0,0,0,0,0,1,0,0,0,0,1,0
23519,1,0,0,0,1,0,0,0,0,0,0,0
216001,1,1,0,0,0,0,1,0,0,0,0,0
78551,1,0,0,0,1,0,0,0,1,1,1,0
76991,1,0,0,0,0,0,1,0,0,0,0,0
14542,2,0,0,0,0,1,0,0,0,0,0,0
30171,1,0,0,1,0,0,0,0,0,0,0,0
72357,0,0,0,0,1,0,0,0,0,0,0,0
123888,1,1,0,0,1,0,0,0,0,0,0,0
58449,1,0,0,0,0,1,0,1,0,0,0,0
41896,0,0,0,0,0,0,1,0,1,0,0,0
144499,1,1,0,1,0,0,0,0,1,0,0,0
30594,0,0,0,0,0,1,0,0,0,0,0,0
15374,0,0,0,1,0,0,0,0,1,0,0,0
69978,0,0,0,0,0,1,0,1,0,0,0,0
122339,0,1,0,0,1,0,0,1,0,0,0,0
75016,0,0,0,1,0,0,0,0,0,0,0,0
157200,0,1,0,0,0,0,1,0,0,1,0,0
60839,2,0,0,0,0,0,1,0,0,0,0,0
212015,0,1,0,0,0,0,1,0,0,1,0,0
58095,0,0,0,0,0,0,1,0,0,0,0,0
25868,0,0,0,0,0,1,0,0,0,0,0,0
27834,0,0,0,1,0,0,0,0,0,0,0,0
193780,0,1,0,0,0,1,0,0,0,0,0,0
43255,1,0,0,0,0,1,0,0,0,0,0,0
62855,0,0,0,1,0,0,0,1,0,0,0,0
233282,1,1,0,1,0,0,0,0,0,0,0,0
96972,0,0,0,0,1,0,0,0,0,0,0,0
40301,2,0,0,0,1,0,0,0,0,0,0,0
124909,2,1,0,0,1,0,0,0,0,0,0,0
22445,1,0,0,0,1,0,0,0,0,0,1,0
47975,0,0,0,0,1,0,0,0,0,1,0,0
53503,0,0,0,0,1,0,0,1,1,0,0,0
47000,1,0,0,0,0,1,0,0,0,0,0,0
259347,2,1,0,1,0,0,0,0,0,0,0,0
16561,0,0,0,0,1,0,0,0,0,0,0,0
60869,0,0,0,1,0,0,0,0,0,0,0,0
103242,0,1,0,1,0,0,0,0,1,0,0,0
22009,0,0,0,1,0,0,0,0,0,0,0,0
156489,0,1,0,0,0,1,0,0,0,0,0,0
135307,3,1,0,0,0,1,0,0,0,0,1,0
5820,2,0,0,0,0,1,0,0,0,0,1,0
193834,0,1,0,1,0,0,0,0,0,0,0,0
148785,1,1,0,0,0,1,0,0,0,1,0,1
24622,1,0,0,0,0,1,0,0,0,0,0,0
104959,1,1,0,1,0,0,0,0,0,0,0,0
31733,1,0,0,0,0,1,0,0,0,0,0,0
39123,1,0,0,0,0,0,1,0,0,0,0,0
77587,0,0,0,0,0,0,1,0,0,1,0,0
175460,0,1,0,0,0,0,1,0,0,1,0,0
195547,0,1,0,0,1,0,0,0,0,0,0,0
52669,1,0,0,0,1,0,0,0,0,1,0,0
56522,0,0,0,0,0,0,1,1,0,0,0,0
62513,0,0,0,0,0,0,1,0,0,0,0,0
47844,0,0,0,1,0,0,0,1,1,0,0,0
27710,0,0,0,1,0,0,0,0,0,1,0,0
53784,1,0,0,0,1,0,0,0,0,0,0,0
242996,1,1,0,0,1,0,0,1,0,0,0,0
26951,1,0,0,0,1,0,0,0,0,0,0,0
155569,0,1,0,0,1,0,0,0,0,1,0,0
65338,0,0,0,0,1,0,0,0,0,0,0,0
9183,0,0,0,0,1,0,0,0,0,1,0,0
6757,1,0,0,0,0,1,0,0,0,0,0,0
23430,2,0,0,0,0,0,1,1,0,0,0,0
383487,1,1,0,0,0,1,0,0,0,0,0,0
64471,0,0,0,1,0,0,0,0,0,0,0,0
182042,0,1,0,1,0,0,0,0,0,0,0,0
16190,0,0,0,1,0,0,0,1,0,0,0,0
169712,1,1,0,0,1,0,0,0,0,0,0,0
45404,1,0,0,0,0,0,1,0,0,0,0,0
5358,0,0,0,0,0,1,0,0,0,0,0,0
91793,0,0,0,0,0,1,0,0,0,0,0,0
231877,0,1,0,1,0,0,0,0,0,0,0,0
74559,3,0,0,0,0,1,0,0,0,0,0,0
61293,0,0,0,0,0,1,0,0,0,1,0,0
429362,2,1,0,0,0,0,1,0,0,0,0,0
18129,0,0,0,0,0,0,1,0,0,0,0,0
76287,1,0,0,0,0,1,0,0,1,0,0,0
27560,0,0,0,1,0,0,0,0,0,0,0,0
31039,0,0,0,0,1,0,0,0,0,0,0,0
11436,0,0,0,0,0,0,1,0,0,0,0,0
433868,1,1,0,1,0,0,0,0,0,0,0,1
150851,1,1,0,0,0,0,1,0,0,0,0,0
79915,0,0,0,1,0,0,0,0,1,0,1,0
466452,0,1,0,0,0,1,0,0,0,0,0,0
62718,5,0,1,0,1,0,0,0,0,0,0,0
129840,0,1,0,0,1,0,0,0,0,0,0,0
71150,0,0,0,0,0,0,1,0,0,0,0,0
135511,0,1,0,1,0,0,0,0,0,0,0,0
65324,0,0,0,0,0,1,0,1,0,0,0,0
37591,1,0,0,0,0,0,1,1,0,0,0,0
51605,0,0,0,0,1,0,0,0,0,0,1,0
70773,0,0,0,0,0,0,1,0,0,0,0,0
14680,0,0,0,1,0,0,0,0,0,0,1,0
32963,0,0,0,0,0,0,1,0,0,0,0,0
127227,2,1,0,1,0,0,0,0,0,0,0,0
13281,0,0,0,0,0,0,1,0,0,0,0,0
140519,1,1,0,1,0,0,0,0,0,0,0,0
486216,0,1,0,0,0,0,1,0,0,0,0,0
16835,0,0,0,0,0,1,0,0,1,0,0,0
329182,1,1,0,0,0,0,1,0,0,0,0,0
46207,0,0,0,0,0,0,1,1,0,0,0,0
119152,0,1,0,0,0,1,0,0,0,1,0,1
11553,0,0,0,0,0,0,1,0,0,0,0,0
120438,1,1,0,0,0,0,1,1,0,0,0,0
104159,1,1,0,0,1,0,0,0,0,0,1,0
29476,0,0,0,0,0,0,1,0,0,0,0,0
18586,0,0,0,1,0,0,0,0,1,1,0,0
75366,0,0,0,1,0,0,0,0,0,0,0,0
6785,2,0,0,0,0,1,0,0,0,0,0,0
74305,0,0,0,0,1,0,0,0,0,0,0,0
288501,0,1,0,0,0,1,0,0,0,0,0,0
61260,0,0,0,0,0,1,0,0,0,0,0,0
75420,1,0,0,0,0,0,1,0,1,0,0,0
43465,1,0,0,0,1,0,0,0,0,0,0,0
165859,0,1,0,0,0,1,0,0,0,0,0,0
35072,0,0,0,0,1,0,0,0,0,0,0,0
42565,0,0,0,0,0,0,1,0,0,0,0,0
195213,0,1,0,0,1,0,0,0,0,0,0,0
468693,1,1,0,0,0,0,1,1,0,0,0,0
93717,0,0,0,0,1,0,0,0,0,0,0,0
31703,1,0,0,0,1,0,0,0,0,0,1,0
25593,3,0,0,0,0,0,1,0,1,1,1,1
81953,0,0,0,1,0,0,0,0,0,0,0,0
95951,0,0,0,0,0,0,1,0,0,0,0,0
16147,0,0,0,0,1,0,0,0,0,0,0,0
183560,0,1,0,0,0,1,0,0,0,0,0,0
398804,0,1,0,0,0,1,0,0,0,1,0,1
119202,2,1,0,0,0,0,1,0,0,0,0,0
141529,0,1,0,0,0,1,0,0,0,0,0,0
65176,1,0,0,0,0,0,1,0,0,0,0,0
136197,0,1,0,0,0,1,0,0,0,0,0,0
73416,0,0,0,0,0,1,0,0,0,0,0,0
71911,0,0,0,0,0,0,1,1,0,0,0,0
77276,0,0,0,1,0,0,0,0,0,0,0,0
39646,1,0,0,1,0,0,0,0,1,0,0,0
23551,0,0,0,0,1,0,0,1,0,0,0,0
11925,0,0,0,0,0,1,0,0,0,0,0,0
72726,0,0,0,1,0,0,0,0,0,1,1,0
51062,3,0,0,1,0,0,0,0,0,0,0,0
61020,0,0,0,1,0,0,0,1,0,0,0,0
157810,0,1,0,1,0,0,0,0,1,0,0,0
34753,1,0,0,0,0,1,0,0,0,0,0,0
134187,1,1,0,0,0,0,1,0,0,1,0,0
48553,0,0,0,1,0,0,0,0,0,0,0,0
24842,0,0,0,0,1,0,0,0,1,0,0,0
28183,0,0,0,0,1,0,0,0,1,0,0,1
226277,0,1,0,0,0,0,1,0,0,0,0,0
122539,0,1,0,0,0,1,0,0,0,0,1,0
7503,0,0,0,0,0,0,1,0,0,0,0,0
121304,1,1,0,0,0,1,0,1,0,1,0,0
87801,0,0,0,0,0,1,0,1,0,0,0,0
49536,0,0,0,0,0,1,0,0,1,0,0,0
157317,1,1,0,0,0,1,0,0,1,0,0,0
81599,0,0,0,0,0,1,0,1,0,1,0,1
76140,0,0,0,0,0,1,0,0,0,0,1,0
169918,0,1,0,0,1,0,0,0,0,0,0,0
487046,0,1,0,0,0,0,1,0,0,0,0,0
79747,1,0,0,0,1,0,0,0,0,0,0,0
33569,0,0,0,0,0,1,0,0,0,0,0,0
13014,1,0,0,0,0,1,0,0,0,0,0,0
60280,1,0,0,1,0,0,0,0,0,0,0,0
5851,0,0,0,0,1,0,0,0,1,0,0,1
56805,0,0,0,0,0,0,1,1,0,0,0,0
212931,1,1,0,0,0,0,1,0,1,0,0,0
27402,0,0,0,0,1,0,0,1,0,1,0,0
32713,0,0,0,1,0,0,0,0,0,0,0,0
178358,5,1,1,1,0,0,0,1,0,1,0,1
116190,0,1,0,0,1,0,0,1,0,0,0,0
75340,0,0,0,0,1,0,0,1,1,0,0,0
475199,1,1,0,0,1,0,0,0,1,0,0,1
11646,0,0,0,1,0,0,0,0,0,0,0,0
22123,0,0,0,0,1,0,0,0,0,0,0,0
51643,0,0,0,0,0,0,1,0,0,0,1,1
54560,2,0,0,1,0,0,0,0,1,0,0,0
56364,0,0,0,1,0,0,0,0,0,0,0,0
198936,0,1,0,0,0,0,1,1,0,0,0,0
42609,1,0,0,1,0,0,0,0,0,0,0,0
44623,1,0,0,0,0,0,1,0,0,0,0,0
50026,3,0,0,0,0,0,1,0,0,0,0,0
133420,0,1,0,1,0,0,0,0,0,0,0,0
116927,3,1,0,0,1,0,0,1,0,0,0,0
111573,0,1,0,1,0,0,0,0,0,0,0,0
153887,1,1,0,0,0,0,1,0,0,0,0,0
428896,0,1,0,0,0,1,0,0,0,0,1,0
28210,0,0,0,0,0,1,0,0,0,1,0,1
47348,1,0,0,0,0,0,1,0,0,0,0,0
157136,5,1,1,0,0,1,0,0,0,0,0,0
260997,0,1,0,0,1,0,0,0,0,0,0,0
20988,0,0,0,1,0,0,0,0,0,0,0,0
41616,1,0,0,0,1,0,0,0,1,0,0,0
186937,1,1,0,0,1,0,0,0,0,0,0,0
58311,0,0,0,0,0,0,1,0,0,0,0,0
53167,0,0,0,1,0,0,0,0,1,0,0,0
30541,0,0,0,0,0,1,0,0,0,0,0,0
54556,1,0,0,0,1,0,0,0,0,0,0,0
53959,3,0,0,0,0,1,0,0,0,0,0,0
52656,2,0,0,0,1,0,0,0,0,0,0,0
11416,0,0,0,0,0,0,1,0,0,0,0,0
6855,0,0,0,0,0,0,1,0,0,0,0,0
337436,0,1,0,0,0,0,1,0,0,0,1,0
26153,2,0,0,0,1,0,0,0,0,0,0,0
54417,0,0,0,0,0,1,0,1,1,0,0,0
20039,0,0,0,0,1,0,0,0,0,0,0,0
47461,0,0,0,1,0,0,0,1,0,0,0,0
55609,0,0,0,0,0,0,1,0,0,0,1,1
40083,0,0,0,1,0,0,0,0,1,0,0,0
64095,0,0,0,0,1,0,0,0,0,0,0,0
70028,0,0,0,1,0,0,0,0,0,0,0,0
79238,3,0,0,0,0,0,1,0,0,0,1,1
8711,0,0,0,0,0,0,1,0,0,0,0,0
17018,1,0,0,0,0,1,0,0,0,0,0,0
14077,0,0,0,0,1,0,0,0,0,0,0,1
443409,0,1,0,0,0,0,1,0,0,0,1,1
50555,0,0,0,0,1,0,0,1,0,0,0,0
496246,0,1,0,0,0,0,1,0,0,0,0,0
53622,0,0,0,0,1,0,0,0,0,0,0,0
73749,1,0,0,0,0,1,0,0,0,0,0,0
120290,1,1,0,0,0,1,0,0,0,0,0,0
64099,0,0,0,0,0,1,0,0,0,0,0,0
21817,1,0,0,0,0,1,0,0,1,0,0,0
6045,5,0,1,0,1,0,0,0,0,0,0,0
59106,0,0,0,0,0,1,0,0,0,0,0,0
34287,0,0,0,1,0,0,0,0,0,0,0,0
49221,1,0,0,0,0,0,1,0,1,1,0,0
29792,0,0,0,0,0,1,0,0,0,1,0,0
100653,2,1,0,0,1,0,0,0,0,0,0,0
59484,0,0,0,0,1,0,0,0,0,0,0,0
41776,0,0,0,0,1,0,0,0,0,1,0,0
46751,0,0,0,1,0,0,0,0,0,0,1,0
49141,1,0,0,0,1,0,0,0,0,0,0,0
19130,0,0,0,0,0,0,1,1,0,0,0,0
205613,0,1,0,0,0,1,0,0,0,0,0,0
290723,2,1,0,1,0,0,0,0,0,0,0,1
7147,0,0,0,0,0,1,0,0,1,0,0,0
76626,0,0,0,0,0,1,0,0,0,0,0,0
226238,0,1,0,0,1,0,0,0,0,0,0,0
49989,0,0,0,0,0,1,0,0,0,0,0,0
93071,0,0,0,1,0,0,0,0,0,0,1,0
14690,0,0,0,1,0,0,0,0,0,0,0,0
28357,0,0,0,0,0,1,0,0,0,0,1,0
28827,0,0,0,0,1,0,0,0,0,0,0,0
176998,1,1,0,0,1,0,0,0,0,0,0,0
65899,0,0,0,0,0,1,0,0,0,0,0,0
28810,0,0,0,0,0,1,0,0,0,0,0,0
7298,0,0,0,0,0,1,0,1,0,0,0,0
47281,2,0,0,0,0,1,0,1,0,0,0,0
27591,1,0,0,0,1,0,0,0,0,0,0,0
31838,1,0,0,0,0,1,0,0,0,0,0,0
24901,0,0,0,1,0,0,0,0,0,0,0,0
75226,0,0,0,0,0,0,1,0,0,0,0,0
189729,1,1,0,0,0,1,0,0,0,0,0,0
55818,1,0,0,0,0,1,0,0,0,0,0,0
137162,1,1,0,0,1,0,0,0,0,0,0,0
497980,1,1,0,0,0,0,1,0,0,0,0,0
74054,0,0,0,0,0,1,0,0,0,0,0,0
88177,0,0,0,0,1,0,0,1,0,0,0,0
74397,2,0,0,0,1,0,0,0,0,0,0,0
57180,0,0,0,1,0,0,0,0,0,0,1,0
31718,0,0,0,0,0,0,1,0,1,0,0,0
61892,0,0,0,0,0,0,1,1,0,0,0,0
29488,0,0,0,0,1,0,0,0,1,0,0,0
60376,1,0,0,1,0,0,0,0,0,0,0,0
66222,1,0,0,1,0,0,0,1,0,0,0,0
70205,0,0,0,0,0,1,0,0,1,0,0,0
17347,0,0,0,0,0,1,0,0,0,0,0,0
176753,0,1,0,1,0,0,0,0,0,0,0,0
56951,0,0,0,0,0,0,1,0,0,0,0,0
71723,0,0,0,0,0,1,0,0,0,0,0,0
150311,1,1,0,0,0,0,1,0,0,0,0,0
27400,0,0,0,1,0,0,0,1,0,0,0,0
38117,0,0,0,0,1,0,0,0,0,0,0,0
18891,0,0,0,0,0,0,1,0,0,1,0,0
179584,1,1,0,0,0,1,0,0,1,0,0,0
150957,1,1,0,0,1,0,0,1,0,0,0,0
31744,0,0,0,1,0,0,0,1,0,0,0,0
49950,3,0,0,0,0,0,1,0,1,1,0,0
97947,0,0,0,0,0,0,1,0,0,0,0,0
55960,0,0,0,0,0,1,0,0,0,0,0,0
15726,3,0,0,0,0,1,0,0,0,0,0,0
235646,2,1,0,0,1,0,0,0,0,0,0,0
47104,0,0,0,0,0,1,0,0,0,0,0,0
16014,0,0,0,0,0,1,0,0,1,0,0,0
52988,1,0,0,0,0,0,1,0,0,0,0,0
154852,0,1,0,0,0,1,0,0,1,0,0,0
13997,1,0,0,0,1,0,0,0,0,0,0,0
67287,0,0,0,0,1,0,0,0,0,0,0,0
318712,0,1,0,0,1,0,0,0,0,0,0,0
67808,0,0,0,0,0,0,1,0,0,0,0,0
162458,1,1,0,0,0,1,0,0,1,0,0,0
7223,0,0,0,0,0,1,0,0,1,0,0,0
56100,0,0,0,0,1,0,0,1,0,1,0,0
196632,0,1,0,0,0,1,0,0,0,0,0,0
159849,1,1,0,0,0,0,1,0,0,0,0,0
48013,1,0,0,0,0,0,1,0,1,0,0,0
254951,0,1,0,0,0,0,1,0,0,0,0,0
90457,0,0,0,0,0,0,1,1,0,0,0,0
11159,0,0,0,0,0,0,1,0,0,0,0,0
140906,3,1,0,1,0,0,0,0,0,0,0,0
74813,0,0,0,1,0,0,0,0,0,0,0,0
184543,0,1,0,0,0,1,0,0,0,0,0,0
57698,0,0,0,0,0,0,1,0,0,0,0,0
61387,0,0,0,0,0,1,0,0,0,0,0,0
20163,0,0,0,0,0,1,0,0,0,0,0,0
60289,5,0,1,0,1,0,0,0,0,0,0,0
65532,3,0,0,1,0,0,0,0,0,0,0,0
78428,0,0,0,1,0,0,0,0,1,0,1,0
40466,0,0,0,0,0,1,0,0,0,1,0,1
5471,0,0,0,0,0,1,0,0,0,0,0,0
180521,0,1,0,0,1,0,0,0,0,0,0,0
189988,1,1,0,1,0,0,0,0,0,1,0,0
52073,3,0,0,0,0,0,1,0,0,0,0,0
383032,0,1,0,1,0,0,0,0,0,0,0,0
27332,2,0,0,1,0,0,0,0,0,0,0,0
144847,1,1,0,1,0,0,0,0,0,0,0,0
23932,0,0,0,0,0,1,0,0,1,0,1,0
15240,5,0,1,0,1,0,0,0,0,0,0,0
45039,0,0,0,1,0,0,0,0,0,0,0,0
84167,0,0,0,0,1,0,0,0,0,0,1,0
46024,0,0,0,0,0,1,0,0,0,0,0,0
27500,0,0,0,1,0,0,0,0,0,0,0,0
38277,0,0,0,1,0,0,0,1,0,1,0,0
45159,0,0,0,1,0,0,0,0,1,0,0,0
49868,0,0,0,0,0,0,1,1,0,0,0,0
142188,2,1,0,0,0,0,1,0,0,0,1,1
44335,1,0,0,0,0,0,1,0,1,0,0,0
19475,0,0,0,0,1,0,0,1,0,0,0,0
61093,1,0,0,0,0,1,0,1,0,0,0,0
35241,0,0,0,0,0,1,0,0,1,0,0,0
74348,2,0,0,1,0,0,0,0,1,1,0,0
40444,0,0,0,0,0,1,0,1,0,1,0,1
26823,0,0,0,1,0,0,0,0,0,0,0,0
54401,0,0,0,1,0,0,0,0,0,0,0,0
20612,0,0,0,1,0,0,0,0,0,0,0,0
156280,1,1,0,0,0,0,1,1,0,0,0,0
487107,0,1,0,1,0,0,0,1,0,1,0,1
174766,1,1,0,1,0,0,0,1,0,0,0,1
45507,0,0,0,0,0,1,0,0,0,0,0,0
331272,0,1,0,0,0,0,1,1,0,0,0,0
172581,1,1,0,1,0,0,0,1,0,0,1,0
405039,0,1,0,0,1,0,0,0,0,0,0,1
25941,3,0,0,0,1,0,0,0,1,0,1,0
14102,1,0,0,1,0,0,0,0,1,0,0,0
39668,0,0,0,0,1,0,0,0,0,0,0,0
16740,0,0,0,0,0,0,1,0,0,0,0,0
11029,5,0,1,0,0,1,0,0,0,0,0,0
5897,0,0,0,1,0,0,0,0,0,0,0,0
58717,0,0,0,1,0,0,0,0,0,0,0,0
130780,2,1,0,0,0,0,1,1,0,0,0,0
40332,1,0,0,0,0,0,1,0,0,0,0,0
119755,0,1,0,1,0,0,0,0,0,0,0,0
19478,0,0,0,0,0,0,1,0,0,0,0,0
41229,1,0,0,0,0,0,1,0,0,0,0,0
61234,0,0,0,0,0,0,1,0,0,0,0,0
58104,0,0,0,0,0,0,1,1,0,1,0,0
29443,0,0,0,0,0,1,0,0,0,0,0,0
164129,2,1,0,1,0,0,0,0,1,1,0,0
6730,0,0,0,0,0,1,0,1,0,0,0,0
18757,2,0,0,0,0,0,1,0,0,1,0,0
163379,0,1,0,0,0,1,0,0,0,0,0,0
26819,0,0,0,1,0,0,0,0,1,0,0,0
8603,0,0,0,0,0,0,1,0,0,0,0,0
150185,0,1,0,0,0,0,1,0,0,0,0,0
141016,2,1,0,0,0,1,0,0,0,0,0,0
263722,0,1,0,0,1,0,0,0,1,0,0,0
169422,1,1,0,0,0,0,1,0,0,0,0,0
189933,0,1,0,1,0,0,0,0,0,1,0,0
100518,0,1,0,0,0,1,0,0,0,0,0,0
44508,2,0,0,0,1,0,0,0,0,0,0,0
173625,0,1,0,0,0,1,0,0,0,0,0,0
20530,2,0,0,1,0,0,0,0,0,0,0,0
47067,1,0,0,0,1,0,0,1,0,1,0,0
49743,0,0,0,0,0,0,1,0,0,0,0,0
53471,1,0,0,0,0,1,0,0,0,0,0,0
39547,1,0,0,1,0,0,0,0,1,0,0,0
118863,1,1,0,0,1,0,0,0,0,0,0,0
57799,5,0,1,0,0,0,1,0,0,0,0,0
13860,2,0,0,0,1,0,0,0,1,1,0,0
136523,1,1,0,0,1,0,0,0,0,0,0,0
48857,1,0,0,0,1,0,0,0,0,0,0,0
198594,0,1,0,0,0,0,1,1,0,0,0,0
49433,0,0,0,0,0,0,1,0,1,0,0,0
97070,0,0,0,0,0,0,1,0,0,0,0,0
20819,3,0,0,0,0,0,1,0,0,0,0,0
28032,2,0,0,0,1,0,0,0,1,0,0,0
39883,0,0,0,1,0,0,0,0,0,0,0,0
90536,0,0,0,0,1,0,0,0,0,0,0,0
41655,0,0,0,0,0,0,1,0,0,0,0,0
179120,2,1,0,1,0,0,0,0,0,0,0,0
25709,5,0,1,0,1,0,0,0,0,0,0,0
61419,1,0,0,0,0,0,1,0,0,0,1,1
5074,0,0,0,0,0,1,0,0,0,0,0,0
18537,0,0,0,1,0,0,0,0,0,0,0,0
9534,0,0,0,0,0,1,0,0,0,0,0,0
185560,0,1,0,0,0,1,0,1,0,0,0,0
32282,1,0,0,0,0,1,0,0,0,0,0,0
75564,4,0,1,1,0,0,0,0,0,0,0,0
22550,3,0,0,0,0,0,1,0,0,0,0,0
40153,1,0,0,1,0,0,0,0,1,0,0,0
35424,1,0,0,1,0,0,0,0,0,0,0,0
196700,1,1,0,0,1,0,0,0,0,0,0,0
26786,1,0,0,0,0,1,0,0,0,0,0,0
11470,0,0,0,0,1,0,0,0,1,0,0,0
17245,0,0,0,0,1,0,0,0,0,0,0,0
61547,0,0,0,0,0,0,1,0,0,0,0,0
66246,1,0,0,1,0,0,0,0,1,0,0,0
368107,1,1,0,0,1,0,0,0,0,0,0,0
33404,2,0,0,0,1,0,0,0,0,0,0,0
51224,1,0,0,1,0,0,0,0,0,1,0,0
27220,1,0,0,1,0,0,0,0,0,0,0,0
138115,0,1,0,0,1,0,0,0,0,0,0,0
7459,1,0,0,0,0,1,0,0,0,0,0,0
34123,0,0,0,0,0,0,1,0,0,0,0,0
87194,0,0,0,0,0,0,1,0,0,0,0,0
60529,0,0,0,0,1,0,0,0,0,0,0,0
17209,3,0,0,0,0,1,0,0,1,0,0,0
55903,0,0,0,0,0,0,1,0,0,0,0,0
142047,0,1,0,0,0,0,1,0,0,0,0,0
117621,0,1,0,1,0,0,0,0,0,0,0,0
63803,0,0,0,0,0,0,1,1,0,0,0,0
72596,0,0,0,0,0,0,1,0,0,0,0,0
115116,0,1,0,0,0,0,1,0,0,0,0,0
61012,0,0,0,1,0,0,0,0,0,0,0,0
90794,0,0,0,0,0,0,1,0,0,0,0,0
13800,0,0,0,0,1,0,0,0,0,0,1,0
19417,0,0,0,0,1,0,0,0,0,0,1,0
9784,0,0,0,0,0,0,1,0,0,0,0,0
20760,0,0,0,0,0,0,1,0,0,0,0,0
71462,0,0,0,0,0,0,1,0,0,0,0,0
212619,1,1,0,0,0,0,1,0,1,0,0,0
78535,0,0,0,1,0,0,0,0,0,0,0,0
155743,2,1,0,0,0,0,1,0,1,0,0,0
78643,0,0,0,0,1,0,0,0,1,0,0,0
43264,0,0,0,0,0,1,0,0,0,0,0,0
52027,1,0,0,1,0,0,0,0,0,0,0,0
74533,0,0,0,0,0,1,0,1,0,0,0,0
70797,2,0,0,1,0,0,0,0,0,0,0,0
156142,2,1,0,0,0,1,0,0,1,0,0,0
44104,0,0,0,0,1,0,0,1,0,0,0,0
59344,0,0,0,0,1,0,0,0,0,0,0,0
296390,1,1,0,0,0,1,0,0,0,0,0,0
133234,0,1,0,0,1,0,0,0,0,0,0,0
39676,0,0,0,0,0,0,1,0,0,0,0,0
43697,1,0,0,1,0,0,0,1,0,0,0,0
6173,0,0,0,0,0,0,1,1,0,1,0,1
46713,0,0,0,0,0,1,0,0,0,0,0,0
182089,3,1,0,0,0,0,1,0,1,0,0,0
330426,0,1,0,0,0,0,1,0,0,0,0,0
14658,0,0,0,0,0,0,1,0,0,0,0,0
55718,0,0,0,0,1,0,0,1,0,0,1,0
50187,0,0,0,0,1,0,0,1,1,0,0,0
176312,0,1,0,0,0,1,0,1,0,0,0,0
37960,2,0,0,0,1,0,0,0,0,0,0,0
13716,0,0,0,1,0,0,0,0,1,0,1,0
194126,0,1,0,0,1,0,0,1,0,0,0,0
75798,0,0,0,0,0,0,1,0,0,0,0,0
28940,0,0,0,0,1,0,0,0,0,0,0,0
79499,3,0,0,0,0,0,1,0,0,0,0,0
5364,0,0,0,0,0,1,0,0,0,0,0,0
20796,1,0,0,0,0,1,0,0,1,0,0,0
27224,0,0,0,0,0,0,1,1,0,0,1,1
72585,0,0,0,1,0,0,0,0,0,0,0,0
144668,0,1,0,1,0,0,0,0,1,0,1,0
14989,1,0,0,0,0,0,1,0,0,0,0,0
157737,0,1,0,0,1,0,0,0,0,0,0,0
185874,0,1,0,1,0,0,0,1,0,0,0,0
66970,0,0,0,1,0,0,0,0,0,0,0,0
76556,0,0,0,0,1,0,0,0,0,0,0,0
41529,1,0,0,0,0,0,1,0,0,0,0,0
62321,1,0,0,0,0,0,1,0,0,0,0,0
71483,2,0,0,1,0,0,0,0,1,0,1,0
261595,0,1,0,1,0,0,0,0,0,0,0,1
77554,0,0,0,0,0,1,0,0,0,0,0,0
46096,0,0,0,0,1,0,0,1,0,0,0,0
197361,0,1,0,0,1,0,0,0,0,0,0,0
133500,0,1,0,0,0,0,1,0,0,0,0,0
54017,0,0,0,0,0,1,0,0,0,0,0,0
6096,0,0,0,0,1,0,0,0,0,0,0,0
26614,0,0,0,1,0,0,0,0,0,0,0,0
53059,0,0,0,0,0,1,0,0,0,0,0,0
69618,2,0,0,0,0,0,1,0,0,0,0,0
48172,0,0,0,0,0,1,0,0,0,0,0,0
132184,4,1,1,0,0,1,0,1,0,0,0,0
60050,1,0,0,0,0,0,1,0,0,0,0,0
13242,0,0,0,0,1,0,0,0,0,0,0,0
62676,0,0,0,1,0,0,0,0,0,0,0,0
127889,0,1,0,0,0,1,0,0,0,0,1,0
44366,1,0,0,0,0,0,1,0,0,0,0,0
5906,0,0,0,0,0,0,1,0,0,0,0,0
26488,0,0,0,1,0,0,0,0,0,0,0,0
58067,0,0,0,0,1,0,0,0,0,0,0,0
62579,0,0,0,0,1,0,0,0,1,0,0,0
37946,1,0,0,1,0,0,0,0,0,0,0,0
73848,0,0,0,1,0,0,0,0,0,0,0,0
138007,0,1,0,1,0,0,0,0,0,1,0,0
25280,0,0,0,0,1,0,0,0,1,0,0,0
410663,2,1,0,1,0,0,0,0,0,0,0,0
44876,0,0,0,0,1,0,0,0,0,0,0,0
53080,0,0,0,0,0,0,1,0,0,0,0,0
71631,1,0,0,0,0,0,1,0,0,0,0,0
32376,0,0,0,0,0,0,1,1,1,0,0,0
71333,0,0,0,0,0,1,0,0,0,0,0,0
21719,0,0,0,0,0,0,1,0,0,0,0,0
18674,0,0,0,1,0,0,0,0,1,0,0,0
30311,1,0,0,0,1,0,0,1,0,0,0,0
72291,1,0,0,0,0,0,1,0,1,0,0,0
73440,0,0,0,0,0,1,0,0,1,0,0,0
47541,0,0,0,0,0,1,0,0,0,0,0,0
20640,0,0,0,0,1,0,0,0,0,0,0,0
58261,3,0,0,0,0,0,1,0,0,0,0,0
61485,0,0,0,0,1,0,0,0,0,0,0,0
55150,0,0,0,0,0,1,0,0,0,0,0,0
58285,2,0,0,0,1,0,0,1,0,0,0,0
119098,1,1,0,1,0,0,0,0,1,0,0,0
41435,1,0,0,0,1,0,0,0,0,0,0,0
40748,0,0,0,0,0,0,1,0,0,0,0,0
129498,1,1,0,0,0,1,0,0,1,0,0,0
61648,0,0,0,1,0,0,0,0,0,0,1,0
41748,1,0,0,0,1,0,0,1,0,0,0,0
52880,3,0,0,0,0,0,1,0,0,0,0,0
121943,1,1,0,0,1,0,0,0,0,0,0,0
52263,1,0,0,0,0,0,1,0,0,0,0,0
28828,1,0,0,1,0,0,0,0,1,0,0,0
187915,0,1,0,0,1,0,0,0,0,1,0,0
70875,3,0,0,1,0,0,0,0,0,0,0,0
173646,0,1,0,0,0,1,0,0,0,1,0,1
73790,0,0,0,0,0,1,0,0,1,0,0,0
12612,0,0,0,1,0,0,0,0,0,0,0,0
82214,1,0,0,1,0,0,0,0,0,0,0,0
79327,1,0,0,1,0,0,0,0,0,0,0,0
86170,0,0,0,1,0,0,0,0,0,0,0,0
64522,2,0,0,0,0,0,1,0,0,0,0,0
63470,0,0,0,0,1,0,0,0,0,0,0,0
46719,0,0,0,1,0,0,0,1,0,0,0,0
71728,0,0,0,0,0,1,0,0,0,0,0,0
106011,0,1,0,0,0,1,0,1,0,0,0,0
75480,0,0,0,0,0,0,1,1,0,0,0,0
35395,1,0,0,0,0,1,0,0,0,0,0,0
32303,2,0,0,0,0,0,1,0,1,1,0,0
309249,1,1,0,0,0,0,1,0,0,1,1,1
53869,0,0,0,0,0,1,0,0,0,0,0,0
172932,0,1,0,0,0,0,1,0,0,0,0,0
62927,0,0,0,1,0,0,0,0,0,0,0,0
44302,1,0,0,1,0,0,0,0,0,0,0,0
21433,0,0,0,0,1,0,0,0,0,0,0,0
55393,1,0,0,1,0,0,0,0,0,0,1,0
46084,1,0,0,1,0,0,0,1,0,0,0,0
135492,0,1,0,0,1,0,0,1,0,0,0,0
43504,0,0,0,0,0,0,1,0,0,0,0,0
94423,0,0,0,0,0,0,1,0,0,0,0,0
25702,1,0,0,0,0,1,0,0,0,0,1,0
123846,0,1,0,0,1,0,0,0,1,1,0,0
44412,0,0,0,0,1,0,0,0,0,0,0,0
17162,0,0,0,0,1,0,0,0,0,0,0,0
62778,0,0,0,0,0,1,0,0,0,0,0,0
32017,0,0,0,0,1,0,0,0,1,0,1,0
17755,0,0,0,1,0,0,0,0,0,0,0,0
61074,1,0,0,1,0,0,0,0,0,0,0,0
70824,0,0,0,0,1,0,0,0,0,0,0,0
83579,0,0,0,0,0,1,0,0,0,0,0,0
73066,0,0,0,0,1,0,0,0,0,0,0,0
8608,0,0,0,0,0,0,1,0,0,0,0,0
27847,0,0,0,0,1,0,0,0,1,0,0,0
44882,0,0,0,0,0,1,0,0,0,0,0,0
12144,1,0,0,0,0,1,0,0,0,0,0,0
66852,1,0,0,0,0,1,0,0,0,0,0,0
56129,3,0,0,1,0,0,0,0,0,1,0,0
171484,0,1,0,0,0,0,1,0,0,0,0,0
77278,2,0,0,0,0,0,1,0,0,0,1,1
25532,1,0,0,0,0,1,0,1,0,0,0,0
48060,0,0,0,0,0,1,0,0,0,0,0,0
76614,1,0,0,0,1,0,0,0,0,0,0,0
32291,0,0,0,0,1,0,0,0,0,0,0,0
23341,0,0,0,1,0,0,0,0,0,1,0,0
47377,1,0,0,0,0,0,1,0,0,0,0,0
44396,0,0,0,1,0,0,0,0,0,0,0,0
58739,0,0,0,0,0,0,1,0,0,0,1,1
37361,0,0,0,1,0,0,0,0,0,0,0,0
343461,0,1,0,0,1,0,0,0,0,0,0,1
91946,0,0,0,0,0,1,0,0,0,0,0,0
95606,0,0,0,0,0,0,1,0,0,0,0,0
48139,0,0,0,0,0,1,0,0,0,0,0,0
76243,0,0,0,1,0,0,0,0,0,0,0,0
45558,2,0,0,1,0,0,0,0,1,0,0,0
74942,0,0,0,1,0,0,0,0,0,0,1,0
43609,2,0,0,0,0,1,0,0,0,0,0,0
24890,0,0,0,0,0,1,0,0,0,0,0,0
58283,0,0,0,0,1,0,0,0,0,0,0,0
88520,2,0,0,0,0,0,1,0,0,1,0,0
216056,0,1,0,0,1,0,0,0,0,0,0,0
191638,5,1,1,0,0,1,0,0,0,0,0,0
10614,0,0,0,1,0,0,0,1,0,0,0,0
72102,0,0,0,0,0,1,0,0,0,1,0,0
75293,0,0,0,1,0,0,0,0,0,0,0,0
25319,0,0,0,0,1,0,0,0,0,0,0,0
152645,0,1,0,1,0,0,0,0,0,0,0,0
63064,2,0,0,0,0,1,0,0,0,0,0,0
65864,0,0,0,1,0,0,0,0,1,0,0,0
21547,1,0,0,1,0,0,0,0,1,0,0,0
71838,1,0,0,1,0,0,0,1,0,0,0,0
20126,1,0,0,0,1,0,0,0,0,1,0,0
50151,2,0,0,0,0,1,0,0,0,0,0,0
11401,1,0,0,0,0,0,1,0,0,0,0,0
10666,0,0,0,0,0,1,0,0,0,0,0,0
7686,0,0,0,0,0,1,0,0,0,0,0,0
6199,0,0,0,0,1,0,0,0,0,0,0,0
48384,0,0,0,0,1,0,0,1,0,0,1,0
54653,0,0,0,0,0,0,1,0,0,0,0,0
34129,1,0,0,0,0,1,0,0,0,0,0,0
18003,0,0,0,1,0,0,0,1,0,0,0,0
130128,1,1,0,0,1,0,0,0,1,1,1,0
44592,0,0,0,0,1,0,0,1,0,0,0,0
34582,0,0,0,0,1,0,0,0,0,0,0,0
41801,1,0,0,0,0,1,0,0,0,0,1,0
125105,1,1,0,0,0,1,0,1,0,0,0,0
42961,0,0,0,0,0,1,0,0,0,0,0,0
167828,0,1,0,1,0,0,0,0,1,0,0,0
47094,0,0,0,0,1,0,0,0,0,0,0,0
67629,1,0,0,0,0,0,1,0,0,0,0,0
53186,0,0,0,0,0,1,0,1,0,0,0,0
112198,0,1,0,0,0,1,0,0,1,0,0,0
32353,0,0,0,0,0,0,1,0,1,0,0,0
148654,0,1,0,0,0,1,0,0,0,0,0,0
128339,0,1,0,0,1,0,0,0,0,0,0,0
402324,1,1,0,0,0,1,0,1,0,0,0,0
82841,0,0,0,0,0,1,0,0,0,1,0,0
87108,2,0,0,0,1,0,0,0,0,0,0,0
40296,2,0,0,0,1,0,0,0,0,0,0,0
5819,0,0,0,0,0,0,1,0,0,0,0,0
74428,0,0,0,0,1,0,0,0,0,0,0,0
56735,0,0,0,0,0,1,0,0,0,0,0,0
188192,0,1,0,0,1,0,0,0,1,1,0,0
64160,1,0,0,0,1,0,0,0,1,1,0,0
48983,1,0,0,0,1,0,0,0,1,0,0,0
29614,0,0,0,1,0,0,0,0,0,1,0,0
50217,1,0,0,0,0,0,1,0,0,0,0,0
13930,0,0,0,1,0,0,0,0,0,0,0,0
33474,0,0,0,1,0,0,0,0,0,0,0,0
64087,0,0,0,0,0,0,1,0,1,0,0,0
18478,0,0,0,0,1,0,0,0,0,0,0,0
73329,0,0,0,0,0,0,1,0,0,0,1,1
75663,0,0,0,0,1,0,0,0,0,0,0,0
55842,0,0,0,0,1,0,0,0,0,0,0,0
32265,0,0,0,0,0,0,1,1,0,0,0,0
14126,1,0,0,0,1,0,0,0,0,0,0,0
199965,0,1,0,0,0,0,1,1,1,0,0,0
20198,0,0,0,0,0,0,1,0,0,0,0,0
15871,0,0,0,1,0,0,0,0,0,0,0,0
170667,1,1,0,0,0,0,1,1,0,0,0,0
57266,0,0,0,0,0,0,1,0,0,0,0,0
41903,3,0,0,0,1,0,0,1,0,0,0,0
6741,0,0,0,0,0,1,0,0,0,0,0,0
57031,1,0,0,1,0,0,0,1,0,0,0,0
77916,2,0,0,0,0,1,0,0,0,0,0,0
16965,1,0,0,0,0,0,1,0,1,1,0,0
92008,3,0,0,1,0,0,0,1,0,0,0,0
461126,1,1,0,0,1,0,0,0,0,0,0,1
121894,0,1,0,0,0,0,1,0,0,0,1,1
367912,2,1,0,0,1,0,0,0,1,0,0,1
73986,1,0,0,1,0,0,0,0,0,0,0,0
35230,0,0,0,0,1,0,0,1,0,0,1,0
36777,1,0,0,0,0,0,1,0,0,0,0,0
193405,1,1,0,0,0,1,0,0,0,0,0,0
32799,1,0,0,0,0,1,0,0,0,0,0,0
98341,1,0,0,1,0,0,0,0,0,0,0,0
67746,0,0,0,1,0,0,0,1,0,0,0,0
57627,0,0,0,0,1,0,0,0,0,0,0,0
56796,5,0,1,0,0,0,1,0,0,0,0,1
67950,0,0,0,0,0,1,0,0,1,0,0,0
352519,0,1,0,1,0,0,0,0,0,0,1,0
125995,1,1,0,0,0,1,0,0,0,0,0,0
104069,0,1,0,1,0,0,0,0,0,0,0,0
157286,0,1,0,1,0,0,0,0,0,0,0,0
8009,0,0,0,0,1,0,0,0,0,0,0,0
70336,1,0,0,1,0,0,0,0,0,1,0,0
66547,3,0,0,0,0,0,1,0,0,0,0,0
168904,1,1,0,0,0,1,0,0,0,0,0,0
116790,0,1,0,0,0,1,0,0,0,0,0,0
51291,1,0,0,0,1,0,0,1,0,0,0,0
73750,0,0,0,0,0,0,1,1,1,0,0,0
376798,2,1,0,0,0,0,1,0,0,0,0,0
6073,0,0,0,0,0,0,1,0,0,0,0,0
50266,1,0,0,0,0,1,0,1,0,0,0,0
50022,0,0,0,1,0,0,0,0,0,0,0,0
178382,0,1,0,0,1,0,0,1,0,0,0,0
26871,0,0,0,1,0,0,0,0,0,0,0,0
69999,0,0,0,1,0,0,0,0,0,0,1,0
47490,0,0,0,1,0,0,0,0,1,0,0,0
29441,0,0,0,0,0,0,1,0,0,0,0,0
60466,1,0,0,0,0,0,1,0,0,0,0,0
6850,0,0,0,0,0,0,1,1,0,0,1,0
87774,0,0,0,0,0,0,1,0,0,0,0,0
312886,0,1,0,0,1,0,0,0,0,0,0,1
36757,0,0,0,0,1,0,0,0,0,0,0,0
66152,0,0,0,0,0,1,0,0,0,0,0,0
37601,0,0,0,0,1,0,0,0,0,0,0,0
58477,0,0,0,1,0,0,0,0,1,0,0,0
61015,0,0,0,0,1,0,0,0,0,0,0,0
138019,0,1,0,1,0,0,0,0,0,0,0,0
177056,1,1,0,0,0,1,0,0,0,0,0,0
77738,1,0,0,0,1,0,0,1,0,0,0,0
11229,0,0,0,1,0,0,0,0,0,0,0,0
60569,0,0,0,0,1,0,0,0,0,0,0,0
12878,0,0,0,0,1,0,0,0,0,0,0,0
168095,0,1,0,1,0,0,0,0,0,0,0,0
399426,1,1,0,0,0,0,1,0,0,0,0,0
142113,2,1,0,1,0,0,0,0,0,0,0,0
74348,0,0,0,0,1,0,0,0,1,0,0,0
56829,0,0,0,0,0,0,1,0,0,0,0,0
190946,0,1,0,0,0,0,1,0,0,0,0,0
17903,0,0,0,0,0,0,1,0,0,0,0,0
56246,2,0,0,1,0,0,0,0,0,1,0,0
18404,0,0,0,0,1,0,0,0,0,0,0,0
75601,5,0,1,0,0,0,1,0,1,0,0,0
34863,0,0,0,0,0,0,1,0,0,0,0,0
34236,0,0,0,1,0,0,0,0,0,0,0,0
21263,0,0,0,0,1,0,0,0,0,0,0,0
73241,1,0,0,0,0,0,1,0,0,0,0,0
76602,2,0,0,1,0,0,0,0,1,0,1,0
46075,0,0,0,0,0,0,1,0,1,0,0,0
44988,1,0,0,0,0,0,1,0,1,0,0,0
19919,1,0,0,0,1,0,0,0,0,0,0,0
20798,1,0,0,0,1,0,0,0,0,0,0,0
43778,0,0,0,0,1,0,0,0,0,1,0,0
41497,4,0,1,1,0,0,0,0,0,0,0,0
13751,1,0,0,0,1,0,0,0,1,0,0,0
95927,1,0,0,0,0,0,1,0,0,0,0,0
11910,1,0,0,0,0,0,1,0,0,0,0,0
75566,0,0,0,0,0,1,0,0,1,0,0,0
17182,0,0,0,0,1,0,0,0,0,0,0,0
34669,1,0,0,1,0,0,0,1,0,0,0,0
88038,0,0,0,0,1,0,0,1,0,0,0,0
77449,2,0,0,0,1,0,0,0,0,0,0,0
16909,0,0,0,0,0,0,1,0,0,0,0,0
13513,2,0,0,0,1,0,0,0,0,0,0,0
14253,0,0,0,1,0,0,0,0,0,0,0,0
136725,0,1,0,0,0,0,1,1,0,0,0,0
76010,1,0,0,1,0,0,0,0,0,0,0,0
29618,0,0,0,0,1,0,0,0,1,0,0,0
38344,1,0,0,0,0,0,1,0,0,0,0,0
40256,0,0,0,0,0,1,0,0,0,0,0,0
193459,0,1,0,0,0,0,1,0,1,0,0,0
21331,1,0,0,1,0,0,0,0,0,0,1,0
72678,3,0,0,0,0,0,1,0,0,0,0,0
161425,0,1,0,1,0,0,0,0,0,0,0,0
47702,0,0,0,0,0,1,0,0,0,0,0,0
32195,3,0,0,0,1,0,0,0,0,0,0,0
35058,0,0,0,0,0,0,1,0,0,0,0,0
96301,0,0,0,0,0,1,0,0,0,0,0,0
194628,1,1,0,0,1,0,0,0,0,0,0,0
30672,0,0,0,1,0,0,0,0,0,0,0,0
309259,0,1,0,1,0,0,0,0,1,0,0,0
130763,0,1,0,1,0,0,0,0,1,0,0,0
174205,0,1,0,0,0,0,1,0,0,0,0,0
196117,0,1,0,0,1,0,0,0,0,0,0,0
71773,1,0,0,0,0,1,0,1,1,0,0,0
463420,1,1,0,0,1,0,0,0,0,0,1,0
67301,0,0,0,0,0,0,1,0,0,0,0,0
180470,0,1,0,0,0,1,0,0,0,0,0,0
99662,0,0,0,0,0,1,0,0,0,1,0,0
97056,3,0,0,0,1,0,0,0,0,0,0,0
156665,5,1,1,0,1,0,0,0,0,0,0,0
63696,1,0,0,0,0,1,0,0,0,0,0,0
41787,1,0,0,0,0,0,1,0,0,0,0,0
13886,0,0,0,0,0,1,0,0,0,0,0,0
68069,1,0,0,0,0,1,0,0,0,0,0,0
36933,0,0,0,0,0,0,1,0,0,0,0,0
39400,0,0,0,1,0,0,0,0,0,0,0,0
70129,0,0,0,0,0,0,1,0,0,0,0,0
134841,1,1,0,0,0,1,0,0,0,1,0,1
12587,1,0,0,0,0,1,0,0,0,1,0,0
50241,1,0,0,1,0,0,0,0,0,0,0,0
234094,1,1,0,0,1,0,0,1,0,1,0,0
111740,4,1,1,0,0,0,1,0,0,0,0,0
37697,0,0,0,0,0,0,1,1,0,1,0,0
16527,1,0,0,0,0,0,1,0,0,0,0,0
45032,0,0,0,0,0,0,1,1,0,0,0,0
18497,0,0,0,0,0,1,0,1,1,0,0,0
21187,0,0,0,0,0,1,0,0,0,0,1,0
154511,1,1,0,0,0,0,1,1,0,0,0,0
51097,0,0,0,0,1,0,0,0,0,0,1,0
69663,1,0,0,0,0,1,0,0,0,0,0,0
99322,2,0,0,1,0,0,0,1,0,0,0,0
114536,0,1,0,0,0,1,0,0,0,0,0,0
39024,0,0,0,0,0,0,1,0,0,0,0,0
36149,0,0,0,0,0,0,1,0,1,0,0,0
6195,2,0,0,0,1,0,0,0,0,0,0,0
175718,0,1,0,1,0,0,0,1,0,0,0,1
78840,1,0,0,1,0,0,0,1,0,0,1,0
123434,1,1,0,1,0,0,0,0,0,0,0,0
24562,0,0,0,0,0,1,0,0,0,0,0,0
32481,0,0,0,0,1,0,0,1,0,0,0,0
57327,0,0,0,1,0,0,0,0,0,0,0,0
67596,0,0,0,0,1,0,0,0,0,0,0,0
13437,1,0,0,0,0,1,0,0,0,0,0,0
40156,1,0,0,0,0,1,0,0,0,0,0,0
86530,0,0,0,1,0,0,0,0,0,0,0,0
41802,0,0,0,0,1,0,0,0,0,0,0,0
11463,3,0,0,0,0,1,0,0,0,0,0,0
137492,1,1,0,0,0,1,0,0,0,0,0,0
25216,2,0,0,1,0,0,0,0,1,1,0,0
32028,0,0,0,1,0,0,0,0,0,0,0,0
127766,1,1,0,0,1,0,0,0,0,0,0,0
46946,0,0,0,0,0,0,1,0,0,0,0,0
78554,1,0,0,0,0,0,1,0,0,0,1,1
13981,0,0,0,0,0,0,1,0,0,0,0,0
37051,0,0,0,0,1,0,0,0,0,0,0,0
39514,1,0,0,0,0,1,0,0,0,0,0,0
201401,1,1,0,0,1,0,0,0,0,1,0,0
11678,1,0,0,0,0,0,1,0,1,0,0,0
166410,0,1,0,1,0,0,0,0,0,0,0,0
56577,0,0,0,0,0,0,1,1,0,0,0,0
168362,1,1,0,1,0,0,0,0,1,0,0,0
199268,0,1,0,0,1,0,0,1,0,0,0,0
63273,1,0,0,1,0,0,0,0,0,0,1,0
10470,0,0,0,0,0,1,0,0,1,0,0,0
9094,1,0,0,1,0,0,0,0,0,0,0,0
363892,0,1,0,0,1,0,0,0,1,0,0,0
30944,1,0,0,0,1,0,0,0,0,0,0,0
16190,3,0,0,0,1,0,0,0,0,0,0,0
45600,4,0,1,0,0,1,0,0,0,0,0,0
7929,0,0,0,0,0,1,0,0,1,0,0,0
8301,0,0,0,0,1,0,0,1,0,0,0,0
18590,0,0,0,0,0,0,1,0,0,0,0,0
456498,1,1,0,1,0,0,0,0,0,0,1,0
40762,0,0,0,0,0,1,0,0,0,0,0,0
55075,2,0,0,0,0,1,0,0,1,0,0,0
18070,0,0,0,0,0,0,1,1,0,0,0,0
12820,2,0,0,0,1,0,0,0,0,0,0,0
86056,1,0,0,0,0,0,1,0,0,1,0,0
68278,1,0,0,1,0,0,0,0,0,0,0,0
34146,0,0,0,1,0,0,0,1,0,0,0,0
47323,1,0,0,1,0,0,0,0,0,1,0,0
49078,1,0,0,0,1,0,0,1,0,0,0,0
65889,3,0,0,0,1,0,0,0,0,0,0,0
5451,0,0,0,0,1,0,0,0,0,0,0,0
53241,0,0,0,0,1,0,0,0,0,0,0,0
142916,0,1,0,0,0,1,0,1,0,0,0,0
76182,0,0,0,1,0,0,0,0,0,0,0,0
69611,0,0,0,0,0,0,1,0,0,0,0,0
17218,3,0,0,0,0,0,1,0,1,0,0,0
62092,2,0,0,0,0,0,1,0,0,1,0,0
163761,1,1,0,0,1,0,0,0,0,0,0,0
378407,0,1,0,0,0,1,0,0,0,0,0,0
402908,0,1,0,1,0,0,0,0,0,0,0,0
20383,0,0,0,0,0,0,1,0,1,0,0,0
79091,1,0,0,0,0,0,1,0,0,0,0,0
399347,0,1,0,0,0,1,0,0,0,0,0,0
142437,0,1,0,0,0,0,1,0,0,0,0,0
34205,0,0,0,0,0,0,1,0,0,0,0,0
9257,0,0,0,0,0,0,1,1,0,0,0,0
54687,0,0,0,0,1,0,0,0,0,1,0,0
29999,0,0,0,0,0,1,0,0,0,0,0,0
114721,0,1,0,0,0,0,1,1,0,0,0,0
52462,0,0,0,1,0,0,0,0,0,1,1,0
60610,0,0,0,1,0,0,0,0,0,0,1,0
84480,2,0,0,1,0,0,0,0,1,1,0,0
68443,0,0,0,0,0,0,1,1,0,0,0,0
56419,0,0,0,1,0,0,0,0,0,0,0,0
68919,0,0,0,1,0,0,0,0,0,0,0,0
40597,0,0,0,0,0,1,0,0,0,0,0,0
7347,1,0,0,0,0,1,0,0,0,0,0,0
76152,2,0,0,0,0,1,0,0,0,0,0,0
123984,0,1,0,1,0,0,0,0,0,0,0,0
52838,0,0,0,0,0,0,1,0,0,0,0,0
51246,0,0,0,0,1,0,0,0,0,0,0,0
53752,2,0,0,1,0,0,0,0,0,0,0,0
65226,0,0,0,0,0,0,1,1,1,0,0,0
72781,2,0,0,0,0,1,0,0,0,1,0,0
140435,0,1,0,0,0,0,1,1,0,0,0,0
54334,0,0,0,0,1,0,0,0,1,0,0,1
74984,1,0,0,0,1,0,0,0,0,0,0,0
51443,0,0,0,1,0,0,0,0,0,0,0,0
35268,0,0,0,1,0,0,0,0,0,0,0,0
259584,1,1,0,1,0,0,0,0,0,0,0,0
21498,2,0,0,1,0,0,0,0,0,1,0,0
179832,1,1,0,0,1,0,0,0,0,0,1,0
101779,0,1,0,1,0,0,0,1,0,0,0,1
12287,0,0,0,1,0,0,0,0,0,0,0,0
37582,0,0,0,0,0,1,0,0,0,0,1,0
409843,0,1,0,0,0,1,0,0,1,0,0,0
37521,1,0,0,0,0,1,0,0,0,1,0,1
421826,0,1,0,0,1,0,0,0,0,0,0,1
10874,0,0,0,0,1,0,0,0,0,0,0,0
70359,0,0,0,0,0,1,0,0,1,0,1,0
25482,0,0,0,1,0,0,0,0,0,0,0,0
176044,5,1,1,0,1,0,0,1,0,0,0,0
121164,0,1,0,0,0,0,1,1,0,0,1,1
58807,0,0,0,0,0,0,1,1,0,0,0,1
363924,0,1,0,0,0,0,1,0,0,0,0,0
60372,0,0,0,0,1,0,0,1,0,0,0,0
68647,1,0,0,0,1,0,0,0,0,0,0,0
71618,0,0,0,1,0,0,0,0,0,0,0,0
57462,1,0,0,0,0,0,1,0,0,0,0,0
43061,0,0,0,1,0,0,0,0,0,0,1,0
73213,1,0,0,0,0,0,1,0,1,0,0,0
68020,0,0,0,1,0,0,0,0,0,0,0,0
51441,0,0,0,1,0,0,0,0,0,0,0,0
24208,0,0,0,0,1,0,0,0,0,0,0,0
18031,0,0,0,1,0,0,0,0,0,0,0,0
12546,0,0,0,0,1,0,0,0,0,0,0,0
77163,1,0,0,1,0,0,0,0,0,0,0,0
33804,1,0,0,0,0,1,0,0,0,0,1,0
79467,0,0,0,0,0,1,0,0,0,0,0,0
49148,0,0,0,0,0,0,1,0,0,0,0,0
139193,2,1,0,0,0,0,1,1,0,0,0,0
146432,2,1,0,0,1,0,0,0,0,0,0,0
143689,1,1,0,0,0,1,0,0,0,0,0,0
25980,1,0,0,0,1,0,0,0,0,0,0,0
10446,0,0,0,1,0,0,0,0,0,0,0,0
37576,1,0,0,1,0,0,0,0,0,1,0,0
185413,1,1,0,1,0,0,0,0,0,0,0,0
10933,0,0,0,0,1,0,0,0,0,0,0,0
321349,0,1,0,0,0,1,0,0,0,0,0,0
198323,0,1,0,1,0,0,0,0,0,0,0,0
67102,0,0,0,0,0,0,1,0,0,0,0,0
73847,0,0,0,0,0,0,1,0,0,0,0,0
55503,0,0,0,0,0,1,0,0,0,1,0,0
9745,0,0,0,0,0,0,1,1,0,0,0,0
62778,0,0,0,1,0,0,0,0,0,0,0,0
37303,0,0,0,1,0,0,0,0,1,0,1,0
45624,0,0,0,0,0,0,1,0,0,0,0,0
84785,0,0,0,0,0,0,1,0,1,0,0,0
35578,1,0,0,0,0,1,0,0,0,1,0,1
175275,0,1,0,1,0,0,0,0,0,0,0,0
174061,0,1,0,0,1,0,0,0,0,1,0,0
69921,1,0,0,0,1,0,0,0,1,0,1,0
166357,1,1,0,0,1,0,0,0,0,1,0,0
131185,0,1,0,0,0,0,1,0,0,0,0,0
49433,0,0,0,1,0,0,0,0,0,0,0,0
43793,1,0,0,0,0,0,1,0,0,0,0,0
131789,0,1,0,1,0,0,0,0,1,0,0,0
203716,0,1,0,0,0,0,1,0,1,0,0,0
38806,1,0,0,0,0,0,1,1,0,1,0,0
30325,0,0,0,0,1,0,0,0,1,0,0,0
39563,1,0,0,0,1,0,0,0,0,0,1,0
14413,1,0,0,0,1,0,0,0,0,0,0,0
34274,1,0,0,1,0,0,0,0,0,0,0,0
65613,0,0,0,1,0,0,0,0,0,0,0,0
163239,1,1,0,0,1,0,0,0,1,0,0,0
364113,0,1,0,0,1,0,0,0,0,0,0,0
20223,0,0,0,0,0,0,1,0,0,0,0,0
50576,0,0,0,0,0,1,0,0,0,0,1,0
24915,0,0,0,0,0,1,0,0,1,0,0,0
43922,0,0,0,0,1,0,0,0,0,0,0,0
52055,5,0,1,0,1,0,0,0,0,0,0,0
439101,0,1,0,0,0,0,1,0,0,0,0,0
101019,0,1,0,0,0,1,0,0,0,1,0,0
492877,0,1,0,0,0,1,0,0,1,0,0,1
60936,5,0,1,0,0,0,1,0,0,0,0,0
89090,0,0,0,0,0,1,0,0,0,0,0,0
7553,0,0,0,1,0,0,0,0,0,0,0,0
11246,0,0,0,0,1,0,0,0,1,0,0,0
163852,0,1,0,0,1,0,0,1,0,1,0,0
172990,0,1,0,1,0,0,0,0,0,0,0,0
38124,0,0,0,0,0,1,0,0,0,0,0,0
17449,0,0,0,1,0,0,0,0,0,0,0,0
165746,1,1,0,0,0,1,0,0,0,0,0,0
26318,0,0,0,0,1,0,0,0,0,0,0,0
230023,3,1,0,0,0,1,0,1,0,0,0,0
48202,1,0,0,1,0,0,0,0,0,0,0,0
344892,0,1,0,1,0,0,0,0,0,0,0,0
136592,0,1,0,1,0,0,0,1,0,1,1,1
28730,0,0,0,0,0,1,0,0,0,0,0,0
45035,1,0,0,0,1,0,0,0,1,0,0,1
499074,0,1,0,0,0,1,0,1,0,0,0,1
72373,0,0,0,0,0,0,1,0,0,0,0,0
18871,1,0,0,0,0,0,1,0,0,0,0,0
315514,0,1,0,0,0,0,1,0,0,0,0,0
18751,0,0,0,0,0,0,1,0,0,0,0,0
43953,1,0,0,0,0,0,1,0,0,0,0,0
97752,0,0,0,0,1,0,0,0,0,0,0,0
72553,0,0,0,0,0,1,0,0,0,0,0,0
460507,0,1,0,0,1,0,0,0,0,0,1,0
63046,1,0,0,0,1,0,0,0,0,0,0,0
75071,0,0,0,1,0,0,0,0,0,0,0,0
77656,0,0,0,0,0,1,0,0,0,1,0,1
48386,1,0,0,0,0,1,0,0,0,0,0,0
48219,2,0,0,0,0,1,0,0,0,0,0,0
37961,0,0,0,0,0,0,1,0,0,0,0,0
248886,3,1,0,0,1,0,0,0,0,0,0,0
150912,1,1,0,0,1,0,0,0,0,0,0,0
49578,0,0,0,0,0,1,0,0,1,0,0,0
313449,0,1,0,0,0,1,0,0,0,0,0,0
54418,1,0,0,0,1,0,0,1,0,0,0,0
57482,0,0,0,0,0,1,0,0,0,0,0,0
9346,0,0,0,0,1,0,0,0,0,0,0,0
100650,0,1,0,1,0,0,0,0,0,0,0,0
197665,0,1,0,1,0,0,0,1,0,0,0,1
196741,0,1,0,0,0,0,1,0,0,0,1,1
113906,0,1,0,1,0,0,0,0,0,0,0,0
39769,0,0,0,1,0,0,0,0,0,0,0,0
5472,1,0,0,0,0,1,0,0,0,0,0,0
280296,0,1,0,0,0,0,1,0,0,1,0,0
49774,0,0,0,0,0,0,1,0,0,0,0,0
66859,3,0,0,0,0,0,1,0,0,0,0,0
52312,0,0,0,0,0,1,0,0,0,0,0,0
5362,2,0,0,1,0,0,0,0,0,0,0,0
87184,0,0,0,1,0,0,0,0,0,0,0,0
12039,0,0,0,0,0,1,0,0,0,0,0,0
11300,0,0,0,0,1,0,0,0,0,1,0,0
66691,0,0,0,0,1,0,0,0,0,0,0,0
113345,1,1,0,0,0,0,1,0,0,0,0,0
10157,3,0,0,0,1,0,0,0,0,1,0,0
181115,1,1,0,0,0,0,1,0,0,1,0,0
140005,0,1,0,1,0,0,0,0,0,0,0,0
49224,0,0,0,1,0,0,0,0,0,0,0,0
121594,0,1,0,0,0,1,0,0,0,0,0,0
60612,2,0,0,0,0,1,0,0,0,0,0,0
64501,1,0,0,0,1,0,0,0,0,0,0,0
69925,1,0,0,0,0,1,0,0,0,0,0,0
98468,3,0,0,1,0,0,0,1,1,0,0,0
64725,3,0,0,0,1,0,0,0,0,1,0,0
11215,1,0,0,0,0,0,1,0,0,0,0,0
373352,0,1,0,0,0,0,1,0,0,1,0,0
156184,4,1,1,0,1,0,0,0,0,1,0,0
37662,0,0,0,0,1,0,0,0,0,0,0,0
14162,5,0,1,0,0,1,0,0,0,0,0,0
46428,3,0,0,0,0,1,0,0,0,1,0,0
199746,1,1,0,0,1,0,0,0,0,0,0,0
15026,0,0,0,1,0,0,0,0,0,0,0,0
71932,0,0,0,0,0,1,0,0,0,0,0,0
27459,2,0,0,0,1,0,0,0,0,1,0,0
70732,2,0,0,0,0,1,0,1,0,0,0,0
150830,0,1,0,0,1,0,0,1,0,0,1,0
63001,2,0,0,0,0,1,0,0,0,0,0,0
327507,0,1,0,0,0,0,1,0,1,0,1,1
114859,1,1,0,0,1,0,0,0,0,0,1,0
9790,0,0,0,0,0,0,1,0,0,0,0,0
50140,1,0,0,0,1,0,0,0,1,0,0,0
34220,5,0,1,0,0,0,1,1,1,0,0,0
42419,0,0,0,0,0,0,1,0,0,1,0,0
136522,0,1,0,0,0,1,0,0,0,0,0,0
137370,0,1,0,0,0,0,1,0,0,0,0,0
68988,0,0,0,0,0,0,1,0,0,0,0,0
36630,1,0,0,1,0,0,0,0,0,0,0,0
7216,3,0,0,1,0,0,0,0,0,0,0,0
65398,0,0,0,0,0,0,1,0,0,0,0,0
49991,1,0,0,0,0,0,1,0,0,0,0,0
72363,0,0,0,0,0,0,1,1,0,0,0,0
88087,3,0,0,0,1,0,0,1,0,0,0,0
54055,0,0,0,0,1,0,0,0,0,0,0,0
8371,0,0,0,0,0,1,0,0,0,0,0,0
117451,0,1,0,0,0,1,0,0,0,0,0,0
198119,0,1,0,1,0,0,0,0,0,0,0,0
36020,2,0,0,0,0,1,0,0,0,0,0,0
70842,1,0,0,0,1,0,0,0,0,0,0,0
20269,0,0,0,0,1,0,0,0,0,1,0,0
11650,0,0,0,0,1,0,0,0,0,0,0,0
14188,1,0,0,1,0,0,0,0,0,1,0,0
236283,2,1,0,1,0,0,0,0,0,1,0,0
8954,0,0,0,0,0,1,0,0,0,1,0,1
73057,0,0,0,0,0,0,1,0,0,0,0,0
8420,1,0,0,0,1,0,0,0,1,0,0,0
398765,2,1,0,1,0,0,0,0,0,0,0,0
97947,4,0,1,0,1,0,0,0,0,0,0,0
11364,0,0,0,1,0,0,0,0,0,0,0,0
27426,0,0,0,0,1,0,0,0,0,0,0,0
126670,0,1,0,0,0,1,0,1,0,1,0,0
76127,0,0,0,0,1,0,0,0,0,0,1,0
58896,0,0,0,0,0,1,0,0,0,0,1,0
16578,0,0,0,0,1,0,0,0,0,0,0,0
18557,0,0,0,0,0,1,0,0,0,0,0,0
54965,0,0,0,1,0,0,0,0,1,0,0,0
40338,0,0,0,0,0,1,0,0,0,0,1,0
214314,0,1,0,1,0,0,0,1,0,0,0,1
92152,1,0,0,1,0,0,0,0,1,0,0,0
63329,1,0,0,0,1,0,0,0,0,0,1,0
30385,0,0,0,0,0,0,1,0,0,1,0,0
178778,1,1,0,0,0,1,0,0,0,0,0,0
68833,2,0,0,0,0,0,1,0,0,0,1,1
48162,0,0,0,0,0,0,1,0,1,0,0,0
258849,0,1,0,1,0,0,0,1,0,0,0,1
35701,0,0,0,0,0,1,0,0,0,0,0,0
63321,0,0,0,1,0,0,0,0,1,0,0,0
40465,2,0,0,0,1,0,0,0,1,0,0,0
50954,1,0,0,0,1,0,0,0,1,0,0,0
77718,0,0,0,0,0,0,1,0,1,0,0,0
175544,5,1,1,0,1,0,0,1,0,0,0,0
44412,2,0,0,0,0,0,1,0,0,1,0,0
44580,2,0,0,0,0,1,0,0,1,0,1,0
493374,1,1,0,0,0,0,1,1,0,0,0,0
77735,1,0,0,1,0,0,0,0,0,0,0,0
52262,2,0,0,0,1,0,0,0,0,0,0,0
200610,1,1,0,0,1,0,0,0,1,0,0,0
72124,1,0,0,1,0,0,0,0,0,1,0,0
40562,0,0,0,0,1,0,0,0,0,0,0,0
168237,2,1,0,0,0,0,1,0,0,0,0,0
40579,0,0,0,1,0,0,0,0,0,0,0,0
34591,0,0,0,0,0,0,1,0,0,1,0,0
441930,1,1,0,1,0,0,0,0,0,0,0,1
128247,0,1,0,0,0,0,1,0,0,0,0,0
58502,1,0,0,0,1,0,0,0,0,1,1,0
33719,0,0,0,0,1,0,0,0,0,0,0,0
45919,0,0,0,1,0,0,0,0,1,0,0,0
53121,0,0,0,0,1,0,0,0,0,0,0,0
170057,1,1,0,0,0,1,0,0,0,0,0,0
170591,0,1,0,0,0,1,0,0,0,0,0,0
61187,0,0,0,0,0,0,1,0,0,0,0,0
168727,1,1,0,0,0,0,1,1,0,0,0,0
169251,1,1,0,0,0,1,0,0,0,0,0,0
44015,0,0,0,0,0,0,1,0,1,0,0,0
48902,0,0,0,1,0,0,0,0,0,0,0,0
59346,0,0,0,0,1,0,0,0,0,0,0,0
66594,0,0,0,0,0,1,0,0,0,0,1,0
26986,0,0,0,0,1,0,0,0,0,0,0,0
13560,0,0,0,0,1,0,0,0,0,0,0,0
25218,0,0,0,0,0,0,1,0,0,0,0,0
69965,0,0,0,1,0,0,0,0,1,0,0,0
44340,0,0,0,0,0,1,0,0,0,0,0,0
50189,2,0,0,0,0,1,0,0,0,0,0,0
57858,0,0,0,0,0,1,0,0,0,0,0,0
26679,0,0,0,0,0,0,1,0,0,0,1,0
35819,0,0,0,0,0,1,0,0,0,0,0,0
57738,0,0,0,1,0,0,0,0,0,0,0,0
186974,1,1,0,0,1,0,0,0,1,0,0,1
73306,1,0,0,0,0,1,0,0,0,0,0,0
49398,1,0,0,1,0,0,0,0,0,0,0,0
248571,2,1,0,1,0,0,0,0,0,0,0,0
51693,0,0,0,0,0,1,0,0,0,0,0,0
6503,1,0,0,0,0,0,1,0,0,0,0,0
15974,0,0,0,1,0,0,0,0,0,0,1,0
11836,3,0,0,0,0,1,0,0,0,0,0,0
55942,0,0,0,0,0,1,0,0,1,0,0,0
425090,0,1,0,0,0,1,0,0,0,0,0,0
173120,1,1,0,0,1,0,0,0,0,0,0,0
24745,0,0,0,0,1,0,0,0,0,0,1,0
79805,1,0,0,0,0,0,1,1,0,0,0,0
21049,0,0,0,0,0,0,1,0,0,0,0,0
113640,0,1,0,0,0,0,1,0,0,0,0,0
199501,0,1,0,0,0,1,0,0,0,0,0,0
10324,0,0,0,0,0,1,0,0,1,0,0,0
103480,0,1,0,0,0,0,1,0,0,0,0,0
42446,0,0,0,1,0,0,0,0,0,0,0,0
63456,3,0,0,0,0,0,1,0,0,0,0,0
57431,2,0,0,0,1,0,0,0,0,0,0,0
13245,2,0,0,0,0,1,0,0,0,0,0,0
131154,1,1,0,0,0,1,0,0,0,0,0,0
24686,0,0,0,1,0,0,0,0,0,0,0,0
35138,0,0,0,1,0,0,0,0,0,0,0,0
183917,1,1,0,0,1,0,0,1,0,0,0,0
66024,2,0,0,0,1,0,0,0,0,0,1,0
33444,0,0,0,0,1,0,0,1,1,0,0,0
58529,0,0,0,0,0,1,0,0,0,0,0,0
134658,0,1,0,0,0,1,0,0,0,0,0,0
31555,0,0,0,0,1,0,0,0,0,0,0,0
74109,0,0,0,0,0,1,0,1,0,0,0,0
70608,0,0,0,0,0,0,1,0,0,0,0,0
22860,0,0,0,0,1,0,0,0,0,0,0,0
55815,0,0,0,1,0,0,0,1,0,0,1,0
21053,1,0,0,0,0,0,1,0,0,0,0,0
10991,1,0,0,1,0,0,0,0,0,0,0,0
142411,0,1,0,1,0,0,0,0,0,0,0,0
69362,2,0,0,0,1,0,0,0,0,0,0,0
64043,0,0,0,0,0,0,1,0,0,0,0,0
33990,0,0,0,1,0,0,0,0,1,0,1,0
28722,1,0,0,0,1,0,0,0,0,0,0,0
33245,0,0,0,0,1,0,0,0,0,0,0,0
57047,0,0,0,0,0,0,1,0,0,0,0,0
78717,0,0,0,0,0,1,0,1,0,0,0,0
16579,0,0,0,0,0,0,1,0,0,0,0,0
489661,1,1,0,0,0,1,0,0,0,0,1,0
56626,0,0,0,0,0,0,1,0,0,0,0,0
38664,4,0,1,0,0,1,0,0,0,0,0,0
6702,1,0,0,0,1,0,0,0,0,0,0,0
29042,1,0,0,1,0,0,0,0,0,0,0,0
55393,1,0,0,0,0,0,1,1,0,0,0,0
8507,0,0,0,0,0,0,1,0,0,0,0,0
140040,0,1,0,0,1,0,0,0,0,0,1,0
52714,0,0,0,0,0,0,1,0,0,0,0,0
141150,1,1,0,1,0,0,0,0,0,1,0,0
84578,2,0,0,0,0,0,1,0,0,0,0,0
171338,2,1,0,0,0,1,0,1,0,0,0,0
180298,2,1,0,0,0,0,1,0,0,0,0,0
241055,0,1,0,0,0,1,0,0,0,0,0,0
111632,0,1,0,1,0,0,0,0,0,0,0,0
111067,0,1,0,0,0,1,0,0,0,0,0,0
298822,0,1,0,0,0,1,0,0,0,0,0,0
41023,0,0,0,0,0,0,1,0,0,1,0,0
72702,0,0,0,0,1,0,0,0,0,0,0,0
177722,0,1,0,0,0,0,1,0,0,0,0,0
179340,0,1,0,1,0,0,0,0,0,0,0,0
44194,5,0,1,0,0,1,0,0,0,0,0,0
53654,0,0,0,0,0,1,0,1,0,0,0,0
66255,0,0,0,0,0,0,1,0,0,0,0,0
57314,2,0,0,0,1,0,0,1,0,0,0,0
32145,2,0,0,1,0,0,0,0,0,0,0,0
127627,0,1,0,0,0,0,1,0,0,1,0,0
30726,1,0,0,0,0,1,0,0,0,0,0,0
67810,0,0,0,0,0,1,0,0,0,0,0,0
15840,0,0,0,0,0,1,0,0,0,1,0,0
29404,4,0,1,0,1,0,0,0,0,0,0,0
9949,2,0,0,0,0,1,0,0,0,0,0,0
5421,4,0,1,0,0,0,1,0,0,0,0,0
24132,2,0,0,0,1,0,0,0,0,1,0,0
55398,2,0,0,0,1,0,0,0,1,0,0,0
42733,1,0,0,0,0,1,0,0,0,0,0,0
48189,1,0,0,0,1,0,0,0,0,0,0,0
40977,2,0,0,0,1,0,0,0,0,0,0,0
49361,0,0,0,1,0,0,0,0,1,0,0,0
49378,0,0,0,0,0,0,1,0,0,0,0,0
43073,0,0,0,0,0,1,0,1,0,0,0,0
15197,2,0,0,0,0,1,0,0,0,0,0,0
20397,0,0,0,0,1,0,0,0,0,0,0,0
194578,0,1,0,1,0,0,0,0,1,0,0,0
22376,0,0,0,1,0,0,0,0,0,0,0,0
7729,0,0,0,0,0,0,1,0,0,0,0,0
31471,0,0,0,1,0,0,0,0,1,0,0,0
127648,2,1,0,0,0,1,0,0,1,1,0,1
12073,0,0,0,0,0,0,1,0,0,0,0,0
53569,2,0,0,1,0,0,0,0,0,0,0,0
160748,1,1,0,1,0,0,0,0,0,0,1,0
217517,0,1,0,1,0,0,0,0,0,0,0,1
36111,1,0,0,0,1,0,0,1,0,0,0,0
32689,0,0,0,1,0,0,0,0,1,0,0,0
151260,0,1,0,0,1,0,0,0,0,0,0,0
8930,0,0,0,0,0,1,0,0,0,0,0,0
44629,0,0,0,0,0,0,1,0,0,0,0,0
47865,0,0,0,0,0,1,0,0,0,0,0,0
55934,0,0,0,0,0,0,1,0,0,0,0,0
78424,0,0,0,0,1,0,0,0,0,0,0,0
59221,0,0,0,1,0,0,0,0,1,0,0,0
63897,1,0,0,0,0,1,0,0,0,0,0,0
163519,1,1,0,0,1,0,0,0,0,0,0,0
61936,0,0,0,1,0,0,0,1,0,0,0,0
97994,0,0,0,1,0,0,0,0,0,0,0,0
46497,2,0,0,1,0,0,0,0,0,1,0,0
133838,1,1,0,0,0,0,1,0,1,0,0,1
464978,1,1,0,1,0,0,0,0,0,0,0,0
58271,0,0,0,0,0,1,0,0,0,0,0,0
71034,1,0,0,0,1,0,0,0,1,0,0,0
25072,2,0,0,1,0,0,0,1,0,0,0,0
37221,0,0,0,0,1,0,0,0,0,0,0,0
378128,0,1,0,0,0,0,1,0,0,0,0,0
98870,0,0,0,0,0,0,1,0,0,0,0,0
14963,1,0,0,1,0,0,0,1,0,0,0,0
104592,0,1,0,0,0,1,0,0,0,0,0,0
12348,2,0,0,0,0,0,1,0,0,0,0,0
48374,1,0,0,0,0,1,0,0,0,0,0,0
92914,0,0,0,1,0,0,0,0,0,0,0,0
30363,0,0,0,0,0,1,0,1,0,0,1,0
65610,0,0,0,0,1,0,0,1,0,0,0,0
199427,1,1,0,0,1,0,0,0,0,0,0,0
17372,0,0,0,0,0,1,0,0,1,0,0,0
159505,1,1,0,1,0,0,0,0,0,0,0,0
85657,0,0,0,0,0,1,0,0,0,0,0,0
130095,2,1,0,0,0,0,1,0,0,0,0,0
25986,0,0,0,0,1,0,0,0,1,0,0,0
83458,4,0,1,1,0,0,0,0,0,0,0,1
461931,1,1,0,0,1,0,0,0,0,0,0,0
65836,0,0,0,1,0,0,0,0,0,0,0,0
46672,3,0,0,0,0,0,1,0,0,0,0,0
79571,2,0,0,0,0,1,0,0,0,0,0,0
174696,0,1,0,0,0,1,0,0,0,0,0,0
36294,0,0,0,0,0,1,0,1,1,0,0,0
103257,0,1,0,0,0,0,1,0,0,0,0,0
79527,0,0,0,1,0,0,0,0,0,0,0,0
56552,0,0,0,1,0,0,0,0,0,0,0,0
144351,0,1,0,0,0,1,0,0,0,0,0,0
98015,0,0,0,0,1,0,0,0,0,1,0,0
12271,0,0,0,0,0,0,1,1,0,0,0,0
46846,0,0,0,0,0,1,0,0,1,0,0,0
29654,0,0,0,0,0,1,0,0,0,0,0,0
183676,0,1,0,0,0,0,1,0,0,0,0,0
13841,0,0,0,1,0,0,0,0,0,0,0,0
59481,1,0,0,1,0,0,0,1,0,0,0,0
45197,1,0,0,0,0,1,0,1,0,0,0,0
189722,0,1,0,1,0,0,0,0,0,0,0,0
320856,0,1,0,0,1,0,0,0,0,0,0,0
35025,0,0,0,0,1,0,0,0,0,0,0,0
51854,0,0,0,1,0,0,0,0,0,0,0,0
57344,0,0,0,1,0,0,0,0,1,0,0,0
52140,1,0,0,0,1,0,0,0,0,0,0,0
67055,0,0,0,1,0,0,0,0,0,0,0,0
25975,0,0,0,1,0,0,0,1,0,0,0,0
156163,0,1,0,0,0,0,1,0,0,0,0,0
99942,0,0,0,0,0,1,0,1,0,1,0,1
24251,0,0,0,1,0,0,0,1,0,0,1,0
21220,5,0,1,0,0,1,0,0,0,0,0,0
57775,1,0,0,0,1,0,0,0,0,0,0,0
56519,0,0,0,0,0,1,0,0,0,0,0,0
142139,0,1,0,1,0,0,0,0,0,0,0,0
199269,0,1,0,0,0,0,1,0,0,0,0,0
33660,1,0,0,1,0,0,0,1,0,0,0,0
65548,1,0,0,0,1,0,0,0,0,0,0,0
427751,1,1,0,0,0,0,1,1,0,0,0,0
164948,0,1,0,0,1,0,0,0,0,0,0,0
110275,0,1,0,0,0,0,1,0,0,0,0,0
66286,1,0,0,0,0,1,0,0,0,0,0,0
50416,0,0,0,0,0,0,1,0,0,0,0,0
38712,0,0,0,1,0,0,0,0,0,0,0,0
51008,0,0,0,0,0,1,0,0,0,0,0,0
35198,5,0,1,0,0,1,0,0,0,0,0,0
39185,0,0,0,0,1,0,0,1,0,0,1,0
76433,0,0,0,0,1,0,0,0,0,0,0,0
187623,0,1,0,0,0,1,0,1,0,0,0,0
31980,0,0,0,0,0,1,0,1,1,0,0,0
8453,0,0,0,0,0,1,0,0,0,0,1,0
70640,0,0,0,1,0,0,0,0,0,0,0,0
30108,0,0,0,0,0,0,1,0,0,0,1,1
38529,0,0,0,0,0,1,0,0,0,0,0,1
19486,0,0,0,1,0,0,0,0,0,0,0,0
65850,0,0,0,0,0,1,0,0,0,0,1,0
67406,1,0,0,0,0,0,1,1,0,0,0,0
26068,0,0,0,0,1,0,0,0,0,0,0,0
64800,1,0,0,1,0,0,0,0,0,1,0,0
68499,1,0,0,1,0,0,0,0,0,0,0,0
158767,0,1,0,0,0,1,0,0,0,0,0,0
12149,1,0,0,0,0,0,1,1,0,0,0,0
179059,0,1,0,0,0,1,0,0,0,1,0,1
22750,4,0,1,0,1,0,0,0,0,0,0,0
291114,0,1,0,1,0,0,0,0,0,0,1,0
58589,0,0,0,0,0,1,0,0,0,0,0,0
59319,0,0,0,0,0,1,0,0,0,0,0,0
34377,1,0,0,0,0,1,0,0,0,0,1,0
12843,1,0,0,0,0,1,0,0,0,0,0,0
26082,0,0,0,0,1,0,0,0,0,1,0,0
39640,2,0,0,0,1,0,0,0,0,0,0,0
65331,0,0,0,0,1,0,0,0,0,0,0,0
14573,1,0,0,0,1,0,0,0,0,1,0,0
165146,0,1,0,0,1,0,0,0,0,1,0,0
37026,1,0,0,0,0,0,1,0,0,0,0,0
79825,1,0,0,0,0,1,0,0,0,0,0,0
25214,0,0,0,0,0,1,0,0,0,0,0,0
97506,0,0,0,0,1,0,0,0,0,0,0,0
69990,0,0,0,1,0,0,0,1,0,0,0,0
126940,0,1,0,0,0,1,0,0,0,0,0,0
11929,0,0,0,0,0,0,1,0,0,0,1,1
145121,0,1,0,0,0,1,0,0,1,0,0,0
113313,0,1,0,1,0,0,0,0,0,0,0,0
38144,0,0,0,0,1,0,0,0,0,1,0,0
53723,0,0,0,1,0,0,0,0,0,0,0,0
51856,0,0,0,0,0,0,1,1,0,0,0,0
126404,1,1,0,0,0,1,0,0,0,0,0,0
149348,0,1,0,0,0,0,1,1,1,0,0,0
40471,1,0,0,1,0,0,0,0,0,1,0,0
21091,3,0,0,0,1,0,0,0,1,0,0,0
148929,4,1,1,0,1,0,0,0,1,0,0,1
195375,0,1,0,0,1,0,0,0,0,0,0,0
5185,0,0,0,1,0,0,0,0,0,0,0,0
70105,0,0,0,0,0,1,0,1,0,0,0,0
79494,4,0,1,0,1,0,0,0,0,0,1,0
116065,3,1,0,0,1,0,0,0,0,0,0,0
58998,0,0,0,1,0,0,0,0,0,0,0,0
41605,0,0,0,1,0,0,0,0,1,0,0,0
260286,0,1,0,0,0,0,1,0,0,0,0,0
443718,0,1,0,0,0,1,0,0,0,0,0,0
68516,0,0,0,0,0,1,0,0,0,0,0,0
37519,0,0,0,0,0,0,1,0,0,0,0,0
34617,1,0,0,0,1,0,0,0,0,0,0,0
305481,2,1,0,0,1,0,0,1,0,1,0,0
63526,0,0,0,0,0,1,0,0,0,0,1,0
63984,0,0,0,0,0,0,1,1,0,1,0,0
73358,5,0,1,0,0,1,0,1,1,0,0,0
189838,0,1,0,1,0,0,0,0,0,1,0,0
32307,3,0,0,0,1,0,0,0,0,0,0,0
71315,2,0,0,0,0,1,0,0,0,0,0,0
123731,2,1,0,1,0,0,0,0,0,0,0,0
29778,0,0,0,0,0,0,1,0,0,0,0,0
185023,0,1,0,1,0,0,0,0,0,0,0,0
166569,0,1,0,1,0,0,0,0,1,0,0,0
198822,0,1,0,0,1,0,0,0,0,0,0,0
75675,1,0,0,0,1,0,0,0,0,0,0,0
32163,1,0,0,0,0,0,1,0,0,0,0,0
78818,1,0,0,0,1,0,0,0,0,1,0,0
384080,0,1,0,0,0,1,0,1,0,0,0,0
76834,0,0,0,0,0,1,0,0,0,0,0,0
132363,2,1,0,0,0,0,1,0,0,0,0,0
98307,0,0,0,0,0,1,0,0,0,0,0,0
445377,0,1,0,0,0,0,1,0,0,0,0,0
110429,1,1,0,0,0,0,1,0,0,0,0,0
16497,0,0,0,1,0,0,0,0,0,0,0,0
57492,0,0,0,0,0,1,0,0,0,0,0,0
59010,1,0,0,1,0,0,0,1,0,0,0,0
91664,1,0,0,0,0,0,1,0,1,0,0,0
13951,0,0,0,0,0,0,1,0,0,0,1,1
360704,1,1,0,0,0,0,1,0,1,0,0,0
143602,3,1,0,0,0,1,0,0,0,0,0,0
177151,1,1,0,0,0,1,0,0,0,1,0,1
175814,1,1,0,0,0,1,0,0,0,0,0,0
51243,0,0,0,0,1,0,0,0,0,0,1,0
74081,1,0,0,0,0,0,1,0,0,0,0,0
32834,1,0,0,0,0,1,0,0,0,0,0,0
31504,0,0,0,0,0,1,0,1,0,0,0,0
144089,0,1,0,0,1,0,0,0,0,0,0,0
78061,2,0,0,0,0,1,0,0,1,0,0,0
28492,0,0,0,0,1,0,0,0,0,1,0,0
66938,1,0,0,1,0,0,0,0,1,0,0,0
159039,2,1,0,1,0,0,0,1,0,0,0,1
16473,3,0,0,0,0,1,0,0,0,0,0,0
11010,0,0,0,0,0,1,0,0,0,0,0,0
38145,0,0,0,0,0,0,1,0,1,0,0,0
11154,1,0,0,0,1,0,0,0,0,0,0,0
6869,0,0,0,0,0,1,0,0,0,1,0,0
53454,0,0,0,0,0,1,0,0,0,0,0,0
187484,0,1,0,0,1,0,0,0,1,0,0,0
45974,0,0,0,0,0,1,0,0,1,0,0,0
133528,0,1,0,0,0,1,0,0,0,0,0,0
16570,0,0,0,0,0,1,0,0,1,0,0,0
22099,0,0,0,0,1,0,0,0,0,1,0,0
68791,0,0,0,1,0,0,0,0,0,0,0,0
53402,0,0,0,0,1,0,0,0,0,0,0,0
12134,2,0,0,0,0,1,0,0,1,0,0,0
45724,0,0,0,0,0,0,1,0,0,0,0,0
71264,0,0,0,0,1,0,0,0,0,0,0,0
24181,0,0,0,0,0,0,1,1,0,0,0,0
12189,1,0,0,0,1,0,0,0,0,0,0,0
356375,0,1,0,1,0,0,0,0,0,0,0,0
288819,0,1,0,0,0,0,1,0,0,0,0,0
16361,0,0,0,0,0,1,0,0,0,0,0,0
60158,0,0,0,0,1,0,0,0,0,0,0,0
194905,0,1,0,1,0,0,0,1,0,0,0,1
33344,0,0,0,1,0,0,0,0,0,0,0,0
10963,0,0,0,1,0,0,0,0,0,0,0,0
46969,0,0,0,0,0,0,1,0,0,0,1,0
102828,2,1,0,0,1,0,0,0,0,0,0,0
119904,0,1,0,0,0,1,0,0,0,0,0,0
86976,0,0,0,1,0,0,0,0,1,0,0,0
54864,1,0,0,0,1,0,0,0,0,0,0,0
52309,0,0,0,0,0,0,1,1,0,0,0,0
55630,0,0,0,0,1,0,0,0,0,0,1,0
158355,0,1,0,0,0,0,1,0,0,0,0,0
44173,0,0,0,1,0,0,0,0,1,0,0,0
87949,1,0,0,0,0,1,0,0,0,0,0,0
146087,0,1,0,0,1,0,0,0,0,0,0,0
71838,0,0,0,1,0,0,0,0,0,0,1,0
79017,0,0,0,0,1,0,0,0,0,0,0,0
191389,0,1,0,0,0,0,1,0,1,0,0,0
142209,1,1,0,0,0,1,0,0,0,0,0,0
16739,0,0,0,0,1,0,0,1,0,0,0,0
21291,0,0,0,1,0,0,0,0,0,0,0,0
78989,0,0,0,0,0,1,0,0,0,0,1,0
85258,0,0,0,0,0,0,1,0,0,1,0,0
29850,1,0,0,0,1,0,0,0,1,0,0,0
145385,0,1,0,0,0,1,0,0,0,0,0,0
57544,1,0,0,0,1,0,0,0,0,0,0,0
56498,1,0,0,0,1,0,0,0,0,0,0,0
318356,1,1,0,0,0,1,0,1,0,0,0,0
22457,0,0,0,1,0,0,0,0,0,0,0,0
105553,0,1,0,0,1,0,0,0,0,0,0,0
66235,0,0,0,1,0,0,0,1,0,0,0,0
180699,0,1,0,0,1,0,0,0,0,0,0,0
166589,0,1,0,0,1,0,0,0,0,0,0,0
154700,1,1,0,0,0,1,0,0,0,0,0,0
103255,2,1,0,0,0,0,1,1,0,0,1,1
58018,4,0,1,1,0,0,0,0,0,0,1,0
56020,0,0,0,0,0,0,1,0,1,0,0,0
69367,0,0,0,1,0,0,0,0,0,0,0,0
121736,0,1,0,1,0,0,0,0,0,1,0,0
192728,0,1,0,0,0,0,1,0,0,0,0,0
54902,1,0,0,0,0,0,1,0,0,0,0,0
56413,0,0,0,0,0,1,0,0,0,0,0,0
47212,1,0,0,0,1,0,0,0,0,0,0,0
8763,0,0,0,0,1,0,0,0,0,0,0,0
150187,0,1,0,0,0,1,0,0,0,1,0,1
162925,0,1,0,0,0,1,0,0,0,0,0,0
15733,1,0,0,0,0,0,1,0,0,0,0,0
97125,2,0,0,1,0,0,0,0,0,0,0,0
66686,1,0,0,0,0,1,0,0,1,0,0,0
38031,0,0,0,0,1,0,0,0,0,0,0,0
69457,1,0,0,1,0,0,0,0,1,0,0,0
57089,0,0,0,0,1,0,0,0,0,0,0,1
124890,0,1,0,0,0,1,0,0,0,0,0,0
106439,1,1,0,1,0,0,0,0,0,0,0,0
71993,0,0,0,1,0,0,0,0,0,0,0,0
55121,2,0,0,0,1,0,0,1,0,0,0,0
185565,0,1,0,1,0,0,0,1,0,0,0,1
28689,1,0,0,0,0,0,1,0,1,1,0,0
454553,1,1,0,0,1,0,0,0,0,0,0,1
48361,1,0,0,0,0,1,0,0,0,0,0,0
31780,0,0,0,1,0,0,0,0,0,0,0,0
73160,0,0,0,1,0,0,0,0,0,0,0,0
21160,1,0,0,1,0,0,0,0,1,0,1,0
64397,1,0,0,0,0,1,0,0,0,0,0,0
9401,0,0,0,0,0,1,0,0,0,0,0,0
78313,1,0,0,0,0,1,0,0,0,0,0,0
56587,1,0,0,0,0,1,0,0,0,0,0,0
25474,5,0,1,0,1,0,0,0,0,0,0,0
96375,2,0,0,0,0,1,0,0,0,0,0,0
177373,0,1,0,0,0,1,0,0,0,0,0,0
37530,0,0,0,0,0,0,1,0,0,0,0,0
143936,0,1,0,0,0,1,0,0,0,0,0,0
227383,0,1,0,1,0,0,0,1,0,0,0,1
134340,0,1,0,1,0,0,0,0,0,0,0,0
59174,0,0,0,0,0,1,0,1,0,0,1,0
13831,0,0,0,0,0,0,1,0,0,0,0,0
79851,1,0,0,0,0,1,0,0,0,0,0,0
31852,0,0,0,1,0,0,0,1,1,0,0,0
41905,0,0,0,1,0,0,0,1,0,0,0,0
7225,1,0,0,0,1,0,0,0,0,0,0,0
51240,0,0,0,0,1,0,0,0,0,0,0,0
25885,0,0,0,1,0,0,0,0,0,0,0,0
189976,0,1,0,0,1,0,0,0,0,0,0,0
59143,3,0,0,0,0,1,0,0,0,1,0,1
8934,1,0,0,1,0,0,0,0,0,0,0,0
47777,0,0,0,0,1,0,0,0,0,0,0,0
144299,0,1,0,1,0,0,0,0,0,0,0,0
17863,0,0,0,0,0,1,0,0,0,0,0,0
42229,1,0,0,0,0,0,1,0,0,0,0,0
89677,0,0,0,1,0,0,0,0,0,0,0,0
26826,3,0,0,0,0,1,0,0,0,0,0,0
97175,0,0,0,1,0,0,0,0,0,0,0,0
111157,2,1,0,1,0,0,0,0,0,0,0,0
177624,0,1,0,0,0,1,0,0,1,1,1,0
95338,0,0,0,0,0,0,1,0,0,0,0,0
62454,0,0,0,0,0,0,1,0,0,0,0,0
67486,0,0,0,0,0,0,1,0,0,0,0,0
18191,0,0,0,0,0,0,1,0,0,0,0,0
64059,0,0,0,0,0,1,0,0,0,0,0,0
86563,1,0,0,0,1,0,0,0,0,0,0,0
134994,0,1,0,0,0,0,1,0,0,0,0,0
46351,1,0,0,0,0,1,0,0,0,1,0,1
62806,2,0,0,0,0,1,0,0,0,0,0,0
19065,0,0,0,0,0,1,0,0,0,0,0,0
27956,0,0,0,0,0,1,0,0,0,0,0,0
28781,0,0,0,0,0,1,0,0,0,0,0,0
61387,0,0,0,0,0,0,1,0,1,0,0,0
66654,0,0,0,0,1,0,0,0,0,0,0,0
103640,0,1,0,0,0,0,1,0,0,0,0,0
66591,0,0,0,1,0,0,0,0,0,0,1,0
194631,0,1,0,0,1,0,0,1,0,0,0,0
6698,0,0,0,1,0,0,0,0,0,0,0,0
58067,0,0,0,0,0,0,1,0,0,0,0,0
44380,5,0,1,0,0,1,0,0,1,1,0,1
187003,0,1,0,1,0,0,0,1,0,0,0,0
61075,0,0,0,1,0,0,0,0,1,0,0,0
317094,0,1,0,0,1,0,0,0,0,1,0,1
181898,0,1,0,0,1,0,0,0,0,0,0,0
75177,0,0,0,0,1,0,0,0,0,1,0,0
173750,2,1,0,0,0,0,1,0,0,0,1,1
77942,0,0,0,1,0,0,0,1,0,0,0,0
79961,3,0,0,0,1,0,0,0,0,0,0,0
36542,1,0,0,0,0,0,1,0,0,0,0,0
5471,0,0,0,0,1,0,0,0,0,1,0,0
63559,0,0,0,1,0,0,0,0,1,0,0,0
184039,0,1,0,0,1,0,0,0,0,0,0,0
27282,2,0,0,0,1,0,0,0,0,1,0,0
118471,0,1,0,1,0,0,0,0,0,0,1,0
42222,1,0,0,1,0,0,0,0,0,0,0,0
17454,0,0,0,1,0,0,0,1,0,0,0,0
5348,0,0,0,0,0,1,0,0,0,0,0,0
55154,1,0,0,0,0,0,1,0,0,0,0,0
48974,0,0,0,0,0,1,0,0,0,0,1,0
42734,0,0,0,0,0,0,1,0,1,0,0,0
155004,0,1,0,0,1,0,0,0,0,0,0,0
36966,1,0,0,0,0,1,0,0,0,0,0,0
15561,0,0,0,1,0,0,0,0,0,0,0,0
28580,0,0,0,0,1,0,0,0,0,0,0,0
25699,0,0,0,1,0,0,0,0,0,0,1,0
43711,0,0,0,1,0,0,0,0,1,0,0,0
71299,3,0,0,0,1,0,0,0,0,0,0,0
82511,0,0,0,0,0,1,0,1,0,0,0,0
123607,5,1,1,0,0,1,0,1,0,0,0,0
18732,0,0,0,0,0,0,1,0,0,0,0,0
38580,0,0,0,1,0,0,0,0,0,0,0,0
58065,0,0,0,0,0,1,0,0,0,0,0,0
30291,0,0,0,1,0,0,0,0,0,0,0,0
95331,0,0,0,0,1,0,0,0,0,0,0,0
17929,0,0,0,1,0,0,0,0,0,0,0,0
72520,0,0,0,0,0,1,0,0,0,0,0,0
78250,1,0,0,0,0,1,0,1,0,0,0,0
69152,0,0,0,0,0,1,0,1,0,0,0,0
52788,1,0,0,1,0,0,0,0,1,0,0,0
66622,0,0,0,0,0,1,0,1,0,0,0,0
41426,2,0,0,0,0,1,0,0,0,0,0,0
252883,0,1,0,0,0,0,1,0,0,0,0,0
19467,3,0,0,0,0,0,1,0,0,0,0,0
101575,0,1,0,0,0,1,0,1,0,0,0,0
34741,0,0,0,0,0,1,0,0,0,0,1,0
38482,0,0,0,1,0,0,0,0,0,0,0,0
21126,0,0,0,1,0,0,0,0,1,1,0,0
120043,0,1,0,0,0,1,0,1,0,0,0,0
58876,0,0,0,0,0,0,1,0,0,1,0,0
453920,2,1,0,0,1,0,0,1,0,0,0,1
69954,0,0,0,0,0,0,1,0,0,0,0,0
12716,0,0,0,0,1,0,0,0,1,0,0,0
155452,5,1,1,0,1,0,0,0,0,0,1,0
32611,0,0,0,1,0,0,0,0,0,0,0,0
407757,1,1,0,0,1,0,0,1,0,1,0,1
66262,4,0,1,0,0,1,0,1,0,0,0,0
13476,0,0,0,0,1,0,0,0,0,0,0,0
47332,0,0,0,0,0,0,1,0,0,0,1,1
145611,1,1,0,0,1,0,0,1,0,0,0,0
54566,1,0,0,0,1,0,0,0,0,0,0,0
382337,1,1,0,1,0,0,0,1,0,0,0,1
125045,2,1,0,0,1,0,0,0,1,0,0,0
61477,0,0,0,0,0,0,1,0,0,0,0,0
31313,0,0,0,0,0,1,0,0,0,1,0,0
7607,1,0,0,0,0,1,0,0,0,1,0,1
61561,1,0,0,0,0,1,0,0,0,0,0,0
74209,1,0,0,1,0,0,0,0,0,0,0,0
20648,1,0,0,0,0,1,0,1,0,0,0,0
71567,0,0,0,1,0,0,0,0,0,0,0,0
34013,0,0,0,1,0,0,0,0,0,0,1,0
59374,0,0,0,1,0,0,0,0,0,1,1,0
20040,0,0,0,0,0,1,0,0,0,0,0,0
47078,0,0,0,0,0,1,0,0,0,0,0,0
20726,1,0,0,0,0,1,0,0,0,0,0,0
18163,0,0,0,0,0,0,1,0,0,0,0,0
24365,5,0,1,0,1,0,0,0,0,0,0,0
20541,0,0,0,0,0,1,0,0,0,0,0,0
168516,1,1,0,0,0,1,0,0,0,0,0,0
59366,1,0,0,0,0,1,0,1,0,0,0,0
50139,3,0,0,1,0,0,0,0,0,1,0,0
8504,0,0,0,0,0,0,1,0,0,0,0,0
41945,1,0,0,0,1,0,0,0,0,0,0,0
135316,1,1,0,1,0,0,0,1,0,0,0,1
37361,1,0,0,0,1,0,0,0,0,0,0,0
42028,0,0,0,0,1,0,0,0,0,0,0,0
63445,1,0,0,0,0,0,1,0,1,0,0,0
319157,1,1,0,0,0,0,1,0,0,0,0,0
184309,1,1,0,1,0,0,0,0,1,0,0,0
55242,0,0,0,0,0,0,1,1,1,0,0,0
173413,1,1,0,1,0,0,0,0,0,1,0,0
59298,1,0,0,0,0,0,1,0,0,0,0,0
102664,0,1,0,0,0,1,0,0,1,0,0,0
54685,2,0,0,0,1,0,0,0,0,0,0,0
77108,1,0,0,0,1,0,0,0,0,0,0,0
47383,0,0,0,1,0,0,0,0,0,0,0,1
51273,0,0,0,0,0,1,0,0,0,0,0,0
21843,1,0,0,0,0,0,1,0,0,0,0,0
113556,0,1,0,0,1,0,0,1,0,0,0,0
48883,0,0,0,0,1,0,0,0,0,0,0,0
28898,2,0,0,0,0,0,1,0,0,1,0,0
70213,1,0,0,0,0,0,1,0,0,0,0,0
176383,0,1,0,0,1,0,0,0,0,0,0,0
46966,1,0,0,0,0,0,1,0,0,0,0,0
59420,1,0,0,0,0,0,1,1,0,0,0,0
56755,0,0,0,0,1,0,0,1,0,0,0,0
57546,0,0,0,0,0,1,0,0,0,0,0,0
65597,2,0,0,1,0,0,0,1,0,0,0,0
170154,1,1,0,0,1,0,0,0,1,0,1,0
76319,0,0,0,0,0,1,0,0,0,0,0,0
17595,0,0,0,0,0,0,1,0,0,0,0,0
79963,0,0,0,0,1,0,0,0,0,0,0,0
13834,0,0,0,1,0,0,0,0,0,0,0,0
25514,0,0,0,0,0,1,0,0,0,0,0,0
151688,1,1,0,0,1,0,0,0,0,0,0,0
58731,0,0,0,0,1,0,0,1,0,0,0,0
6285,2,0,0,0,1,0,0,0,0,0,0,0
177933,1,1,0,0,0,1,0,0,0,0,0,0
114078,0,1,0,0,0,0,1,0,0,0,0,0
48318,0,0,0,0,0,1,0,0,0,0,0,0
61413,2,0,0,0,1,0,0,0,0,0,0,0
26573,0,0,0,0,0,1,0,0,0,0,0,0
40347,0,0,0,0,1,0,0,0,0,0,0,0
143529,4,1,1,0,0,0,1,0,0,0,0,0
194306,0,1,0,0,0,1,0,0,0,0,1,0
121960,0,1,0,0,1,0,0,0,0,0,0,0
14529,1,0,0,0,0,0,1,1,0,0,0,0
85307,1,0,0,0,1,0,0,0,0,0,0,0
79353,0,0,0,1,0,0,0,0,0,0,0,0
12251,1,0,0,0,1,0,0,0,0,0,0,0
25503,0,0,0,1,0,0,0,0,0,0,0,0
183123,0,1,0,0,1,0,0,0,0,0,0,0
133990,0,1,0,0,0,0,1,0,0,0,0,0
52683,1,0,0,0,0,1,0,0,0,0,0,0
170405,3,1,0,0,1,0,0,0,0,0,0,0
20868,0,0,0,0,0,1,0,0,0,0,0,0
71325,1,0,0,0,0,0,1,0,0,0,0,0
73363,0,0,0,0,0,0,1,0,0,1,0,0
21841,0,0,0,0,0,0,1,0,0,0,1,1
27367,0,0,0,0,1,0,0,0,0,0,0,0
78304,0,0,0,0,1,0,0,1,0,0,0,0
59232,0,0,0,0,0,0,1,0,0,0,0,0
22149,0,0,0,0,0,0,1,0,0,0,0,0
149284,0,1,0,0,0,1,0,0,0,0,0,0
42520,0,0,0,1,0,0,0,0,0,0,0,0
53067,1,0,0,1,0,0,0,1,0,0,0,0
44435,0,0,0,0,0,1,0,0,0,0,0,0
45337,1,0,0,0,0,0,1,0,0,1,0,0
26593,0,0,0,0,0,0,1,0,0,0,0,0
58342,0,0,0,0,1,0,0,0,0,0,0,0
93695,0,0,0,0,1,0,0,0,0,0,0,0
133252,3,1,0,1,0,0,0,1,0,0,0,1
54941,0,0,0,0,0,1,0,0,0,0,0,0
64300,0,0,0,0,0,0,1,0,0,0,0,0
71271,1,0,0,1,0,0,0,0,0,0,0,0
15811,0,0,0,0,0,1,0,1,0,0,0,0
50220,1,0,0,0,0,1,0,0,0,0,0,0
175721,1,1,0,1,0,0,0,0,0,0,0,0
286392,0,1,0,0,0,0,1,0,0,0,0,0
27329,0,0,0,0,0,1,0,0,0,0,0,0
38532,2,0,0,1,0,0,0,1,0,0,0,0
124468,0,1,0,0,1,0,0,0,0,0,0,0
29660,0,0,0,1,0,0,0,0,0,1,0,0
58664,0,0,0,0,1,0,0,0,0,0,0,0
150441,3,1,0,0,0,1,0,0,0,0,0,0
50426,1,0,0,0,1,0,0,0,1,0,0,0
164694,0,1,0,0,0,0,1,0,0,1,0,0
44637,0,0,0,1,0,0,0,0,0,0,0,0
6485,0,0,0,0,0,1,0,0,0,0,1,0
167575,2,1,0,0,0,1,0,0,0,0,0,0
81613,0,0,0,0,0,0,1,0,0,0,0,0
69809,0,0,0,0,1,0,0,0,0,0,0,0
328300,0,1,0,1,0,0,0,1,0,0,0,1
73610,0,0,0,1,0,0,0,0,0,1,1,0
17182,1,0,0,0,1,0,0,0,0,0,1,0
41775,1,0,0,0,0,0,1,0,0,1,0,0
28235,5,0,1,1,0,0,0,0,0,0,0,1
74854,0,0,0,0,1,0,0,0,0,0,1,0
37613,0,0,0,1,0,0,0,1,1,0,0,0
64575,0,0,0,0,0,1,0,0,1,1,0,1
52907,1,0,0,0,0,1,0,0,1,0,0,0
95147,0,0,0,1,0,0,0,0,0,0,0,0
129120,1,1,0,1,0,0,0,0,0,0,1,0
136987,0,1,0,1,0,0,0,0,1,0,0,0
54694,0,0,0,0,1,0,0,0,0,0,0,0
37774,0,0,0,0,0,1,0,0,0,0,0,0
62799,1,0,0,0,0,1,0,0,0,0,0,0
8687,0,0,0,0,0,1,0,0,1,0,0,0
26968,3,0,0,1,0,0,0,0,0,0,0,0
70010,2,0,0,0,1,0,0,0,0,0,1,0
77592,2,0,0,1,0,0,0,0,1,0,0,0
360093,3,1,0,0,0,1,0,0,0,1,0,1
45667,2,0,0,0,0,0,1,0,0,0,0,0
411454,2,1,0,1,0,0,0,0,0,0,0,1
73465,1,0,0,1,0,0,0,0,0,1,0,0
13365,1,0,0,1,0,0,0,1,1,0,0,0
89846,0,0,0,0,1,0,0,1,0,0,0,0
43226,1,0,0,0,0,0,1,1,0,0,0,0
135407,2,1,0,1,0,0,0,0,0,1,0,0
60387,0,0,0,0,1,0,0,0,1,0,0,0
46218,0,0,0,0,0,1,0,0,0,0,1,0
183514,0,1,0,0,0,0,1,0,0,0,0,0
54249,0,0,0,0,0,1,0,0,0,0,0,0
70314,0,0,0,0,0,0,1,0,0,0,0,0
127554,1,1,0,0,1,0,0,0,1,0,0,0
95148,0,0,0,1,0,0,0,0,0,0,0,0
50888,0,0,0,0,0,1,0,0,0,0,0,0
60839,2,0,0,0,1,0,0,0,0,0,0,0
74827,4,0,1,1,0,0,0,0,0,0,0,0
99466,1,0,0,0,1,0,0,1,0,0,0,0
50093,3,0,0,0,1,0,0,1,0,0,0,0
69823,0,0,0,0,0,0,1,0,0,0,0,0
29266,0,0,0,1,0,0,0,0,0,0,0,0
271272,1,1,0,0,0,1,0,0,0,0,0,0
65336,0,0,0,0,1,0,0,0,0,0,0,0
14653,0,0,0,1,0,0,0,0,0,0,0,0
351176,1,1,0,0,0,1,0,1,0,0,0,0
47172,2,0,0,0,1,0,0,1,0,0,0,0
307532,0,1,0,0,0,0,1,0,0,1,0,0
53808,0,0,0,0,1,0,0,0,1,0,0,0
429465,2,1,0,0,0,1,0,0,0,0,0,1
9085,0,0,0,0,0,1,0,0,1,0,0,0
18253,1,0,0,0,0,1,0,0,0,0,0,0
77526,1,0,0,0,0,1,0,1,0,0,0,0
7115,0,0,0,1,0,0,0,0,0,0,0,0
171352,0,1,0,1,0,0,0,0,1,0,0,0
35194,0,0,0,0,0,1,0,0,1,0,0,0
197460,0,1,0,0,1,0,0,1,0,0,0,0
61570,0,0,0,0,0,1,0,1,0,1,1,1
33684,0,0,0,1,0,0,0,1,0,0,0,0
121127,1,1,0,1,0,0,0,0,0,0,0,0
62073,0,0,0,0,0,1,0,0,1,0,1,0
52390,2,0,0,0,0,1,0,1,1,0,0,0
46413,1,0,0,0,0,0,1,0,0,0,0,0
67751,0,0,0,1,0,0,0,0,0,0,1,0
43389,1,0,0,0,0,1,0,0,0,0,0,0
77298,0,0,0,0,0,0,1,0,0,0,0,0
71472,0,0,0,1,0,0,0,0,0,0,0,0
19267,0,0,0,1,0,0,0,0,0,0,0,0
187290,1,1,0,0,0,0,1,0,0,0,0,0
54250,0,0,0,0,0,1,0,0,1,0,0,0
76072,0,0,0,0,0,1,0,0,0,0,0,0
173373,0,1,0,0,0,1,0,0,0,0,0,0
5650,0,0,0,0,0,1,0,0,0,0,0,0
67467,1,0,0,0,0,0,1,0,0,0,0,0
125955,0,1,0,0,0,1,0,0,0,0,0,0
170711,1,1,0,0,0,0,1,0,0,0,0,0
145040,1,1,0,0,0,0,1,0,0,0,0,0
107860,1,1,0,0,0,0,1,0,0,0,0,0
51587,1,0,0,1,0,0,0,0,0,0,0,0
41985,0,0,0,0,0,1,0,0,0,0,0,0
49148,1,0,0,0,0,1,0,0,0,0,0,0
205171,1,1,0,0,0,1,0,0,1,0,0,0
77787,0,0,0,0,0,0,1,0,1,0,0,0
104562,1,1,0,1,0,0,0,0,0,0,0,0
57180,1,0,0,0,0,0,1,0,0,0,0,0
13471,0,0,0,0,0,1,0,0,1,0,0,0
55881,1,0,0,0,0,1,0,0,0,0,0,0
45353,1,0,0,1,0,0,0,0,0,0,0,0
17801,0,0,0,0,0,1,0,0,0,0,0,0
13935,4,0,1,0,0,1,0,0,1,1,1,1
153778,1,1,0,0,1,0,0,0,0,0,0,0
153088,1,1,0,0,0,1,0,0,0,0,0,0
36934,0,0,0,0,0,1,0,1,0,0,0,0
48254,0,0,0,0,1,0,0,0,0,0,0,0
143886,0,1,0,0,0,0,1,0,0,0,0,0
67931,0,0,0,0,1,0,0,0,0,0,0,0
41922,0,0,0,0,0,0,1,0,0,0,0,0
22648,0,0,0,1,0,0,0,0,0,1,0,0
51871,0,0,0,0,0,0,1,0,0,0,0,0
34523,3,0,0,0,0,0,1,0,0,0,0,0
8639,1,0,0,0,0,0,1,1,0,0,0,0
166371,0,1,0,0,0,0,1,0,0,1,0,0
100878,3,1,0,0,1,0,0,0,0,0,0,0
46037,2,0,0,0,0,0,1,1,0,0,0,0
217062,3,1,0,1,0,0,0,0,0,1,1,1
29974,1,0,0,0,1,0,0,0,0,0,0,0
46526,0,0,0,0,0,1,0,0,0,0,0,0
182283,1,1,0,0,0,0,1,0,0,0,0,0
53377,3,0,0,1,0,0,0,0,0,0,0,0
122742,2,1,0,0,0,0,1,0,0,1,0,0
7461,0,0,0,0,0,0,1,0,0,0,0,0
38038,2,0,0,0,1,0,0,1,0,0,0,0
55089,1,0,0,1,0,0,0,0,0,0,0,0
66279,0,0,0,0,1,0,0,0,0,0,0,0
64920,0,0,0,1,0,0,0,1,0,0,0,0
18454,0,0,0,0,0,1,0,0,0,0,0,0
20377,0,0,0,0,1,0,0,0,0,0,0,0
443199,2,1,0,0,0,0,1,0,0,0,0,0
56259,0,0,0,0,0,1,0,0,1,0,0,0
6908,2,0,0,0,1,0,0,0,0,0,0,0
139988,0,1,0,0,0,0,1,1,1,0,0,0
99880,5,0,1,0,0,0,1,1,1,1,0,1
54245,0,0,0,0,0,1,0,0,0,0,0,0
40157,0,0,0,1,0,0,0,0,1,0,0,0
42684,2,0,0,0,1,0,0,0,1,0,0,0
203049,0,1,0,0,1,0,0,0,0,0,0,0
37109,0,0,0,0,0,0,1,0,0,0,0,0
69038,1,0,0,0,0,0,1,0,0,0,0,0
95501,2,0,0,1,0,0,0,0,1,0,0,0
55175,0,0,0,0,0,0,1,0,0,0,0,0
53469,2,0,0,0,0,1,0,0,0,0,0,0
52375,0,0,0,0,0,1,0,1,0,0,0,0
5424,0,0,0,1,0,0,0,0,0,0,0,0
24057,1,0,0,0,1,0,0,0,0,0,0,0
159001,0,1,0,0,1,0,0,1,0,0,0,0
43938,1,0,0,0,1,0,0,0,0,0,0,0
30553,0,0,0,0,0,0,1,0,0,0,1,1
76178,0,0,0,0,0,1,0,1,1,0,0,0
182374,0,1,0,0,0,0,1,1,0,0,0,0
79710,0,0,0,0,1,0,0,0,0,0,0,0
44742,0,0,0,0,0,0,1,0,0,0,0,0
51782,0,0,0,0,0,0,1,1,0,0,0,0
76042,0,0,0,0,0,0,1,0,0,0,0,0
132922,0,1,0,0,0,0,1,1,0,0,0,0
146086,1,1,0,0,0,0,1,0,0,0,0,0
8045,0,0,0,0,0,0,1,0,0,0,0,0
13164,0,0,0,1,0,0,0,0,0,0,0,0
149990,0,1,0,0,0,1,0,0,1,1,0,1
71106,1,0,0,1,0,0,0,0,0,0,0,0
77847,0,0,0,1,0,0,0,0,0,0,0,0
15524,0,0,0,0,0,0,1,1,0,0,0,0
167641,0,1,0,1,0,0,0,1,0,0,0,1
85114,0,0,0,0,1,0,0,1,0,0,0,0
180135,0,1,0,0,0,1,0,0,0,0,0,0
50036,1,0,0,0,1,0,0,0,0,0,0,0
40560,0,0,0,0,0,0,1,0,0,0,0,0
31593,1,0,0,0,1,0,0,0,0,0,0,0
91387,0,0,0,0,0,0,1,0,0,0,0,0
68050,0,0,0,0,1,0,0,0,0,0,0,0
61877,0,0,0,1,0,0,0,0,0,0,0,0
45761,2,0,0,0,0,1,0,0,0,0,0,0
80556,2,0,0,0,1,0,0,0,0,0,0,0
105990,0,1,0,0,0,0,1,0,0,0,0,0
186661,0,1,0,1,0,0,0,0,1,0,0,0
113716,0,1,0,0,0,0,1,0,0,1,0,0
69270,1,0,0,0,0,1,0,0,0,0,0,0
78523,0,0,0,0,0,0,1,0,1,0,0,0
86518,1,0,0,0,1,0,0,0,1,0,0,0
42652,0,0,0,0,0,1,0,0,1,0,1,0
87050,0,0,0,0,0,1,0,1,0,0,0,0
43773,0,0,0,0,1,0,0,0,0,0,0,0
37457,0,0,0,0,1,0,0,0,0,0,0,0
14363,0,0,0,0,1,0,0,0,0,0,0,0
277273,4,1,1,0,0,1,0,0,1,0,0,0
36370,0,0,0,0,1,0,0,0,0,0,0,0
21188,0,0,0,0,0,0,1,0,0,0,0,0
464880,0,1,0,0,0,0,1,0,0,0,0,0
22058,0,0,0,1,0,0,0,0,0,0,0,0
460063,1,1,0,1,0,0,0,0,0,0,0,0
30010,1,0,0,0,0,1,0,0,0,0,0,0
389961,0,1,0,0,1,0,0,0,0,0,0,1
42232,0,0,0,0,0,1,0,0,1,0,0,0
34847,0,0,0,0,0,0,1,0,0,0,0,0
23677,0,0,0,0,0,1,0,0,0,0,0,0
5655,0,0,0,0,0,0,1,0,1,0,0,0
196276,0,1,0,0,0,1,0,1,1,0,0,0
55436,1,0,0,0,0,1,0,0,1,0,0,0
22563,2,0,0,0,1,0,0,0,0,0,0,0
78988,0,0,0,1,0,0,0,0,1,0,0,0
23495,1,0,0,0,0,1,0,0,0,1,0,1
19392,2,0,0,1,0,0,0,0,0,1,0,0
18816,0,0,0,0,0,0,1,0,0,0,0,0
374532,0,1,0,1,0,0,0,0,0,0,0,0
56748,0,0,0,0,0,0,1,0,0,0,0,0
24908,0,0,0,0,0,1,0,0,0,0,0,0
189195,0,1,0,1,0,0,0,0,0,0,0,1
89214,1,0,0,0,0,0,1,0,0,0,0,0
20958,0,0,0,1,0,0,0,0,0,0,0,0
61458,1,0,0,0,0,0,1,0,0,0,0,0
193114,0,1,0,0,0,0,1,0,1,0,0,0
33415,0,0,0,0,1,0,0,0,1,0,1,0
9686,0,0,0,0,1,0,0,0,0,0,0,0
24842,1,0,0,0,1,0,0,0,0,0,0,0
412711,0,1,0,0,1,0,0,0,0,0,0,0
33392,1,0,0,0,1,0,0,0,0,0,0,0
14772,1,0,0,1,0,0,0,0,0,1,0,0
50497,1,0,0,0,0,1,0,0,0,1,0,1
75111,0,0,0,0,1,0,0,0,0,0,0,0
60920,2,0,0,1,0,0,0,0,0,0,0,0
73010,1,0,0,1,0,0,0,0,0,0,1,0
5886,0,0,0,0,1,0,0,0,0,0,0,0
169949,0,1,0,0,1,0,0,0,1,1,1,0
52565,0,0,0,0,1,0,0,0,0,0,1,0
143743,1,1,0,0,0,0,1,0,0,0,0,0
41471,0,0,0,0,0,1,0,0,0,0,0,0
53582,2,0,0,1,0,0,0,0,0,0,0,0
36747,0,0,0,0,1,0,0,0,0,1,0,0
68249,1,0,0,0,1,0,0,1,0,0,0,0
122689,1,1,0,0,0,1,0,0,0,0,0,0
50521,0,0,0,0,0,0,1,0,0,0,0,0
12928,0,0,0,0,0,0,1,0,0,0,1,1
53508,0,0,0,1,0,0,0,0,1,0,0,0
49232,1,0,0,0,0,0,1,1,0,0,1,1
48616,0,0,0,1,0,0,0,0,1,0,0,0
123266,0,1,0,0,0,0,1,0,1,0,0,0
27155,0,0,0,0,0,0,1,0,0,0,0,0
72869,0,0,0,0,0,0,1,0,0,0,0,0
477495,0,1,0,1,0,0,0,0,0,1,0,1
184201,1,1,0,0,0,1,0,0,0,0,0,0
14609,0,0,0,0,0,0,1,0,0,1,1,1
5475,0,0,0,1,0,0,0,0,0,0,0,0
40650,0,0,0,0,0,1,0,0,0,0,1,0
89523,1,0,0,0,1,0,0,0,1,0,0,0
54256,0,0,0,0,0,0,1,0,0,1,0,0
34936,0,0,0,0,1,0,0,0,0,0,0,0
7223,0,0,0,1,0,0,0,0,1,0,0,0
8185,2,0,0,1,0,0,0,0,0,0,0,0
14102,0,0,0,1,0,0,0,0,0,0,0,0
9192,0,0,0,0,1,0,0,1,0,0,0,0
84699,2,0,0,0,1,0,0,0,0,0,1,0
50984,0,0,0,0,1,0,0,1,0,0,1,0
20665,0,0,0,0,0,1,0,0,0,1,0,1
24638,0,0,0,0,0,0,1,0,0,0,0,0
72826,3,0,0,0,0,0,1,0,0,0,0,0
23561,1,0,0,0,0,1,0,0,0,0,0,0
198491,5,1,1,0,0,1,0,0,0,0,0,0
27175,0,0,0,1,0,0,0,0,0,0,0,0
50029,0,0,0,0,0,1,0,1,0,1,0,1
24053,1,0,0,0,0,0,1,1,0,0,0,0
101583,0,1,0,0,0,0,1,1,0,0,0,0
43203,1,0,0,0,0,1,0,0,0,1,0,0
51547,0,0,0,0,0,1,0,0,0,0,0,0
38328,0,0,0,0,0,1,0,0,0,0,0,0
73356,0,0,0,0,0,1,0,0,0,0,0,0
27735,0,0,0,0,0,0,1,0,1,0,0,0
125407,0,1,0,1,0,0,0,0,0,0,0,0
63407,0,0,0,0,1,0,0,0,0,1,0,0
19298,0,0,0,0,0,1,0,0,0,0,0,0
48370,2,0,0,0,0,1,0,0,1,0,0,0
7046,2,0,0,0,1,0,0,0,0,0,0,0
48720,0,0,0,0,1,0,0,0,1,0,0,0
104336,0,1,0,1,0,0,0,0,0,0,0,0
109752,0,1,0,0,1,0,0,0,0,0,0,0
123041,0,1,0,1,0,0,0,0,0,0,0,0
20251,2,0,0,0,0,0,1,0,0,0,0,0
60654,1,0,0,0,0,1,0,0,0,0,0,0
456391,1,1,0,0,0,1,0,0,0,1,0,1
339229,0,1,0,1,0,0,0,0,0,0,0,0
61551,0,0,0,1,0,0,0,0,0,0,0,0
33183,0,0,0,0,1,0,0,0,0,0,0,0
98728,0,0,0,0,0,0,1,0,0,1,0,0
120899,0,1,0,0,1,0,0,0,0,0,0,0
58021,0,0,0,0,0,1,0,0,0,0,0,0
52960,0,0,0,0,0,1,0,0,0,0,0,0
167948,0,1,0,1,0,0,0,0,0,0,0,0
61876,1,0,0,0,0,0,1,0,0,0,0,0
5885,1,0,0,1,0,0,0,0,1,0,0,0
105898,0,1,0,0,1,0,0,1,0,0,0,0
52681,0,0,0,1,0,0,0,0,0,0,0,0
36263,0,0,0,0,0,0,1,0,1,0,0,0
37882,0,0,0,0,0,0,1,0,0,0,0,0
34018,1,0,0,0,0,0,1,0,1,0,0,0
79995,0,0,0,1,0,0,0,0,0,0,0,0
16206,0,0,0,0,0,0,1,0,0,0,0,0
9903,5,0,1,0,0,1,0,0,0,1,0,1
96798,0,0,0,0,1,0,0,0,0,0,0,0
97030,1,0,0,0,1,0,0,0,0,0,0,0
67195,0,0,0,1,0,0,0,0,0,1,0,0
16222,2,0,0,0,0,1,0,0,0,0,0,0
464818,0,1,0,0,0,1,0,0,1,0,0,1
22108,0,0,0,0,0,0,1,0,0,0,0,0
179486,0,1,0,1,0,0,0,0,0,0,0,0
69336,0,0,0,1,0,0,0,0,0,0,0,0
65623,2,0,0,1,0,0,0,0,0,0,0,0
157077,0,1,0,0,0,0,1,0,0,0,0,0
459737,1,1,0,1,0,0,0,0,0,0,0,0
58048,0,0,0,0,0,1,0,0,0,0,0,0
7732,1,0,0,0,0,0,1,0,0,0,0,0
139185,0,1,0,0,0,0,1,0,0,0,0,0
73798,0,0,0,0,0,1,0,0,0,0,0,0
42896,1,0,0,1,0,0,0,0,1,0,0,0
26589,0,0,0,0,0,0,1,0,0,0,0,0
369629,0,1,0,0,0,1,0,0,0,0,0,0
230094,0,1,0,0,1,0,0,0,0,1,0,0
35951,0,0,0,1,0,0,0,0,1,0,0,0
66330,0,0,0,0,0,0,1,0,0,0,0,0
41415,2,0,0,0,1,0,0,0,1,0,0,0
40328,1,0,0,0,0,0,1,0,1,0,0,0
355722,0,1,0,1,0,0,0,0,0,0,0,1
11985,0,0,0,0,0,1,0,0,0,0,0,0
12184,0,0,0,0,0,0,1,1,0,1,0,0
59251,0,0,0,1,0,0,0,0,0,0,0,0
30085,0,0,0,0,0,1,0,0,0,0,0,0
92057,1,0,0,0,0,0,1,0,0,0,0,0
131423,0,1,0,0,1,0,0,0,0,0,0,0
41281,0,0,0,0,0,0,1,0,0,0,0,0
19278,1,0,0,0,0,1,0,0,0,0,0,0
183528,1,1,0,1,0,0,0,0,0,0,0,0
15437,1,0,0,1,0,0,0,1,0,0,1,0
24056,0,0,0,0,0,1,0,0,1,0,0,0
48086,0,0,0,0,1,0,0,0,0,0,0,0
190262,1,1,0,0,1,0,0,0,0,0,0,0
167604,0,1,0,0,0,0,1,0,0,1,0,0
75994,0,0,0,1,0,0,0,1,0,0,1,0
169082,0,1,0,1,0,0,0,0,0,0,0,0
164740,0,1,0,0,0,0,1,0,0,1,0,0
140712,1,1,0,0,0,1,0,0,0,0,0,0
134744,1,1,0,0,0,1,0,0,0,0,0,0
36247,1,0,0,0,0,0,1,0,0,0,0,0
7210,0,0,0,0,0,1,0,1,0,0,0,0
8535,1,0,0,0,0,1,0,0,0,0,0,0
175004,4,1,1,0,0,1,0,1,0,0,0,0
42917,0,0,0,0,1,0,0,0,0,0,0,0
79169,0,0,0,1,0,0,0,0,1,0,0,0
73502,0,0,0,0,0,1,0,0,0,0,0,0
5464,2,0,0,0,0,0,1,1,0,0,0,0
49748,2,0,0,0,1,0,0,0,0,0,1,0
149857,0,1,0,0,0,0,1,1,0,0,0,0
15578,2,0,0,1,0,0,0,0,0,0,0,0
161052,1,1,0,1,0,0,0,0,0,0,0,0
33819,0,0,0,1,0,0,0,0,0,0,1,0
55627,0,0,0,1,0,0,0,1,0,1,0,0
173237,1,1,0,0,0,0,1,0,0,0,0,0
119413,0,1,0,0,1,0,0,0,1,0,0,0
26564,0,0,0,0,0,0,1,0,0,0,0,0
64781,0,0,0,1,0,0,0,0,0,0,0,0
34527,1,0,0,0,0,0,1,0,0,0,1,0
179739,1,1,0,1,0,0,0,0,0,1,0,0
150522,0,1,0,0,1,0,0,0,0,0,0,0
56465,3,0,0,1,0,0,0,0,0,0,0,0
23284,0,0,0,0,0,0,1,0,0,0,0,0
318030,1,1,0,0,1,0,0,1,0,0,0,0
90364,0,0,0,0,0,0,1,0,0,0,0,0
22503,0,0,0,0,1,0,0,0,0,0,1,0
48755,0,0,0,0,0,1,0,0,0,0,0,0
45257,0,0,0,0,0,1,0,0,0,0,0,0
54785,0,0,0,0,0,1,0,0,0,0,0,0
26113,4,0,1,0,0,0,1,0,0,0,0,0
17792,1,0,0,1,0,0,0,1,0,0,0,0
127369,1,1,0,1,0,0,0,0,1,0,0,0
76767,1,0,0,1,0,0,0,0,0,0,0,0
33241,0,0,0,1,0,0,0,0,0,0,0,0
39155,0,0,0,0,1,0,0,0,0,0,0,0
31350,0,0,0,0,1,0,0,0,0,0,0,0
10310,0,0,0,0,1,0,0,0,0,0,0,0
78452,2,0,0,1,0,0,0,0,0,0,0,0
96915,0,0,0,0,1,0,0,0,0,0,0,0
23819,1,0,0,0,1,0,0,0,0,0,0,0
85707,0,0,0,0,0,1,0,0,0,0,0,0
42506,0,0,0,0,1,0,0,0,0,0,0,0
185765,0,1,0,0,1,0,0,0,0,0,0,0
43391,1,0,0,1,0,0,0,0,0,0,1,0
6074,1,0,0,0,0,1,0,0,0,1,0,0
158849,0,1,0,0,1,0,0,0,0,0,0,0
195074,1,1,0,1,0,0,0,0,0,0,0,0
37126,0,0,0,0,1,0,0,0,0,0,0,0
28385,4,0,1,0,0,0,1,1,0,0,0,1
48539,2,0,0,0,1,0,0,0,0,0,0,0
13049,4,0,1,1,0,0,0,1,0,0,0,0
14056,0,0,0,1,0,0,0,1,0,0,0,0
171034,0,1,0,0,1,0,0,0,1,0,0,0
75858,0,0,0,0,0,0,1,0,0,0,1,1
24465,2,0,0,0,0,1,0,0,0,0,0,0
491025,0,1,0,0,0,1,0,0,0,0,0,0
66343,0,0,0,0,0,1,0,0,0,0,0,0
153718,3,1,0,1,0,0,0,1,0,0,0,1
155539,2,1,0,1,0,0,0,0,0,0,1,0
153065,1,1,0,1,0,0,0,0,0,1,1,0
21888,0,0,0,0,1,0,0,1,1,0,0,1
78678,0,0,0,0,0,1,0,0,0,0,0,0
10214,0,0,0,0,0,1,0,0,1,0,0,0
149816,0,1,0,0,1,0,0,0,0,0,0,0
168384,0,1,0,1,0,0,0,0,0,0,0,0
25182,0,0,0,0,1,0,0,0,0,0,1,0
451749,0,1,0,0,1,0,0,1,0,0,1,1
115045,5,1,1,0,0,0,1,0,0,0,0,0
39736,0,0,0,0,0,1,0,0,0,0,0,0
45811,0,0,0,1,0,0,0,0,0,0,0,0
30929,0,0,0,0,0,0,1,0,0,0,1,1
65327,1,0,0,0,1,0,0,1,0,0,0,0
39604,0,0,0,0,1,0,0,1,1,0,0,0
31934,3,0,0,0,0,1,0,0,0,0,0,0
130213,0,1,0,0,0,0,1,0,0,0,0,0
176476,0,1,0,0,0,0,1,0,0,0,0,0
184831,0,1,0,0,1,0,0,1,1,0,0,0
59494,0,0,0,1,0,0,0,0,0,0,0,0
114296,0,1,0,0,1,0,0,0,0,0,0,0
103480,1,1,0,1,0,0,0,0,0,0,0,0
18059,0,0,0,1,0,0,0,0,1,0,0,0
115886,0,1,0,0,1,0,0,0,0,1,0,0
163665,0,1,0,1,0,0,0,0,0,0,0,0
249974,0,1,0,0,1,0,0,0,0,0,0,0
112219,0,1,0,0,1,0,0,0,0,0,0,0
95194,4,0,1,0,0,0,1,0,0,0,0,0
134896,0,1,0,1,0,0,0,1,1,0,0,1
32511,1,0,0,0,1,0,0,0,0,0,0,0
80432,0,0,0,0,1,0,0,1,1,0,0,0
64635,1,0,0,0,0,1,0,0,0,0,0,0
145121,2,1,0,0,0,0,1,0,0,0,0,0
9873,1,0,0,1,0,0,0,1,0,0,0,0
174206,0,1,0,1,0,0,0,0,1,0,0,0
22249,1,0,0,1,0,0,0,1,0,0,0,0
17649,0,0,0,1,0,0,0,0,1,0,0,0
26207,1,0,0,0,1,0,0,1,0,0,0,0
75432,1,0,0,0,0,1,0,1,0,1,0,1
10209,0,0,0,1,0,0,0,0,0,0,0,0
69209,1,0,0,0,1,0,0,1,0,0,0,0
28895,1,0,0,0,1,0,0,0,0,0,1,0
15841,0,0,0,0,1,0,0,1,0,0,0,0
187242,2,1,0,0,0,1,0,1,0,0,0,0
8444,0,0,0,0,0,1,0,0,0,0,0,0
65172,0,0,0,0,1,0,0,0,0,0,0,0
90444,1,0,0,0,0,1,0,0,0,0,0,0
29270,0,0,0,0,0,1,0,1,0,0,0,0
44780,0,0,0,1,0,0,0,0,0,0,0,0
85418,0,0,0,0,0,0,1,0,0,1,0,0
163249,1,1,0,0,0,1,0,0,0,0,0,0
274886,0,1,0,0,0,1,0,0,0,0,1,0
37552,0,0,0,0,0,1,0,0,0,0,0,0
58474,1,0,0,0,1,0,0,0,0,1,0,0
20697,0,0,0,0,0,1,0,0,0,0,0,0
52638,0,0,0,0,1,0,0,1,0,0,0,0
59208,1,0,0,0,0,1,0,1,0,0,0,0
6214,0,0,0,0,0,1,0,0,0,0,0,0
166231,3,1,0,1,0,0,0,0,0,0,0,0
59296,0,0,0,0,1,0,0,1,0,0,0,0
52766,1,0,0,1,0,0,0,0,0,0,0,0
14433,0,0,0,0,1,0,0,0,0,1,0,0
48903,0,0,0,0,0,0,1,0,0,0,0,0
60294,3,0,0,1,0,0,0,0,0,0,0,0
62502,0,0,0,0,1,0,0,0,0,0,0,0
136166,1,1,0,1,0,0,0,0,0,0,1,0
189202,2,1,0,0,1,0,0,1,1,0,0,0
257984,4,1,1,0,0,0,1,0,0,0,0,0
51654,0,0,0,0,0,1,0,0,0,0,0,0
197209,0,1,0,0,0,0,1,0,0,0,0,0
60845,0,0,0,0,0,1,0,0,0,0,0,0
34240,1,0,0,1,0,0,0,0,0,0,0,0
130507,0,1,0,0,1,0,0,0,0,0,0,0
57582,0,0,0,0,1,0,0,0,1,0,0,0
8534,1,0,0,1,0,0,0,0,0,0,0,0
50408,0,0,0,0,1,0,0,0,0,0,0,0
86378,1,0,0,0,0,1,0,0,0,0,0,0
118665,0,1,0,0,0,1,0,0,0,0,0,0
10545,0,0,0,0,1,0,0,0,0,0,0,0
17278,0,0,0,1,0,0,0,0,0,0,0,0
69711,0,0,0,1,0,0,0,1,0,0,0,0
131598,0,1,0,0,1,0,0,0,0,0,0,0
122597,3,1,0,0,1,0,0,1,0,0,0,0
173743,0,1,0,1,0,0,0,0,0,0,0,0
133086,0,1,0,1,0,0,0,0,0,0,0,0
56936,0,0,0,1,0,0,0,0,0,0,0,0
27138,5,0,1,0,1,0,0,0,0,0,0,0
44619,2,0,0,0,1,0,0,0,0,0,0,0
167644,0,1,0,0,1,0,0,1,0,0,0,0
34341,1,0,0,0,0,1,0,0,0,0,0,0
66321,1,0,0,0,0,0,1,0,0,0,0,0
75414,2,0,0,0,1,0,0,0,0,1,0,0
5593,1,0,0,0,0,0,1,1,0,1,0,0
96965,1,0,0,0,1,0,0,0,0,0,0,0
162051,0,1,0,0,0,1,0,0,1,0,0,0
38749,0,0,0,1,0,0,0,0,1,0,0,0
125161,1,1,0,0,1,0,0,0,0,0,0,0
239690,0,1,0,0,0,0,1,0,0,0,0,0
16398,0,0,0,0,0,1,0,0,0,0,0,0
22416,0,0,0,0,0,1,0,0,0,0,0,0
47054,0,0,0,1,0,0,0,0,0,0,0,0
447339,0,1,0,0,1,0,0,1,0,0,0,0
338635,1,1,0,0,1,0,0,0,0,0,0,1
56251,0,0,0,0,0,0,1,0,0,0,0,0
31510,2,0,0,0,0,0,1,0,1,0,0,0
39171,0,0,0,0,0,0,1,0,1,0,0,0
51671,1,0,0,0,1,0,0,0,0,0,0,0
38876,0,0,0,0,0,1,0,0,0,1,0,1
27218,0,0,0,0,0,0,1,0,0,0,0,0
78688,1,0,0,1,0,0,0,0,0,0,0,0
51292,1,0,0,0,0,0,1,0,0,0,0,0
28165,1,0,0,0,0,1,0,0,0,0,0,0
64163,0,0,0,1,0,0,0,1,0,0,0,0
75387,0,0,0,0,1,0,0,1,0,0,0,0
43242,0,0,0,0,0,0,1,0,0,0,0,0
57050,1,0,0,0,1,0,0,0,0,1,0,0
69754,0,0,0,0,1,0,0,1,1,1,0,0
23473,0,0,0,0,0,1,0,0,0,1,1,0
14198,0,0,0,0,1,0,0,0,0,0,1,0
88678,0,0,0,0,1,0,0,0,0,0,0,0
95331,0,0,0,0,1,0,0,0,0,0,0,0
328359,0,1,0,0,1,0,0,1,0,0,1,0
158087,0,1,0,0,0,1,0,0,0,0,0,0
61176,0,0,0,0,0,0,1,0,0,0,0,0
194660,0,1,0,0,1,0,0,0,0,0,1,0
57927,2,0,0,1,0,0,0,0,0,0,0,0
23368,1,0,0,0,0,1,0,0,0,1,0,1
32138,0,0,0,0,1,0,0,0,0,0,0,0
5338,1,0,0,1,0,0,0,1,0,1,0,0
130888,0,1,0,1,0,0,0,1,0,1,0,1
40940,0,0,0,0,1,0,0,0,0,0,0,0
22046,0,0,0,0,0,1,0,0,0,0,0,0
59564,0,0,0,0,0,1,0,0,0,0,0,0
73136,0,0,0,1,0,0,0,0,0,0,0,0
69605,0,0,0,0,1,0,0,0,0,0,0,0
125074,3,1,0,0,1,0,0,0,1,0,0,0
459761,0,1,0,0,0,1,0,0,0,1,0,1
48647,2,0,0,0,0,1,0,0,0,1,0,1
14646,1,0,0,0,1,0,0,0,0,0,0,0
54641,0,0,0,0,0,1,0,0,0,0,0,0
31200,1,0,0,0,0,1,0,0,0,0,0,0
45090,0,0,0,0,0,0,1,0,0,1,0,0
20413,2,0,0,0,0,1,0,0,0,0,0,0
51899,0,0,0,0,0,1,0,0,0,0,0,0
47838,2,0,0,0,0,1,0,0,0,0,1,0
12675,1,0,0,0,0,0,1,0,0,0,0,0
9952,0,0,0,0,1,0,0,0,1,0,0,0
12909,0,0,0,0,0,1,0,0,0,0,0,0
37209,0,0,0,0,0,0,1,0,0,0,0,0
114581,1,1,0,1,0,0,0,0,0,1,0,0
14003,0,0,0,0,0,1,0,0,0,0,0,0
395392,0,1,0,1,0,0,0,1,1,0,0,1
53241,0,0,0,0,0,1,0,0,0,0,0,0
289952,0,1,0,0,0,0,1,0,0,0,0,0
99085,0,0,0,0,1,0,0,0,1,1,0,0
33662,0,0,0,0,0,1,0,0,0,0,0,0
67669,0,0,0,0,0,1,0,1,0,1,0,1
45078,0,0,0,0,1,0,0,0,1,0,0,0
45071,0,0,0,0,0,0,1,0,0,0,0,0
79021,0,0,0,0,0,0,1,0,0,0,0,0
13657,0,0,0,0,1,0,0,0,0,0,1,0
77339,0,0,0,0,1,0,0,0,0,1,0,0
45291,2,0,0,0,0,0,1,0,0,0,0,0
76454,2,0,0,1,0,0,0,0,0,0,0,0
28297,1,0,0,0,1,0,0,0,0,0,0,0
8382,0,0,0,0,0,0,1,0,0,0,0,0
68877,1,0,0,1,0,0,0,0,0,1,0,0
57067,1,0,0,0,0,1,0,0,0,0,0,0
59738,0,0,0,0,0,0,1,0,0,0,0,0
42342,0,0,0,0,0,0,1,0,0,0,0,0
45467,1,0,0,0,0,0,1,0,1,0,0,0
19213,1,0,0,0,0,1,0,0,0,0,0,0
18710,0,0,0,0,1,0,0,0,0,1,0,0
71228,1,0,0,0,0,0,1,0,0,0,0,0
13087,3,0,0,0,0,1,0,1,0,0,1,0
36276,4,0,1,1,0,0,0,0,0,0,0,0
94878,1,0,0,0,0,0,1,0,0,0,0,0
184171,2,1,0,1,0,0,0,0,0,0,0,0
66112,0,0,0,0,0,1,0,0,0,0,0,0
28348,0,0,0,0,1,0,0,0,0,0,0,0
48578,2,0,0,0,0,0,1,0,0,0,0,0
74440,0,0,0,0,0,0,1,0,0,0,0,0
477679,0,1,0,0,1,0,0,1,0,0,0,0
77123,1,0,0,0,1,0,0,0,0,0,0,0
45762,0,0,0,0,0,1,0,0,0,0,0,0
54814,0,0,0,1,0,0,0,0,0,0,0,0
65937,2,0,0,0,0,1,0,0,0,0,0,0
178698,0,1,0,0,0,0,1,0,0,0,0,0
121972,1,1,0,1,0,0,0,0,0,0,0,0
27461,1,0,0,1,0,0,0,0,1,0,0,0
38717,0,0,0,0,0,1,0,0,0,0,0,0
127715,1,1,0,0,0,1,0,1,0,0,0,0
185203,0,1,0,0,1,0,0,0,0,0,0,0
7900,0,0,0,1,0,0,0,0,0,0,0,0
5750,1,0,0,1,0,0,0,0,0,0,0,0
79545,0,0,0,0,1,0,0,0,0,0,0,0
96510,1,0,0,0,0,0,1,0,0,0,0,0
147510,0,1,0,0,1,0,0,1,1,1,0,0
78571,1,0,0,1,0,0,0,0,0,0,0,0
38946,0,0,0,0,1,0,0,0,0,0,1,0
131426,1,1,0,1,0,0,0,0,0,1,0,0
76649,0,0,0,1,0,0,0,0,0,0,0,0
122428,1,1,0,0,0,1,0,0,0,0,0,0
64437,0,0,0,0,1,0,0,0,0,1,0,0
71661,0,0,0,0,1,0,0,1,0,0,0,0
398753,5,1,1,1,0,0,0,0,0,0,0,0
5593,1,0,0,0,0,1,0,0,0,0,0,0
115836,0,1,0,0,0,1,0,0,0,0,0,0
8703,2,0,0,1,0,0,0,0,0,0,0,0
31973,0,0,0,1,0,0,0,0,0,1,0,0
234308,1,1,0,0,0,1,0,1,0,0,0,0
194246,0,1,0,1,0,0,0,1,0,0,0,1
24282,0,0,0,0,1,0,0,1,0,0,1,0
18104,1,0,0,0,0,0,1,0,0,0,0,0
59818,0,0,0,0,0,1,0,0,1,0,0,0
121774,0,1,0,0,0,0,1,0,0,0,0,0
59736,1,0,0,0,0,1,0,1,0,0,0,0
64120,0,0,0,0,0,0,1,0,0,0,0,0
63168,0,0,0,1,0,0,0,1,0,0,0,0
20818,0,0,0,0,0,1,0,0,0,0,0,0
54628,0,0,0,0,0,0,1,0,0,0,0,0
48265,1,0,0,1,0,0,0,0,0,1,0,0
52046,0,0,0,0,0,1,0,0,0,0,0,0
166182,0,1,0,0,0,0,1,0,0,0,0,0
185858,0,1,0,0,0,0,1,1,1,0,0,0
73337,1,0,0,0,0,0,1,0,0,0,0,0
41269,0,0,0,0,0,1,0,0,0,0,0,0
194582,0,1,0,0,0,1,0,0,0,0,0,0
68554,1,0,0,0,0,1,0,0,1,0,1,0
166363,2,1,0,0,0,0,1,0,0,0,0,0
42086,0,0,0,1,0,0,0,0,0,0,0,0
23239,0,0,0,0,1,0,0,0,0,0,0,0
63427,0,0,0,0,0,0,1,0,0,0,0,0
76327,0,0,0,0,0,1,0,0,0,1,0,0
79806,2,0,0,0,0,0,1,0,0,0,0,0
38381,1,0,0,0,0,0,1,0,0,0,1,0
161953,4,1,1,0,0,0,1,0,0,0,0,0
74640,0,0,0,1,0,0,0,0,0,0,0,0
8574,0,0,0,1,0,0,0,1,0,0,0,0
167835,1,1,0,0,1,0,0,0,0,0,0,0
64160,1,0,0,0,1,0,0,0,0,0,0,0
14216,0,0,0,0,1,0,0,0,0,0,0,0
54323,1,0,0,0,1,0,0,0,0,0,0,0
367751,1,1,0,0,0,0,1,1,0,0,0,0
389893,0,1,0,0,1,0,0,0,0,0,0,0
23507,0,0,0,0,0,1,0,0,0,0,0,0
37917,1,0,0,1,0,0,0,0,1,0,0,0
68803,0,0,0,1,0,0,0,0,0,0,0,0
94997,0,0,0,0,0,1,0,0,0,0,0,0
66205,0,0,0,0,1,0,0,0,0,0,0,0
50563,0,0,0,0,0,1,0,0,1,0,0,0
79294,0,0,0,1,0,0,0,0,0,0,0,0
466365,0,1,0,0,0,0,1,0,0,0,0,0
58324,2,0,0,0,0,1,0,1,0,0,0,0
23002,2,0,0,1,0,0,0,0,0,0,1,0
151494,0,1,0,1,0,0,0,0,0,0,0,0
93396,0,0,0,1,0,0,0,0,0,0,0,0
27879,0,0,0,0,1,0,0,0,0,0,0,0
118488,0,1,0,1,0,0,0,0,0,0,0,0
34759,0,0,0,0,0,1,0,1,0,0,0,0
47164,0,0,0,0,0,0,1,1,0,0,0,0
135479,0,1,0,0,0,1,0,0,0,0,0,0
18368,1,0,0,0,0,0,1,0,0,0,0,0
40723,0,0,0,0,0,1,0,0,0,1,0,0
79746,0,0,0,0,0,0,1,0,0,0,1,1
63686,1,0,0,0,1,0,0,1,1,0,1,1
19777,0,0,0,0,0,0,1,0,0,0,0,0
25987,0,0,0,0,0,1,0,0,0,0,0,0
62011,2,0,0,0,0,1,0,1,0,0,0,0
335697,0,1,0,1,0,0,0,0,0,0,0,0
67476,0,0,0,0,0,0,1,1,0,0,0,0
72615,0,0,0,1,0,0,0,0,0,0,0,0
26813,0,0,0,1,0,0,0,0,0,0,0,0
143610,1,1,0,0,1,0,0,0,0,0,0,0
12101,0,0,0,0,1,0,0,0,0,0,0,0
9507,1,0,0,0,0,0,1,1,0,0,0,0
21305,0,0,0,1,0,0,0,0,0,0,0,0
231079,1,1,0,0,1,0,0,0,0,0,0,0
26403,1,0,0,0,1,0,0,0,0,0,0,0
15660,0,0,0,0,0,1,0,1,0,0,0,0
49282,1,0,0,0,0,0,1,0,0,0,0,0
54411,0,0,0,0,0,1,0,0,1,0,0,0
41438,1,0,0,0,0,1,0,0,0,0,0,0
52280,0,0,0,1,0,0,0,0,0,0,0,0
72739,0,0,0,0,0,1,0,0,0,0,0,0
195969,0,1,0,0,0,1,0,0,0,0,0,0
160930,3,1,0,0,0,0,1,0,0,0,0,0
20150,0,0,0,0,1,0,0,0,0,0,0,0
64678,2,0,0,0,1,0,0,0,0,0,1,0
78013,1,0,0,0,1,0,0,0,0,1,0,0
76574,2,0,0,0,0,0,1,0,1,0,0,0
153914,1,1,0,0,0,1,0,0,1,0,0,0
173163,0,1,0,0,0,0,1,0,0,0,0,0
42197,0,0,0,0,0,1,0,0,0,0,0,0
30686,1,0,0,0,1,0,0,1,0,0,0,0
34807,0,0,0,0,1,0,0,0,0,0,0,0
22742,0,0,0,0,0,0,1,1,0,1,0,0
26343,5,0,1,0,1,0,0,0,0,0,0,0
496471,0,1,0,1,0,0,0,0,0,0,0,1
7731,1,0,0,0,0,1,0,0,0,0,0,0
210143,0,1,0,1,0,0,0,1,0,0,1,1
247751,1,1,0,0,0,0,1,0,0,0,1,1
30165,0,0,0,1,0,0,0,1,0,0,1,0
54892,0,0,0,1,0,0,0,0,0,0,0,0
47730,0,0,0,0,1,0,0,1,0,0,0,0
49345,0,0,0,1,0,0,0,1,1,1,0,0
68155,0,0,0,0,1,0,0,0,0,0,0,0
52188,0,0,0,0,1,0,0,0,1,0,0,1
29778,0,0,0,0,0,0,1,0,0,0,0,0
154206,1,1,0,0,1,0,0,0,0,0,0,0
12969,1,0,0,0,0,0,1,0,0,0,0,0
47033,0,0,0,0,1,0,0,0,0,0,0,0
191167,0,1,0,1,0,0,0,0,0,0,0,0
61506,2,0,0,0,0,0,1,0,0,0,0,0
19092,1,0,0,0,0,1,0,1,1,0,0,0
27423,0,0,0,0,1,0,0,1,0,0,0,0
78333,1,0,0,0,0,1,0,0,0,0,0,0
58392,0,0,0,1,0,0,0,1,0,0,0,0
6862,0,0,0,0,0,0,1,0,0,0,0,0
454037,0,1,0,0,1,0,0,0,0,0,0,0
499430,1,1,0,1,0,0,0,0,0,1,1,0
11755,0,0,0,0,0,0,1,0,0,0,0,0
74028,2,0,0,0,0,0,1,0,0,0,0,0
56873,0,0,0,1,0,0,0,0,1,0,1,0
154225,0,1,0,1,0,0,0,0,0,1,0,0
44965,0,0,0,1,0,0,0,0,1,0,0,0
157342,2,1,0,0,1,0,0,0,0,0,0,0
44508,1,0,0,0,0,1,0,0,0,0,0,0
189291,1,1,0,0,1,0,0,0,0,0,1,0
23129,0,0,0,0,0,1,0,0,0,0,0,0
25259,0,0,0,0,1,0,0,0,0,0,0,0
72903,2,0,0,0,0,0,1,0,0,0,0,0
63866,1,0,0,0,0,0,1,0,0,1,1,0
163550,0,1,0,1,0,0,0,0,0,1,1,0
199182,0,1,0,0,0,1,0,0,0,0,0,0
27873,0,0,0,0,1,0,0,0,0,0,0,0
44992,1,0,0,0,0,1,0,0,0,0,0,0
44354,0,0,0,0,1,0,0,0,0,1,0,0
48633,1,0,0,0,1,0,0,0,0,1,0,0
44749,1,0,0,0,0,0,1,0,0,0,0,0
90222,2,0,0,1,0,0,0,0,0,0,0,0
107769,0,1,0,0,0,0,1,0,0,0,0,0
63784,2,0,0,0,0,0,1,0,0,0,0,0
77962,1,0,0,1,0,0,0,0,0,0,0,0
79168,0,0,0,0,0,0,1,0,0,0,0,0
34665,1,0,0,0,0,0,1,0,0,0,0,0
29372,0,0,0,0,0,1,0,1,0,0,0,0
31447,1,0,0,0,1,0,0,0,0,0,0,0
42275,1,0,0,1,0,0,0,0,0,0,0,0
140063,2,1,0,0,0,1,0,0,0,0,0,0
6235,0,0,0,0,1,0,0,0,0,0,0,0
137695,1,1,0,1,0,0,0,0,0,0,0,0
21757,1,0,0,1,0,0,0,0,1,0,0,0
33599,0,0,0,0,0,0,1,0,0,0,0,0
51013,0,0,0,1,0,0,0,0,0,0,0,0
77508,0,0,0,0,0,1,0,0,0,1,0,1
199797,0,1,0,1,0,0,0,0,0,0,0,0
136421,0,1,0,0,1,0,0,0,0,0,0,0
18487,0,0,0,0,0,0,1,0,0,0,0,0
21833,5,0,1,1,0,0,0,1,0,0,0,0
90983,0,0,0,1,0,0,0,0,0,0,0,0
178329,4,1,1,1,0,0,0,0,0,0,0,0
13104,1,0,0,0,1,0,0,0,0,0,0,0
304241,0,1,0,0,0,1,0,0,0,0,0,0
187718,1,1,0,0,0,1,0,0,0,0,0,0
105801,0,1,0,0,1,0,0,0,0,0,0,0
10847,2,0,0,0,0,0,1,0,0,0,1,1
32418,0,0,0,0,0,0,1,0,0,0,0,0
62141,0,0,0,0,0,1,0,0,0,0,0,0
74620,2,0,0,0,0,0,1,0,0,0,0,0
96852,0,0,0,0,0,0,1,0,0,0,0,0
169610,1,1,0,0,0,0,1,0,0,0,0,0
124170,1,1,0,0,0,0,1,0,1,0,0,0
69082,1,0,0,0,1,0,0,0,0,0,0,0
60556,1,0,0,0,0,1,0,0,0,0,0,0
105588,0,1,0,1,0,0,0,0,0,0,1,0
44521,1,0,0,0,0,0,1,0,0,0,0,0
197216,0,1,0,1,0,0,0,0,0,0,0,0
54708,0,0,0,0,1,0,0,0,0,0,0,0
45360,0,0,0,0,0,0,1,0,0,1,0,0
188397,2,1,0,0,0,1,0,0,0,0,1,0
162807,0,1,0,0,0,0,1,0,0,0,0,0
66488,2,0,0,0,0,1,0,0,0,0,0,0
71996,0,0,0,0,1,0,0,0,0,0,0,0
62093,1,0,0,0,0,0,1,0,1,0,0,0
162015,1,1,0,0,0,1,0,0,0,0,0,0
12098,2,0,0,0,0,1,0,0,1,0,0,0
458565,1,1,0,0,1,0,0,1,0,0,0,1
373517,0,1,0,0,1,0,0,0,0,0,0,0
185715,0,1,0,0,0,1,0,0,0,0,0,0
162917,1,1,0,0,0,1,0,0,0,0,0,0
54381,0,0,0,0,0,0,1,1,1,0,1,0
30870,2,0,0,1,0,0,0,1,0,0,0,0
11622,0,0,0,1,0,0,0,0,0,1,0,0
37968,0,0,0,1,0,0,0,0,0,0,0,0
72184,0,0,0,0,0,0,1,0,0,0,0,0
164120,1,1,0,0,0,1,0,0,1,0,0,0
82593,1,0,0,0,0,0,1,0,0,0,0,0
46810,0,0,0,0,0,0,1,0,0,0,1,0
137131,0,1,0,0,0,0,1,0,0,0,0,0
79807,3,0,0,1,0,0,0,1,0,0,0,0
60560,1,0,0,0,0,0,1,0,0,1,0,0
10241,0,0,0,0,0,0,1,0,0,0,0,0
30350,1,0,0,0,0,0,1,0,0,0,0,0
69371,0,0,0,0,0,0,1,0,0,0,0,0
7367,2,0,0,0,0,0,1,0,0,0,0,0
53949,1,0,0,0,1,0,0,0,0,0,0,0
24069,1,0,0,0,0,0,1,0,0,0,0,0
46435,0,0,0,1,0,0,0,0,0,0,0,0
34339,1,0,0,0,1,0,0,0,0,0,0,0
74379,0,0,0,0,0,0,1,0,1,0,0,0
9868,0,0,0,0,1,0,0,0,0,1,0,0
72687,0,0,0,1,0,0,0,1,0,1,0,0
61874,0,0,0,0,1,0,0,0,0,0,0,0
143196,0,1,0,0,1,0,0,1,1,0,0,0
52389,0,0,0,0,1,0,0,0,0,0,0,0
56056,0,0,0,0,0,0,1,0,0,0,0,0
52753,4,0,1,0,0,0,1,0,0,0,0,0
77450,2,0,0,1,0,0,0,0,1,0,0,0
79507,0,0,0,0,0,0,1,0,0,1,0,0
125185,1,1,0,0,0,0,1,0,0,0,0,0
63278,0,0,0,1,0,0,0,0,0,1,0,0
205493,0,1,0,0,1,0,0,0,0,0,0,0
36881,2,0,0,0,0,0,1,0,0,0,0,0
9912,0,0,0,1,0,0,0,1,0,0,1,0
314841,2,1,0,0,0,1,0,1,0,0,0,0
75265,5,0,1,1,0,0,0,0,0,1,0,0
47879,0,0,0,1,0,0,0,0,0,0,0,0
13349,1,0,0,1,0,0,0,0,0,0,0,0
99040,0,0,0,0,1,0,0,0,0,0,0,0
29522,0,0,0,0,1,0,0,0,0,0,1,0
11996,0,0,0,0,1,0,0,0,0,0,0,0
36694,0,0,0,1,0,0,0,1,0,0,0,0
64946,0,0,0,0,0,1,0,0,0,0,0,0
56293,2,0,0,0,0,1,0,0,0,1,0,1
136723,1,1,0,0,0,1,0,0,0,0,0,0
32886,1,0,0,0,0,1,0,0,0,1,0,0
122677,2,1,0,1,0,0,0,0,0,0,0,0
180832,2,1,0,1,0,0,0,0,0,0,0,0
63984,0,0,0,0,1,0,0,0,0,0,0,0
74993,2,0,0,0,1,0,0,0,0,0,0,0
77412,0,0,0,0,0,0,1,0,0,0,0,0
47942,0,0,0,0,1,0,0,0,0,0,0,0
438076,1,1,0,1,0,0,0,1,0,0,0,1
342134,0,1,0,1,0,0,0,0,0,0,0,0
75297,0,0,0,0,0,0,1,0,0,0,0,0
51162,1,0,0,0,0,1,0,0,0,0,0,0
40307,0,0,0,0,0,0,1,0,0,0,0,0
12838,1,0,0,0,0,1,0,0,0,0,0,0
101476,0,1,0,0,0,0,1,0,0,0,0,0
54841,0,0,0,1,0,0,0,0,1,0,0,0
20744,0,0,0,0,0,1,0,0,0,0,0,0
60033,0,0,0,0,0,0,1,0,0,0,0,0
21295,0,0,0,0,0,1,0,0,0,0,0,0
76716,0,0,0,0,0,0,1,0,0,0,0,0
37171,0,0,0,0,0,1,0,1,0,0,0,0
383869,2,1,0,0,0,1,0,0,0,0,0,0
68827,0,0,0,1,0,0,0,0,0,0,0,0
29828,0,0,0,0,0,1,0,1,0,0,0,0
36620,2,0,0,1,0,0,0,0,0,0,0,0
7291,1,0,0,1,0,0,0,0,0,0,0,0
11236,0,0,0,1,0,0,0,0,0,0,0,0
32096,1,0,0,0,0,0,1,0,0,0,0,0
51745,0,0,0,0,0,1,0,0,0,0,0,0
190555,0,1,0,0,1,0,0,0,0,0,0,0
38457,2,0,0,0,0,0,1,0,0,0,0,0
45694,1,0,0,0,0,0,1,1,1,1,0,0
73242,0,0,0,0,1,0,0,0,0,0,0,0
68253,0,0,0,0,1,0,0,0,0,0,0,0
305826,0,1,0,0,0,1,0,0,0,0,0,0
72611,0,0,0,0,1,0,0,0,0,0,0,0
139515,0,1,0,0,0,1,0,0,0,0,0,0
30204,2,0,0,0,0,1,0,0,1,0,0,0
211142,3,1,0,0,0,0,1,0,0,0,0,0
11084,1,0,0,1,0,0,0,0,0,0,0,0
134725,0,1,0,1,0,0,0,0,0,0,0,0
177849,0,1,0,0,0,0,1,0,0,0,0,0
70541,1,0,0,0,0,0,1,0,1,0,0,0
172571,1,1,0,0,1,0,0,0,0,0,0,0
49725,0,0,0,1,0,0,0,0,0,0,0,0
26186,1,0,0,0,0,0,1,0,0,0,0,0
53899,0,0,0,1,0,0,0,0,0,0,1,0
162269,0,1,0,1,0,0,0,0,1,0,0,0
52485,0,0,0,0,1,0,0,0,1,1,0,0
71151,1,0,0,0,0,0,1,0,0,0,0,0
26176,2,0,0,1,0,0,0,0,0,0,0,0
169707,1,1,0,0,0,0,1,0,0,0,0,0
76538,5,0,1,0,0,0,1,0,0,0,0,1
101897,1,1,0,0,0,1,0,0,0,0,0,0
11258,1,0,0,1,0,0,0,1,0,0,0,0
15380,1,0,0,0,0,1,0,0,0,1,0,1
58992,0,0,0,0,1,0,0,0,0,0,0,0
8429,0,0,0,0,0,1,0,0,0,0,0,0
61689,0,0,0,0,1,0,0,0,0,0,0,0
68991,0,0,0,1,0,0,0,0,0,0,0,0
14804,0,0,0,0,0,1,0,0,0,0,0,1
35889,0,0,0,0,0,0,1,0,0,0,0,0
8252,0,0,0,0,1,0,0,1,0,0,0,0
18159,0,0,0,0,1,0,0,0,0,0,0,0
32822,0,0,0,1,0,0,0,1,0,0,0,0
30688,2,0,0,0,0,0,1,0,0,0,0,0
22782,0,0,0,0,1,0,0,1,0,0,0,0
62426,0,0,0,0,0,0,1,0,1,0,1,1
23830,0,0,0,0,0,0,1,0,0,0,0,0
81905,0,0,0,0,0,0,1,0,0,0,0,0
57018,0,0,0,0,1,0,0,1,1,0,1,0
68759,0,0,0,0,0,1,0,0,0,0,0,0
91664,1,0,0,1,0,0,0,0,0,0,0,0
42108,1,0,0,0,0,0,1,1,0,0,0,0
47766,4,0,1,0,0,1,0,0,1,0,0,0
178739,0,1,0,0,0,1,0,1,0,0,1,0
146149,0,1,0,1,0,0,0,1,0,0,0,1
11457,0,0,0,1,0,0,0,0,0,0,0,0
23257,0,0,0,1,0,0,0,0,1,0,0,0
52103,0,0,0,0,1,0,0,0,1,0,0,0
62541,0,0,0,0,0,0,1,0,1,0,0,0
179348,1,1,0,0,0,0,1,0,0,0,0,0
130085,0,1,0,0,1,0,0,0,0,0,0,0
6323,1,0,0,1,0,0,0,0,0,1,0,0
162965,0,1,0,1,0,0,0,0,0,1,0,0
27388,0,0,0,0,0,1,0,0,0,0,0,0
54514,0,0,0,0,0,0,1,1,1,0,1,0
36526,0,0,0,0,0,0,1,0,0,0,0,0
21013,1,0,0,0,0,1,0,0,1,0,0,0
41443,1,0,0,1,0,0,0,0,0,0,0,0
165050,0,1,0,0,1,0,0,0,0,0,0,0
55329,0,0,0,1,0,0,0,0,0,0,0,0
86304,0,0,0,1,0,0,0,0,0,0,0,0
28602,0,0,0,0,0,0,1,1,0,0,1,1
149702,0,1,0,0,1,0,0,0,0,0,0,0
72784,0,0,0,1,0,0,0,0,0,0,0,0
43740,0,0,0,1,0,0,0,0,0,0,0,0
60023,0,0,0,1,0,0,0,0,0,0,0,0
63103,1,0,0,1,0,0,0,1,0,1,0,0
150578,1,1,0,0,0,1,0,0,0,0,0,0
23309,0,0,0,0,0,0,1,0,0,0,0,0
133729,2,1,0,0,1,0,0,0,0,0,0,0
100653,2,1,0,0,0,0,1,0,0,0,1,0
76505,1,0,0,0,1,0,0,0,0,0,0,0
16580,1,0,0,0,0,1,0,0,0,0,0,0
17468,0,0,0,0,0,0,1,0,1,0,0,0
154668,0,1,0,0,1,0,0,0,0,0,0,0
72274,1,0,0,0,1,0,0,0,0,0,0,0
24013,0,0,0,0,0,1,0,0,0,0,0,0
76320,0,0,0,0,1,0,0,0,0,0,0,0
44850,0,0,0,1,0,0,0,0,0,0,0,0
65417,1,0,0,1,0,0,0,0,0,0,0,0
149550,1,1,0,0,0,0,1,0,0,0,0,0
139990,0,1,0,0,0,0,1,0,0,0,0,0
485313,1,1,0,0,0,0,1,0,0,0,0,0
49298,0,0,0,0,0,0,1,0,0,1,0,0
93293,0,0,0,0,0,1,0,0,1,0,0,0
75511,2,0,0,0,1,0,0,0,1,0,0,0
30692,1,0,0,0,0,0,1,0,1,0,0,0
46747,1,0,0,1,0,0,0,0,0,0,1,0
55729,0,0,0,0,0,1,0,0,0,1,0,1
59967,0,0,0,0,0,1,0,0,0,0,0,0
12438,4,0,1,0,0,0,1,0,0,0,0,0
14659,0,0,0,0,0,1,0,1,0,0,0,0
198636,2,1,0,0,1,0,0,0,0,0,0,0
34730,1,0,0,0,0,0,1,0,0,0,0,0
98452,0,0,0,0,1,0,0,0,1,0,0,0
43474,0,0,0,0,1,0,0,0,0,0,0,0
50156,0,0,0,0,0,1,0,0,0,0,0,0
75537,1,0,0,0,1,0,0,0,0,0,0,0
67985,0,0,0,1,0,0,0,0,1,0,0,0
15138,3,0,0,0,1,0,0,1,0,0,0,0
414858,1,1,0,0,0,0,1,0,0,0,1,1
47520,0,0,0,1,0,0,0,1,0,0,0,0
125369,0,1,0,0,0,1,0,0,0,0,0,0
60995,0,0,0,0,0,0,1,0,0,0,0,0
65701,0,0,0,0,1,0,0,1,0,0,0,0
396113,0,1,0,0,0,0,1,0,1,0,0,0
28580,0,0,0,0,1,0,0,1,0,0,0,0
74936,0,0,0,1,0,0,0,1,0,0,0,0
13688,0,0,0,1,0,0,0,0,0,0,0,0
70175,0,0,0,0,0,0,1,0,0,0,0,0
39002,2,0,0,1,0,0,0,0,0,0,0,0
66259,0,0,0,1,0,0,0,1,0,0,0,0
40073,0,0,0,0,0,0,1,0,1,0,0,0
37200,1,0,0,0,1,0,0,0,0,0,0,0
55237,0,0,0,0,0,1,0,0,0,0,0,0
53731,0,0,0,0,0,0,1,0,0,0,0,0
60857,0,0,0,0,0,1,0,0,0,0,0,0
51397,1,0,0,0,1,0,0,0,0,0,0,0
158972,3,1,0,0,0,1,0,0,0,1,0,0
102072,1,1,0,0,1,0,0,0,0,1,0,0
29439,1,0,0,1,0,0,0,0,0,0,1,0
59423,1,0,0,1,0,0,0,0,0,0,0,0
476992,0,1,0,0,0,1,0,0,0,0,0,0
29568,1,0,0,0,1,0,0,0,0,0,0,0
191949,0,1,0,0,0,0,1,0,0,0,0,0
5346,1,0,0,0,0,1,0,0,0,0,0,0
102565,0,1,0,0,0,1,0,0,0,0,0,0
22204,1,0,0,1,0,0,0,0,0,0,0,0
7032,2,0,0,0,0,0,1,0,0,0,0,0
10764,1,0,0,0,0,0,1,0,0,0,0,0
303208,0,1,0,0,0,0,1,0,0,0,0,0
87969,2,0,0,0,0,0,1,0,0,0,0,0
59484,0,0,0,0,0,1,0,0,0,0,0,0
207084,1,1,0,1,0,0,0,0,0,0,0,1
28651,0,0,0,0,1,0,0,0,1,0,0,0
115202,0,1,0,0,1,0,0,0,0,0,1,0
51071,0,0,0,1,0,0,0,1,0,0,0,0
21828,0,0,0,1,0,0,0,0,0,0,0,0
49363,0,0,0,0,0,0,1,0,0,0,0,0
55877,0,0,0,0,0,1,0,0,0,0,0,0
26081,3,0,0,0,1,0,0,0,1,0,0,0
60343,0,0,0,1,0,0,0,0,0,0,0,0
59840,1,0,0,0,0,0,1,1,0,0,0,0
18150,0,0,0,0,0,1,0,0,0,0,0,0
69624,0,0,0,0,1,0,0,1,0,0,0,0
57990,0,0,0,1,0,0,0,0,0,1,1,0
59532,1,0,0,0,1,0,0,0,1,0,0,0
77323,1,0,0,0,0,1,0,0,0,0,0,0
486435,0,1,0,0,0,1,0,0,0,1,0,1
29629,0,0,0,0,0,0,1,1,0,0,0,0
27873,0,0,0,0,1,0,0,1,0,0,0,0
5755,0,0,0,0,0,1,0,0,0,0,0,0
6052,0,0,0,1,0,0,0,0,1,0,0,0
37742,1,0,0,0,1,0,0,0,1,0,0,0
163265,0,1,0,0,0,1,0,0,0,0,0,0
65474,1,0,0,1,0,0,0,0,0,0,0,0
75083,1,0,0,1,0,0,0,0,0,0,0,0
168349,0,1,0,0,0,0,1,0,0,0,1,1
46910,1,0,0,0,0,0,1,1,0,0,0,0
133933,0,1,0,1,0,0,0,0,0,1,0,0
78713,0,0,0,0,1,0,0,0,0,0,0,0
65281,4,0,1,0,0,1,0,0,0,0,0,0
282012,0,1,0,1,0,0,0,0,0,0,0,0
13969,1,0,0,1,0,0,0,0,0,0,0,0
15320,0,0,0,0,0,1,0,0,0,0,0,0
100755,0,1,0,0,0,0,1,0,0,0,1,1
56353,3,0,0,0,1,0,0,0,0,0,0,0
13108,0,0,0,0,0,0,1,1,0,0,0,0
85907,0,0,0,0,1,0,0,0,0,0,0,0
45952,0,0,0,1,0,0,0,1,0,0,0,0
47947,0,0,0,0,0,1,0,1,1,0,0,0
58826,0,0,0,1,0,0,0,0,0,0,0,0
47673,0,0,0,0,0,1,0,0,0,0,0,0
60968,1,0,0,0,0,0,1,0,0,0,0,0
61780,0,0,0,0,0,1,0,0,0,1,0,1
116344,0,1,0,1,0,0,0,1,1,0,0,0
91245,0,0,0,0,1,0,0,0,0,0,1,0
173234,0,1,0,0,0,1,0,0,0,0,1,0
56253,0,0,0,0,1,0,0,0,0,0,0,0
32775,0,0,0,1,0,0,0,0,0,0,0,0
57426,0,0,0,1,0,0,0,0,0,0,0,0
32468,0,0,0,1,0,0,0,0,0,0,0,0
7880,1,0,0,0,0,1,0,0,1,0,0,0
75550,0,0,0,0,1,0,0,0,0,0,0,0
61537,2,0,0,1,0,0,0,0,0,0,0,0
77903,1,0,0,0,0,0,1,0,0,0,1,1
5973,0,0,0,0,0,1,0,0,0,0,0,0
47171,0,0,0,1,0,0,0,0,0,0,0,0
53371,0,0,0,1,0,0,0,0,0,1,0,0
8616,2,0,0,0,0,1,0,0,0,0,0,0
42389,0,0,0,1,0,0,0,0,0,0,1,0
60702,0,0,0,0,1,0,0,0,1,0,0,1
9719,0,0,0,0,1,0,0,0,0,0,0,0
32732,0,0,0,0,0,0,1,0,1,0,0,0
78587,2,0,0,0,1,0,0,0,0,0,0,0
9449,0,0,0,0,1,0,0,0,0,0,0,0
50502,0,0,0,0,0,0,1,0,0,0,0,0
226206,0,1,0,0,1,0,0,0,0,0,1,0
351914,0,1,0,0,0,0,1,1,0,1,0,0
50077,1,0,0,0,1,0,0,0,0,0,0,0
78973,2,0,0,0,1,0,0,0,0,0,0,0
90711,1,0,0,0,0,1,0,0,0,0,0,0
29727,0,0,0,1,0,0,0,0,1,0,0,0
74871,3,0,0,1,0,0,0,1,0,0,0,0
49937,0,0,0,0,0,0,1,1,1,0,0,0
55647,0,0,0,1,0,0,0,0,0,0,0,0
83040,4,0,1,0,0,0,1,0,0,0,0,0
55389,0,0,0,0,0,1,0,0,1,0,0,0
88527,4,0,1,0,0,1,0,0,0,1,0,1
42175,1,0,0,0,1,0,0,0,0,0,0,0
29991,0,0,0,0,1,0,0,0,1,0,0,0
79302,0,0,0,0,0,1,0,1,0,0,0,0
122734,1,1,0,1,0,0,0,0,0,0,0,0
16153,0,0,0,0,1,0,0,1,0,0,0,0
180789,4,1,1,1,0,0,0,0,0,0,0,0
73844,0,0,0,0,1,0,0,0,0,1,0,0
140734,0,1,0,0,1,0,0,1,1,1,0,0
23211,1,0,0,1,0,0,0,0,0,0,0,0
51249,0,0,0,0,0,0,1,0,0,0,0,0
44413,0,0,0,0,0,1,0,0,0,0,0,0
195977,1,1,0,0,1,0,0,0,0,0,0,0
326148,0,1,0,1,0,0,0,1,0,1,0,1
137365,0,1,0,1,0,0,0,0,0,0,1,0
32042,2,0,0,0,0,0,1,0,0,0,0,0
106740,0,1,0,1,0,0,0,1,0,0,1,1
22382,1,0,0,0,1,0,0,1,0,0,0,0
53784,0,0,0,0,0,0,1,0,0,0,0,0
18958,1,0,0,0,0,0,1,0,1,0,0,0
73277,0,0,0,0,0,0,1,0,0,0,0,0
17537,0,0,0,1,0,0,0,1,0,0,0,0
29960,3,0,0,1,0,0,0,0,0,0,0,0
176583,0,1,0,0,0,0,1,0,0,0,0,0
53075,1,0,0,0,1,0,0,0,0,0,0,0
28365,0,0,0,0,1,0,0,1,0,0,0,0
25951,2,0,0,0,0,0,1,0,0,0,0,0
38641,0,0,0,0,0,0,1,0,0,0,0,0
39394,0,0,0,1,0,0,0,0,0,0,0,0
76867,1,0,0,1,0,0,0,0,0,0,0,0
33110,0,0,0,1,0,0,0,0,0,1,0,0
79944,0,0,0,0,0,1,0,0,0,0,0,0
13625,3,0,0,0,0,1,0,0,0,0,0,0
42955,0,0,0,0,0,1,0,0,0,0,0,0
48066,0,0,0,0,0,1,0,0,0,0,0,0
16182,0,0,0,0,1,0,0,1,0,0,0,0
24306,2,0,0,0,0,1,0,0,0,0,0,0
65405,0,0,0,0,1,0,0,0,0,0,0,0
182650,1,1,0,1,0,0,0,1,0,0,0,0
35963,1,0,0,0,0,1,0,0,0,0,0,0
70827,0,0,0,0,0,0,1,0,0,1,1,1
71243,1,0,0,0,1,0,0,1,0,0,0,0
39025,0,0,0,1,0,0,0,0,0,0,0,0
31800,0,0,0,0,0,1,0,1,1,0,0,0
10188,0,0,0,0,1,0,0,1,0,0,0,0
25827,0,0,0,0,1,0,0,0,0,1,1,0
43487,0,0,0,0,0,1,0,0,0,0,0,0
38093,1,0,0,0,1,0,0,0,0,0,0,0
16312,0,0,0,0,0,1,0,0,0,0,0,0
34766,0,0,0,0,0,1,0,0,1,0,0,0
42374,1,0,0,0,1,0,0,0,1,0,0,0
188311,0,1,0,0,1,0,0,1,0,0,0,0
42368,3,0,0,0,1,0,0,0,0,0,0,0
7341,0,0,0,0,1,0,0,0,1,0,0,0
138005,0,1,0,1,0,0,0,1,0,0,1,1
212964,1,1,0,1,0,0,0,1,0,0,0,1
72139,2,0,0,1,0,0,0,1,0,0,0,0
20025,2,0,0,0,1,0,0,0,0,0,0,0
45614,0,0,0,0,1,0,0,0,0,0,0,0
129814,0,1,0,0,0,0,1,0,0,0,0,0
106997,1,1,0,0,0,1,0,0,0,1,0,1
272487,0,1,0,0,0,1,0,1,0,0,0,0
16508,0,0,0,0,1,0,0,1,0,0,0,0
15704,1,0,0,0,1,0,0,0,0,0,1,0
87404,0,0,0,0,1,0,0,0,0,0,1,0
52583,0,0,0,0,1,0,0,0,0,0,0,0
43302,0,0,0,1,0,0,0,0,0,0,0,0
148581,1,1,0,1,0,0,0,1,0,0,0,1
224535,0,1,0,0,0,0,1,0,0,0,0,0
25137,0,0,0,0,0,1,0,0,0,1,0,0
39599,0,0,0,0,0,0,1,0,0,0,0,0
72839,0,0,0,0,1,0,0,1,0,0,0,0
46093,0,0,0,0,0,1,0,0,0,0,0,0
198635,0,1,0,0,1,0,0,1,0,0,0,0
15679,0,0,0,0,1,0,0,0,0,0,0,0
56798,0,0,0,0,0,1,0,0,0,0,0,0
46681,1,0,0,0,1,0,0,0,0,0,0,0
147623,2,1,0,1,0,0,0,1,0,0,0,1
33623,0,0,0,0,0,0,1,0,0,0,0,0
5580,1,0,0,1,0,0,0,0,0,1,0,0
62903,2,0,0,0,0,1,0,1,0,0,0,0
75014,1,0,0,1,0,0,0,1,0,0,0,0
288483,0,1,0,1,0,0,0,0,0,1,0,1
39364,1,0,0,0,0,1,0,0,0,0,0,0
63485,0,0,0,1,0,0,0,0,0,0,0,0
114134,1,1,0,0,0,1,0,0,0,0,0,0
26718,4,0,1,1,0,0,0,0,0,0,0,0
172649,0,1,0,1,0,0,0,0,1,0,0,0
18819,1,0,0,0,0,1,0,0,0,0,0,0
150925,0,1,0,1,0,0,0,0,1,0,0,0
110839,2,1,0,0,1,0,0,0,0,0,0,0
30758,2,0,0,0,0,0,1,0,0,1,0,0
75490,1,0,0,0,0,0,1,0,0,0,0,0
27975,0,0,0,0,1,0,0,1,0,0,0,0
26150,1,0,0,0,1,0,0,0,1,1,0,0
20802,1,0,0,0,1,0,0,0,0,0,0,0
62770,0,0,0,0,0,0,1,0,0,0,1,1
12985,1,0,0,0,0,0,1,0,0,0,0,0
160510,0,1,0,0,0,0,1,0,0,0,0,0
83058,0,0,0,1,0,0,0,0,0,0,0,0
75778,0,0,0,0,0,1,0,0,0,0,0,0
53385,0,0,0,0,0,1,0,0,0,1,0,1
62406,1,0,0,0,1,0,0,0,0,0,0,0
54272,0,0,0,1,0,0,0,0,0,0,0,0
69716,0,0,0,0,0,0,1,0,0,0,0,0
67685,0,0,0,1,0,0,0,0,1,0,0,0
181288,0,1,0,0,1,0,0,0,0,0,0,0
97386,0,0,0,0,0,1,0,0,0,0,0,0
66143,0,0,0,0,0,0,1,0,1,0,0,0
75128,3,0,0,0,1,0,0,0,0,0,0,0
40627,5,0,1,0,1,0,0,0,0,0,0,0
12144,2,0,0,0,1,0,0,0,0,0,0,0
47058,0,0,0,0,0,1,0,1,0,0,1,0
79724,1,0,0,0,0,1,0,1,0,0,0,0
54173,0,0,0,0,0,0,1,0,0,0,0,0
161463,2,1,0,0,0,0,1,0,0,0,0,0
42448,1,0,0,0,1,0,0,0,0,0,0,0
116801,0,1,0,0,0,1,0,0,0,0,0,0
233575,0,1,0,0,1,0,0,0,0,0,0,0
448813,0,1,0,0,0,0,1,1,0,0,0,0
84373,0,0,0,1,0,0,0,0,0,0,0,0
11572,0,0,0,0,1,0,0,0,0,0,0,0
59952,0,0,0,1,0,0,0,0,0,0,0,0
28683,0,0,0,0,0,0,1,0,1,0,0,0
152366,1,1,0,0,0,1,0,0,0,0,1,0
14297,1,0,0,0,0,1,0,0,0,1,0,1
161785,0,1,0,0,0,0,1,0,0,1,0,0
135360,1,1,0,0,1,0,0,0,1,1,0,0
48115,1,0,0,0,1,0,0,0,0,0,0,0
26572,0,0,0,0,0,1,0,1,0,0,0,0
7787,0,0,0,1,0,0,0,0,1,0,0,0
72034,1,0,0,1,0,0,0,0,0,1,0,0
284833,0,1,0,0,0,1,0,0,0,0,1,0
443268,2,1,0,1,0,0,0,0,1,0,0,1
142181,2,1,0,1,0,0,0,0,0,0,0,0
81249,0,0,0,0,0,0,1,0,1,1,0,0
18507,1,0,0,0,0,0,1,0,0,0,0,0
104851,1,1,0,0,1,0,0,0,0,0,0,0
52165,0,0,0,0,0,0,1,0,0,0,0,0
30076,2,0,0,0,0,1,0,0,0,0,0,0
389177,1,1,0,0,0,1,0,0,0,1,0,1
64249,0,0,0,0,0,0,1,0,0,1,0,0
66804,0,0,0,0,0,0,1,0,1,0,0,0
103961,0,1,0,0,0,0,1,0,0,0,0,0
58934,1,0,0,0,1,0,0,0,0,0,0,0
374998,0,1,0,0,1,0,0,1,0,0,0,0
65574,2,0,0,0,0,0,1,1,0,0,0,0
101140,2,1,0,0,0,0,1,0,0,0,0,0
58849,0,0,0,1,0,0,0,0,1,0,0,0
69879,0,0,0,0,1,0,0,0,1,0,0,0
85377,1,0,0,0,1,0,0,0,0,1,0,0
44738,0,0,0,0,0,1,0,0,0,0,0,0
69783,0,0,0,0,1,0,0,0,0,0,0,0
102686,0,1,0,0,1,0,0,0,0,0,0,0
7851,1,0,0,0,0,1,0,0,0,0,0,0
107937,0,1,0,0,0,0,1,0,1,0,0,0
33533,0,0,0,0,0,0,1,0,1,0,1,0
199080,1,1,0,0,0,0,1,1,0,0,0,0
167731,1,1,0,1,0,0,0,0,0,0,0,0
8091,0,0,0,1,0,0,0,0,1,0,0,0
57614,1,0,0,1,0,0,0,0,0,0,0,0
6027,1,0,0,0,1,0,0,0,1,0,0,0
14064,1,0,0,0,0,0,1,0,0,0,0,0
181642,0,1,0,0,1,0,0,0,0,0,0,0
96515,0,0,0,0,0,0,1,0,0,0,0,0
37934,3,0,0,1,0,0,0,0,1,0,0,0
13739,1,0,0,0,0,0,1,0,0,0,0,0
44440,2,0,0,1,0,0,0,0,0,0,0,0
18543,0,0,0,0,1,0,0,0,0,0,0,0
40391,0,0,0,0,0,0,1,0,0,0,0,0
188875,0,1,0,1,0,0,0,0,1,0,0,0
68368,4,0,1,0,1,0,0,0,0,0,0,0
40521,0,0,0,0,0,1,0,1,0,0,0,0
32341,1,0,0,0,1,0,0,0,1,0,0,0
297149,1,1,0,0,0,1,0,0,0,0,1,0
48579,1,0,0,0,1,0,0,1,0,1,0,0
72872,0,0,0,1,0,0,0,1,0,0,0,0
196438,1,1,0,1,0,0,0,0,0,0,0,0
76433,0,0,0,1,0,0,0,0,0,0,0,0
59460,0,0,0,0,1,0,0,0,0,0,0,0
94970,1,0,0,0,0,1,0,0,0,0,0,0
156223,0,1,0,0,0,0,1,1,0,0,0,0
104218,1,1,0,0,1,0,0,0,0,0,0,0
168783,4,1,1,1,0,0,0,0,0,1,1,0
422335,0,1,0,0,1,0,0,0,0,0,0,0
416651,0,1,0,0,0,1,0,0,0,0,0,0
9763,0,0,0,0,0,1,0,0,0,0,0,0
45928,0,0,0,0,0,1,0,0,1,0,0,0
164228,0,1,0,1,0,0,0,1,1,0,1,1
170230,1,1,0,1,0,0,0,0,0,0,0,0
16358,5,0,1,0,0,0,1,0,0,1,0,0
19929,0,0,0,0,0,0,1,0,0,0,0,0
171523,1,1,0,0,0,1,0,0,0,1,0,1
43881,0,0,0,0,0,0,1,1,1,0,0,0
20108,0,0,0,0,0,0,1,0,0,0,0,0
9784,1,0,0,0,1,0,0,0,0,0,0,0
109880,0,1,0,0,0,0,1,0,0,0,1,1
138845,0,1,0,0,0,1,0,1,0,0,0,0
145893,2,1,0,0,0,1,0,0,0,0,0,0
36176,0,0,0,0,1,0,0,0,0,0,0,0
183644,0,1,0,0,0,1,0,0,0,0,0,0
53985,2,0,0,0,0,1,0,0,1,0,0,0
10785,0,0,0,0,0,1,0,0,0,0,0,0
184710,0,1,0,0,0,0,1,0,0,0,0,0
394586,1,1,0,0,0,0,1,1,0,0,0,0
64259,0,0,0,1,0,0,0,0,0,1,0,0
46617,0,0,0,0,0,1,0,0,0,1,0,1
107630,2,1,0,0,1,0,0,1,1,0,0,0
63455,0,0,0,0,0,1,0,0,0,0,0,0
162549,0,1,0,0,1,0,0,0,0,0,0,0
42461,0,0,0,0,1,0,0,0,0,0,0,0
281482,0,1,0,1,0,0,0,0,1,0,0,1
7526,1,0,0,0,1,0,0,0,0,1,1,0
59270,0,0,0,1,0,0,0,0,0,0,0,0
42808,1,0,0,0,0,0,1,0,1,1,0,0
148501,4,1,1,0,0,1,0,0,0,0,0,0
24388,1,0,0,0,0,0,1,0,1,0,0,0
75252,0,0,0,1,0,0,0,0,0,0,0,0
67330,1,0,0,0,0,1,0,0,0,0,0,0
36460,1,0,0,1,0,0,0,0,0,0,0,0
11037,0,0,0,0,0,1,0,0,0,0,0,0
141344,1,1,0,0,0,0,1,0,1,0,0,0
7600,0,0,0,0,0,0,1,0,0,0,0,0
28460,0,0,0,0,1,0,0,0,0,0,0,0
362527,1,1,0,1,0,0,0,0,0,0,0,0
6883,2,0,0,1,0,0,0,0,0,0,0,0
26110,0,0,0,0,1,0,0,0,0,0,0,0
67956,1,0,0,1,0,0,0,0,0,0,0,0
189115,1,1,0,1,0,0,0,0,0,0,0,0
18096,0,0,0,0,0,1,0,0,0,0,0,0
64324,1,0,0,0,0,1,0,0,0,0,0,0
15660,0,0,0,0,0,1,0,0,0,0,0,0
158189,1,1,0,1,0,0,0,0,0,0,0,0
192212,0,1,0,0,0,0,1,0,0,0,0,0
187060,1,1,0,0,0,1,0,0,0,0,0,0
157879,0,1,0,0,0,1,0,0,0,0,0,0
63303,1,0,0,1,0,0,0,0,0,0,0,0
175188,0,1,0,0,0,1,0,0,0,0,0,0
268824,1,1,0,0,0,0,1,1,0,1,0,0
69751,1,0,0,0,0,1,0,0,0,0,0,0
68998,5,0,1,0,0,0,1,1,1,0,0,0
74793,1,0,0,0,0,1,0,0,0,0,0,0
59535,1,0,0,0,0,0,1,0,0,0,0,0
140988,0,1,0,0,0,1,0,0,0,0,0,0
72698,0,0,0,0,1,0,0,0,0,0,0,0
18928,1,0,0,1,0,0,0,0,0,0,0,0
59567,2,0,0,0,0,0,1,0,0,0,1,0
72473,0,0,0,0,0,1,0,0,0,1,0,0
23812,2,0,0,1,0,0,0,0,0,0,0,0
32430,3,0,0,0,0,0,1,0,0,0,0,0
54775,0,0,0,0,0,1,0,0,0,1,0,1
75300,1,0,0,0,0,1,0,0,0,0,0,0
86046,0,0,0,0,0,1,0,0,0,1,0,1
14396,1,0,0,1,0,0,0,1,0,0,0,0
56214,0,0,0,0,0,1,0,0,0,0,0,0
153997,0,1,0,0,0,0,1,0,0,0,0,0
72174,1,0,0,1,0,0,0,1,0,0,0,0
209331,0,1,0,0,1,0,0,1,1,0,0,0
56660,0,0,0,0,1,0,0,0,0,0,0,0
28215,0,0,0,0,1,0,0,0,1,0,0,0
7110,0,0,0,0,1,0,0,0,0,0,0,0
30739,0,0,0,0,0,0,1,0,0,0,0,0
139580,1,1,0,0,1,0,0,1,0,0,0,0
23667,0,0,0,0,0,0,1,0,0,0,0,0
124778,0,1,0,1,0,0,0,0,1,1,0,0
58659,1,0,0,0,0,1,0,0,0,0,0,0
69309,1,0,0,1,0,0,0,0,0,0,0,0
73937,0,0,0,0,0,0,1,0,0,0,0,0
5261,0,0,0,0,0,0,1,0,0,0,0,0
58946,2,0,0,1,0,0,0,1,0,0,0,0
144215,0,1,0,0,0,0,1,0,0,0,0,0
38663,0,0,0,0,0,1,0,0,0,0,0,0
164629,0,1,0,0,1,0,0,0,1,1,0,0
102829,0,1,0,1,0,0,0,0,0,0,0,0
103532,1,1,0,0,1,0,0,0,0,0,0,0
126512,4,1,1,0,1,0,0,0,0,0,0,0
90182,0,0,0,0,0,0,1,0,0,1,0,0
439607,0,1,0,0,0,1,0,0,0,0,0,0
59113,0,0,0,0,1,0,0,0,0,0,0,0
86031,0,0,0,1,0,0,0,0,0,0,0,0
61372,0,0,0,0,1,0,0,0,0,0,0,0
57614,0,0,0,0,0,1,0,0,0,0,0,0
57785,0,0,0,0,1,0,0,0,0,0,0,0
28167,0,0,0,0,0,1,0,0,0,1,0,1
133128,0,1,0,0,1,0,0,0,0,1,0,0
76718,0,0,0,1,0,0,0,0,0,0,0,0
75834,3,0,0,0,0,0,1,0,1,0,0,0
143431,1,1,0,0,0,0,1,0,0,0,0,0
12055,0,0,0,0,0,0,1,0,0,1,0,0
59767,1,0,0,0,1,0,0,0,0,0,0,0
77298,5,0,1,1,0,0,0,0,0,0,0,0
42319,0,0,0,1,0,0,0,0,0,0,0,0
103268,0,1,0,0,1,0,0,0,0,0,1,0
31777,1,0,0,0,1,0,0,0,0,0,0,0
114434,0,1,0,0,0,0,1,1,0,0,0,0
71110,0,0,0,0,1,0,0,0,0,0,0,0
460169,0,1,0,0,0,0,1,0,0,0,0,0
24122,0,0,0,0,0,0,1,0,0,0,0,0
43788,0,0,0,0,0,0,1,0,0,1,0,0
50692,2,0,0,0,0,0,1,0,0,0,0,0
56201,0,0,0,0,0,1,0,0,0,0,0,0
27092,2,0,0,1,0,0,0,0,0,0,0,0
75875,0,0,0,0,0,1,0,0,0,0,0,0
190737,0,1,0,0,0,1,0,0,0,0,0,0
5116,1,0,0,1,0,0,0,0,0,0,0,0
55774,1,0,0,0,1,0,0,0,0,0,0,0
18625,1,0,0,0,0,0,1,0,0,0,0,0
15351,0,0,0,1,0,0,0,0,0,0,0,0
44146,1,0,0,0,0,1,0,0,0,0,0,0
48890,3,0,0,0,0,0,1,0,0,0,0,0
44766,2,0,0,0,0,1,0,0,0,1,0,1
52795,1,0,0,1,0,0,0,0,0,1,0,0
43464,0,0,0,0,0,0,1,0,1,0,0,0
51487,0,0,0,1,0,0,0,1,1,0,0,0
87450,1,0,0,0,0,0,1,0,0,0,0,0
48758,1,0,0,0,0,0,1,0,0,0,0,0
434777,1,1,0,0,0,1,0,0,1,0,0,1
5696,2,0,0,0,1,0,0,0,0,0,0,0
413209,1,1,0,1,0,0,0,0,0,0,0,0
49429,0,0,0,1,0,0,0,0,0,0,0,0
19228,0,0,0,0,0,1,0,0,0,0,0,0
45052,0,0,0,1,0,0,0,0,0,0,0,0
67618,0,0,0,0,1,0,0,0,0,0,0,0
45880,1,0,0,0,1,0,0,0,1,0,0,0
283604,0,1,0,0,0,0,1,0,0,0,0,0
77276,0,0,0,1,0,0,0,0,0,0,0,0
39881,0,0,0,0,0,0,1,0,0,1,0,0
89117,2,0,0,0,0,0,1,0,0,0,0,0
60093,3,0,0,0,0,0,1,0,0,0,0,0
14457,0,0,0,0,1,0,0,0,0,1,0,0
76427,1,0,0,1,0,0,0,0,0,1,0,0
177861,1,1,0,0,0,1,0,0,0,0,0,0
71047,0,0,0,0,0,1,0,1,0,1,0,1
10679,0,0,0,0,0,0,1,0,0,0,0,0
157263,1,1,0,0,0,0,1,0,0,1,0,0
177042,1,1,0,0,0,0,1,0,0,0,0,0
35510,0,0,0,0,0,1,0,0,1,0,0,0
409164,0,1,0,0,0,1,0,0,0,0,0,0
14979,0,0,0,0,0,0,1,0,0,0,0,0
70276,1,0,0,1,0,0,0,0,1,0,0,0
184217,1,1,0,0,0,0,1,0,0,0,0,0
44757,1,0,0,0,0,0,1,0,0,0,0,0
438282,0,1,0,0,0,1,0,1,0,0,0,1
7796,0,0,0,0,0,0,1,0,0,0,0,0
145451,0,1,0,0,0,1,0,0,0,0,0,0
15510,1,0,0,0,0,0,1,0,1,0,0,0
68627,0,0,0,0,0,1,0,1,0,0,0,0
59436,1,0,0,0,1,0,0,0,0,0,0,0
304569,0,1,0,0,1,0,0,0,0,0,0,0
65118,0,0,0,0,0,0,1,0,0,0,0,0
43361,0,0,0,0,0,1,0,0,0,0,0,0
31241,0,0,0,0,1,0,0,0,0,0,0,0
55445,2,0,0,1,0,0,0,0,0,0,0,0
42385,3,0,0,1,0,0,0,0,0,0,0,0
8607,3,0,0,0,0,0,1,0,1,0,0,0
39763,0,0,0,0,1,0,0,0,0,0,0,0
135302,1,1,0,1,0,0,0,0,0,0,0,0
7741,1,0,0,1,0,0,0,0,0,0,0,0
56973,0,0,0,1,0,0,0,0,0,0,0,0
42371,1,0,0,0,1,0,0,0,0,0,0,0
28668,1,0,0,0,1,0,0,0,1,0,0,0
440931,0,1,0,1,0,0,0,0,0,0,0,0
71923,0,0,0,0,0,1,0,0,0,0,0,0
391702,0,1,0,1,0,0,0,0,0,0,0,0
19086,0,0,0,0,1,0,0,0,0,1,0,0
39680,0,0,0,0,1,0,0,0,0,0,0,0
69315,1,0,0,0,1,0,0,0,0,0,0,0
28137,1,0,0,1,0,0,0,0,0,0,0,0
19924,1,0,0,1,0,0,0,0,0,0,0,0
281253,2,1,0,0,1,0,0,1,0,0,0,1
29492,1,0,0,1,0,0,0,0,0,0,1,0
98795,2,0,0,1,0,0,0,0,0,0,0,0
87010,0,0,0,0,1,0,0,0,0,0,0,0
34670,1,0,0,1,0,0,0,0,0,0,1,0
68145,1,0,0,0,1,0,0,0,0,0,0,0
35462,0,0,0,1,0,0,0,0,0,0,0,0
65368,2,0,0,0,0,0,1,0,0,0,0,0
88926,0,0,0,0,0,1,0,1,0,0,0,0
31893,0,0,0,0,1,0,0,0,0,0,0,0
5182,2,0,0,1,0,0,0,0,0,0,0,0
49395,0,0,0,0,0,0,1,1,1,0,0,0
21958,0,0,0,0,1,0,0,0,0,1,0,0
42350,0,0,0,0,0,0,1,0,0,0,0,0
82476,0,0,0,1,0,0,0,0,1,0,0,0
60806,0,0,0,0,0,0,1,0,0,0,0,0
140822,0,1,0,0,0,0,1,0,0,0,0,0
78937,0,0,0,0,1,0,0,0,0,0,0,0
58539,1,0,0,0,1,0,0,0,0,0,0,0
70114,1,0,0,0,1,0,0,0,0,1,0,0
19567,1,0,0,0,1,0,0,0,0,0,0,0
114909,0,1,0,1,0,0,0,1,0,1,0,1
33412,0,0,0,0,0,1,0,0,0,1,0,1
79412,0,0,0,1,0,0,0,0,0,0,0,0
75374,0,0,0,0,1,0,0,0,0,0,1,0
48598,3,0,0,1,0,0,0,0,1,0,0,0
147186,1,1,0,0,1,0,0,0,0,0,0,0
110167,0,1,0,0,1,0,0,0,0,0,0,0
22541,4,0,1,0,0,0,1,0,0,0,0,0
148280,0,1,0,0,0,1,0,0,1,0,0,0
64025,0,0,0,0,0,1,0,0,0,0,0,0
31975,3,0,0,0,0,1,0,0,0,0,0,0
28146,0,0,0,0,1,0,0,0,0,0,0,0
50083,0,0,0,1,0,0,0,0,0,0,0,0
69696,0,0,0,0,1,0,0,0,0,1,0,0
39438,0,0,0,0,0,1,0,0,0,1,0,0
16957,1,0,0,1,0,0,0,0,0,0,0,0
45740,3,0,0,0,0,1,0,1,0,0,0,0
177559,1,1,0,0,0,1,0,0,0,0,0,0
122972,0,1,0,1,0,0,0,0,0,0,0,0
19316,0,0,0,1,0,0,0,0,0,0,0,0
72118,0,0,0,0,0,1,0,0,0,0,0,0
14003,0,0,0,0,1,0,0,0,0,0,0,0
185994,0,1,0,0,0,1,0,0,0,0,0,0
42605,0,0,0,0,0,0,1,1,0,0,1,1
11528,0,0,0,0,1,0,0,0,0,0,0,0
106486,0,1,0,1,0,0,0,0,0,0,1,0
38323,0,0,0,0,1,0,0,0,1,1,0,0
8953,0,0,0,0,1,0,0,0,0,0,0,0
54913,0,0,0,0,0,0,1,0,0,0,0,0
45156,1,0,0,0,0,0,1,0,0,1,0,0
144615,0,1,0,0,0,1,0,0,0,0,1,0
32736,0,0,0,1,0,0,0,0,0,0,0,0
138476,1,1,0,1,0,0,0,0,0,0,0,0
467040,1,1,0,0,0,0,1,0,0,0,0,0
43457,1,0,0,0,0,0,1,0,0,0,0,0
37141,0,0,0,0,0,1,0,0,0,0,0,0
79849,0,0,0,0,0,1,0,1,0,0,0,0
19482,0,0,0,0,0,0,1,0,0,0,0,0
248069,0,1,0,0,0,0,1,0,0,0,0,0
70702,0,0,0,1,0,0,0,0,0,0,0,0
339414,0,1,0,0,0,1,0,0,0,0,0,0
55449,0,0,0,0,0,1,0,0,0,0,0,0
288340,0,1,0,1,0,0,0,0,0,0,1,0
446865,0,1,0,0,0,1,0,0,0,0,0,1
24471,0,0,0,0,0,0,1,0,0,0,0,0
73806,4,0,1,1,0,0,0,0,0,0,0,0
66027,0,0,0,0,0,1,0,0,0,0,0,0
145040,0,1,0,0,0,1,0,0,0,1,0,1
38750,0,0,0,0,0,0,1,1,0,0,0,0
51583,2,0,0,1,0,0,0,0,0,0,0,0
36086,2,0,0,0,1,0,0,0,0,0,0,0
66557,0,0,0,1,0,0,0,0,0,0,0,0
41359,0,0,0,1,0,0,0,0,0,0,0,0
110382,1,1,0,0,0,0,1,0,0,0,0,0
89640,0,0,0,0,0,1,0,1,1,0,0,0
33400,0,0,0,0,1,0,0,1,0,0,0,0
17951,0,0,0,0,0,1,0,0,0,0,0,0
47618,1,0,0,1,0,0,0,0,0,0,0,0
9888,2,0,0,0,0,0,1,0,0,0,0,0
15026,0,0,0,0,0,0,1,1,0,0,0,0
76673,0,0,0,0,0,0,1,0,0,1,0,0
88649,2,0,0,0,0,1,0,0,1,1,0,1
69248,5,0,1,1,0,0,0,0,0,0,0,0
54891,0,0,0,1,0,0,0,0,0,1,1,0
50100,0,0,0,0,0,0,1,1,0,0,0,0
88128,0,0,0,0,0,1,0,0,0,0,0,0
29113,1,0,0,1,0,0,0,0,1,0,0,0
152058,2,1,0,1,0,0,0,0,0,0,0,0
70243,0,0,0,1,0,0,0,0,0,0,1,0
23185,0,0,0,0,0,0,1,0,0,0,0,0
89215,0,0,0,1,0,0,0,1,1,0,0,0
74553,2,0,0,0,1,0,0,0,0,0,0,0
14056,0,0,0,0,0,0,1,0,0,0,0,0
33154,5,0,1,1,0,0,0,0,0,0,0,0
72381,2,0,0,0,1,0,0,1,0,1,0,0
120263,0,1,0,0,0,1,0,0,0,0,0,0
69648,0,0,0,1,0,0,0,0,0,0,0,0
333152,0,1,0,0,0,0,1,0,0,0,0,0
133378,0,1,0,0,0,1,0,0,0,0,0,0
93774,0,0,0,1,0,0,0,0,0,0,0,0
78531,0,0,0,0,1,0,0,0,0,0,0,0
51831,1,0,0,0,1,0,0,1,0,0,0,0
144429,0,1,0,1,0,0,0,0,1,0,0,0
56026,0,0,0,1,0,0,0,0,0,0,0,0
14703,0,0,0,0,0,1,0,1,0,0,1,0
81310,0,0,0,0,1,0,0,0,1,0,0,0
43970,1,0,0,1,0,0,0,0,0,0,0,0
70665,2,0,0,1,0,0,0,0,0,0,0,0
15420,1,0,0,0,1,0,0,0,0,0,0,0
66286,0,0,0,0,0,0,1,0,0,0,0,0
71900,0,0,0,0,1,0,0,1,0,0,0,0
106162,1,1,0,0,0,1,0,1,0,0,0,0
10623,1,0,0,0,1,0,0,0,0,0,0,0
51324,0,0,0,0,1,0,0,0,0,1,0,0
48503,0,0,0,0,0,1,0,1,0,1,1,1
24565,1,0,0,0,0,1,0,0,0,0,0,0
51764,0,0,0,0,0,1,0,0,0,0,0,0
11038,0,0,0,0,1,0,0,0,0,0,0,0
42610,0,0,0,0,0,0,1,0,0,0,0,0
93042,2,0,0,1,0,0,0,1,0,1,0,0
76442,1,0,0,1,0,0,0,1,0,0,0,0
14765,4,0,1,0,1,0,0,0,0,0,1,0
34752,0,0,0,0,1,0,0,1,0,0,0,0
41881,0,0,0,0,0,1,0,0,0,0,0,0
32671,3,0,0,0,1,0,0,0,0,0,0,0
23606,0,0,0,0,0,0,1,0,0,0,0,0
143764,1,1,0,0,0,1,0,1,0,0,0,0
37548,0,0,0,0,0,1,0,0,0,0,0,0
69144,0,0,0,0,0,0,1,0,0,0,0,0
102306,0,1,0,0,1,0,0,0,0,0,0,0
12046,0,0,0,0,0,0,1,0,0,0,0,0
25350,0,0,0,0,1,0,0,0,1,0,0,0
56036,0,0,0,0,1,0,0,0,0,0,0,0
38610,1,0,0,0,0,0,1,0,0,0,0,0
45707,2,0,0,0,1,0,0,0,0,1,0,0
20944,1,0,0,0,0,1,0,0,0,0,0,0
85684,1,0,0,0,0,1,0,0,0,1,0,1
76569,0,0,0,0,1,0,0,0,0,0,0,0
16995,5,0,1,0,0,1,0,0,0,0,0,0
21270,2,0,0,0,1,0,0,0,0,0,0,0
71788,0,0,0,0,0,1,0,0,0,1,1,0
61695,1,0,0,0,0,1,0,0,0,0,0,0
154488,5,1,1,1,0,0,0,0,0,0,0,0
190369,0,1,0,0,0,1,0,0,0,0,0,0
71056,1,0,0,1,0,0,0,1,0,0,0,0
5462,1,0,0,0,1,0,0,0,0,0,0,0
59262,0,0,0,1,0,0,0,1,0,0,0,0
56533,0,0,0,1,0,0,0,1,0,0,0,0
82603,0,0,0,0,0,1,0,1,0,0,0,0
40737,2,0,0,0,0,0,1,0,0,0,0,0
67493,0,0,0,0,1,0,0,0,0,0,0,0
66963,1,0,0,0,0,1,0,0,0,0,0,0
114107,1,1,0,0,1,0,0,0,1,0,0,0
165466,2,1,0,1,0,0,0,0,0,0,0,0
12179,1,0,0,0,1,0,0,0,0,1,0,0
78488,2,0,0,0,0,0,1,0,0,0,0,0
41109,0,0,0,0,1,0,0,0,0,0,0,0
18271,0,0,0,0,1,0,0,0,0,1,0,0
241378,0,1,0,0,1,0,0,0,1,0,0,0
75358,0,0,0,0,1,0,0,1,0,0,1,0
40891,0,0,0,0,0,0,1,1,0,0,0,0
38147,2,0,0,0,1,0,0,0,1,0,0,0
13120,1,0,0,0,0,1,0,0,0,0,0,0
24599,0,0,0,1,0,0,0,0,0,0,0,0
33709,0,0,0,1,0,0,0,0,0,0,0,0
190502,1,1,0,0,1,0,0,0,0,1,0,0
22282,0,0,0,0,0,1,0,1,0,0,0,0
72159,0,0,0,1,0,0,0,0,1,0,0,0
47720,3,0,0,0,1,0,0,0,0,0,0,0
144520,0,1,0,1,0,0,0,0,0,1,0,0
27282,1,0,0,1,0,0,0,0,0,0,0,0
43751,0,0,0,0,0,1,0,0,0,0,0,0
71174,0,0,0,1,0,0,0,0,0,0,0,0
223633,0,1,0,0,0,0,1,0,0,0,0,0
68681,1,0,0,0,0,0,1,0,0,0,0,0
62129,0,0,0,0,1,0,0,0,1,0,0,0
76062,0,0,0,0,0,1,0,0,0,0,1,0
236865,1,1,0,0,1,0,0,0,0,0,0,0
74729,1,0,0,0,1,0,0,0,0,0,0,0
33275,0,0,0,1,0,0,0,0,0,0,0,0
62760,0,0,0,1,0,0,0,0,0,0,0,0
5843,1,0,0,0,0,1,0,0,0,0,0,0
450280,0,1,0,0,1,0,0,0,0,0,0,0
46301,2,0,0,0,1,0,0,0,1,0,0,0
155408,0,1,0,0,0,1,0,0,0,0,1,0
17155,0,0,0,0,0,1,0,0,0,0,0,0
46281,3,0,0,0,0,0,1,0,0,0,0,0
9653,0,0,0,0,1,0,0,1,0,1,0,0
77955,1,0,0,0,1,0,0,0,0,0,0,0
13530,0,0,0,1,0,0,0,0,0,0,0,0
259141,0,1,0,0,0,0,1,0,0,0,0,0
14804,0,0,0,0,1,0,0,0,0,1,0,0
100962,0,1,0,0,0,1,0,0,0,0,0,0
71273,0,0,0,0,1,0,0,0,1,0,0,0
7835,0,0,0,0,0,1,0,1,0,1,0,1
15435,0,0,0,0,0,1,0,0,0,1,0,0
38505,1,0,0,0,0,1,0,0,0,0,0,0
110827,0,1,0,0,0,0,1,0,0,0,0,0
32084,1,0,0,0,1,0,0,1,0,0,0,0
99901,0,0,0,0,1,0,0,0,0,0,0,0
13286,0,0,0,0,1,0,0,0,0,0,0,0
39860,0,0,0,1,0,0,0,0,1,1,0,0
76139,0,0,0,1,0,0,0,0,0,0,0,0
31166,1,0,0,0,0,1,0,1,0,0,0,0
68513,2,0,0,0,1,0,0,0,0,0,0,0
104933,1,1,0,0,1,0,0,0,0,0,0,0
150618,2,1,0,0,1,0,0,1,1,0,0,0
50165,1,0,0,0,1,0,0,0,0,0,0,0
60563,0,0,0,0,0,1,0,0,0,0,0,0
38663,2,0,0,0,0,0,1,1,0,0,0,0
102757,0,1,0,0,0,1,0,0,0,0,0,0
56760,1,0,0,0,0,1,0,0,0,0,1,0
6557,1,0,0,0,0,0,1,1,0,1,0,0
41040,0,0,0,1,0,0,0,0,0,0,0,0
31148,0,0,0,1,0,0,0,0,1,1,0,0
60360,1,0,0,0,0,1,0,0,1,0,0,0
190697,0,1,0,0,0,1,0,1,0,0,0,0
9192,0,0,0,0,0,1,0,0,0,0,0,0
71759,0,0,0,0,0,1,0,0,0,0,0,0
254131,1,1,0,0,0,1,0,0,0,0,0,0
53644,0,0,0,0,0,1,0,0,0,0,0,0
19554,0,0,0,0,0,1,0,0,0,1,1,0
21783,0,0,0,1,0,0,0,0,0,0,0,0
7654,0,0,0,0,0,0,1,0,0,0,0,0
9286,0,0,0,0,1,0,0,0,0,0,0,0
5494,5,0,1,0,1,0,0,0,0,0,0,0
31821,1,0,0,0,0,0,1,0,0,0,0,0
149931,3,1,0,0,0,0,1,0,1,0,1,1
29803,0,0,0,1,0,0,0,0,0,0,0,0
415570,1,1,0,0,0,1,0,0,0,0,0,0
77847,1,0,0,0,0,1,0,0,0,0,0,0
33951,1,0,0,0,1,0,0,1,0,0,0,0
140459,2,1,0,0,1,0,0,0,0,0,0,0
49122,0,0,0,0,1,0,0,0,0,0,0,0
5720,0,0,0,1,0,0,0,0,0,0,0,0
75442,0,0,0,1,0,0,0,0,0,0,0,0
5965,0,0,0,0,1,0,0,0,0,0,0,0
53627,0,0,0,1,0,0,0,0,0,0,0,0
264945,0,1,0,1,0,0,0,0,0,0,0,1
25719,1,0,0,0,1,0,0,0,0,0,0,0
9747,0,0,0,0,0,0,1,0,0,0,0,0
200034,0,1,0,0,1,0,0,0,0,0,0,0
173283,1,1,0,0,0,1,0,0,0,0,0,0
18440,0,0,0,1,0,0,0,0,1,0,0,0
358149,1,1,0,1,0,0,0,1,0,0,1,1
29696,1,0,0,1,0,0,0,0,0,0,0,0
46340,0,0,0,0,1,0,0,0,0,0,0,0
172419,0,1,0,0,0,1,0,0,0,0,0,0
30904,0,0,0,1,0,0,0,0,1,0,0,0
98478,0,0,0,0,1,0,0,0,0,0,0,0
18143,0,0,0,0,0,1,0,0,0,0,0,0
151996,0,1,0,0,1,0,0,1,1,0,0,0
78845,0,0,0,1,0,0,0,0,0,0,0,0
64468,0,0,0,0,1,0,0,0,0,0,0,0
49305,1,0,0,0,0,1,0,0,0,0,0,0
171605,0,1,0,0,0,0,1,0,0,0,0,0
82292,0,0,0,0,1,0,0,0,0,0,0,0
354098,2,1,0,0,0,1,0,1,0,0,0,0
415133,1,1,0,0,0,0,1,0,0,0,1,1
88801,2,0,0,0,0,0,1,0,0,1,0,0
18723,0,0,0,0,0,1,0,1,0,0,0,0
60834,2,0,0,0,0,1,0,0,1,0,0,0
81664,0,0,0,0,0,0,1,1,0,0,1,0
24076,1,0,0,0,0,1,0,0,0,0,0,0
196271,0,1,0,1,0,0,0,0,0,1,0,0
20015,0,0,0,0,0,1,0,0,0,0,0,0
31326,0,0,0,0,1,0,0,1,0,0,1,0
33286,0,0,0,0,0,1,0,0,0,1,0,1
48881,0,0,0,0,0,1,0,0,0,0,1,0
56480,0,0,0,1,0,0,0,0,0,1,0,0
54261,2,0,0,1,0,0,0,0,0,0,0,0
34322,0,0,0,0,1,0,0,0,0,0,0,0
145255,1,1,0,0,0,0,1,0,1,0,1,1
66549,1,0,0,0,0,0,1,0,0,0,0,0
124479,1,1,0,0,0,1,0,0,0,0,0,0
49590,2,0,0,1,0,0,0,0,1,0,1,0
59752,3,0,0,1,0,0,0,0,0,0,0,0
79534,0,0,0,0,0,0,1,0,1,0,0,0
149195,0,1,0,0,0,0,1,0,0,0,0,0
17805,0,0,0,0,0,0,1,0,0,0,0,0
5798,0,0,0,1,0,0,0,0,1,0,0,0
13735,1,0,0,0,1,0,0,0,0,0,0,0
150965,2,1,0,0,0,1,0,1,0,0,1,0
14822,1,0,0,0,0,1,0,0,0,0,0,0
72747,2,0,0,0,0,1,0,0,1,0,0,0
37753,0,0,0,0,0,1,0,0,0,0,0,0
20659,5,0,1,0,1,0,0,0,0,0,0,0
47296,0,0,0,0,1,0,0,0,0,0,0,0
38068,0,0,0,0,0,0,1,0,0,0,0,0
55545,0,0,0,1,0,0,0,0,0,1,0,0
413119,1,1,0,0,0,0,1,0,0,0,0,0
32925,0,0,0,0,1,0,0,0,0,0,1,0
10536,0,0,0,0,0,0,1,0,0,0,0,0
77676,0,0,0,0,0,1,0,1,0,0,0,0
162986,0,1,0,0,0,1,0,0,0,0,0,0
32228,0,0,0,0,0,0,1,0,0,1,0,0
49782,0,0,0,0,0,1,0,0,0,0,0,0
72092,0,0,0,0,1,0,0,0,0,0,0,0
157392,1,1,0,0,0,0,1,0,0,0,0,0
33848,4,0,1,0,0,0,1,0,0,0,0,0
10219,0,0,0,0,0,1,0,0,1,0,0,0
147359,1,1,0,0,1,0,0,0,0,0,1,0
63203,1,0,0,1,0,0,0,0,0,0,0,0
256387,0,1,0,0,1,0,0,0,0,0,0,1
73229,0,0,0,0,0,0,1,0,0,1,0,0
77307,1,0,0,1,0,0,0,0,1,0,0,0
9178,0,0,0,0,0,1,0,0,1,0,0,0
65323,2,0,0,0,0,0,1,0,0,0,0,0
143241,1,1,0,0,0,1,0,1,0,0,0,0
68026,1,0,0,0,1,0,0,1,0,0,0,0
26548,0,0,0,0,0,0,1,0,0,1,0,0
69151,2,0,0,0,1,0,0,1,0,0,1,0
62900,0,0,0,1,0,0,0,0,0,0,0,0
56698,2,0,0,0,0,0,1,0,0,0,0,0
10956,1,0,0,0,1,0,0,1,0,0,0,0
5186,0,0,0,0,0,1,0,0,0,0,0,0
72761,0,0,0,0,0,0,1,1,1,0,1,1
29654,1,0,0,0,1,0,0,1,0,0,0,0
43881,0,0,0,0,1,0,0,0,0,0,0,0
188395,1,1,0,0,0,1,0,0,0,1,0,1
42482,0,0,0,1,0,0,0,0,0,0,0,0
25093,1,0,0,0,0,0,1,1,0,1,0,0
29856,0,0,0,0,0,0,1,0,0,1,1,1
71537,2,0,0,0,0,1,0,1,0,0,0,0
170263,2,1,0,1,0,0,0,0,0,0,0,0
184440,0,1,0,0,0,0,1,0,0,1,0,0
52717,0,0,0,0,0,0,1,0,0,0,0,0
178957,0,1,0,1,0,0,0,0,0,0,0,0
233162,2,1,0,0,0,0,1,0,1,0,0,0
60515,0,0,0,0,1,0,0,0,0,1,0,0
171968,2,1,0,0,0,0,1,0,0,0,0,0
18333,0,0,0,0,1,0,0,0,0,0,1,0
56200,1,0,0,1,0,0,0,0,0,0,0,0
21327,1,0,0,0,1,0,0,0,0,0,0,0
64956,0,0,0,0,1,0,0,0,0,0,0,0
30186,0,0,0,0,0,0,1,1,1,0,0,0
20373,0,0,0,0,0,1,0,0,0,0,0,0
80071,0,0,0,0,0,0,1,0,0,0,0,0
191277,2,1,0,0,1,0,0,0,0,0,0,0
46218,2,0,0,0,1,0,0,0,0,0,0,0
45891,1,0,0,0,0,1,0,0,0,0,0,0
69759,0,0,0,1,0,0,0,0,1,0,0,0
79903,1,0,0,1,0,0,0,0,0,0,1,0
123705,0,1,0,0,0,1,0,0,0,0,0,0
52447,0,0,0,1,0,0,0,1,0,1,0,0
39352,0,0,0,1,0,0,0,0,0,0,0,0
33122,1,0,0,1,0,0,0,0,0,0,1,0
191429,1,1,0,0,0,1,0,0,0,0,0,0
163084,1,1,0,0,0,0,1,0,0,0,0,0
30760,1,0,0,0,0,1,0,0,0,0,0,0
70697,0,0,0,0,0,0,1,0,0,0,0,0
71968,1,0,0,0,0,0,1,0,0,0,0,0
121342,1,1,0,0,1,0,0,0,0,0,0,0
21704,0,0,0,0,0,0,1,0,0,0,0,0
142935,0,1,0,0,1,0,0,0,1,1,0,0
179327,1,1,0,0,1,0,0,0,0,0,0,0
172258,0,1,0,1,0,0,0,0,0,0,0,0
13285,1,0,0,1,0,0,0,1,0,0,0,0
26831,2,0,0,1,0,0,0,0,0,0,0,0
62517,1,0,0,0,1,0,0,0,0,0,0,0
75526,0,0,0,1,0,0,0,1,0,0,0,0
13575,1,0,0,0,1,0,0,0,0,0,0,0
6770,1,0,0,0,0,1,0,0,0,0,0,0
162674,2,1,0,0,0,1,0,0,0,0,0,0
64154,0,0,0,1,0,0,0,0,0,0,0,0
66966,0,0,0,1,0,0,0,0,0,0,0,0
195887,0,1,0,0,0,0,1,0,0,0,0,0
45064,0,0,0,1,0,0,0,0,0,0,0,0
109916,0,1,0,1,0,0,0,1,0,0,0,1
66733,5,0,1,0,1,0,0,0,0,0,0,0
13847,1,0,0,0,0,0,1,0,0,0,0,0
436288,3,1,0,1,0,0,0,0,0,0,0,1
40636,0,0,0,0,0,1,0,0,0,0,0,0
192938,0,1,0,0,0,1,0,0,0,0,0,0
263259,0,1,0,0,1,0,0,0,1,0,0,1
34404,1,0,0,1,0,0,0,0,0,0,0,0
121615,0,1,0,0,0,1,0,0,0,0,0,0
33605,1,0,0,0,0,0,1,0,1,0,0,0
9512,0,0,0,1,0,0,0,1,0,0,0,0
144538,0,1,0,0,0,1,0,0,0,0,0,0
49921,2,0,0,0,0,0,1,0,1,0,0,0
162944,0,1,0,1,0,0,0,0,0,0,0,0
19477,0,0,0,0,0,0,1,0,0,0,0,0
64070,0,0,0,0,0,0,1,1,0,0,0,0
196947,0,1,0,0,1,0,0,1,0,0,0,0
16128,0,0,0,0,0,1,0,0,0,0,0,0
73132,0,0,0,1,0,0,0,0,0,0,0,0
293702,0,1,0,0,1,0,0,0,0,0,0,0
34075,0,0,0,0,0,0,1,0,0,0,0,0
123988,0,1,0,0,1,0,0,1,0,0,0,0
29067,1,0,0,0,0,1,0,0,0,0,0,0
283669,1,1,0,0,0,0,1,0,0,0,0,0
37510,3,0,0,0,1,0,0,1,0,1,0,0
61756,0,0,0,0,1,0,0,0,0,0,0,0
59094,0,0,0,0,1,0,0,1,0,0,0,0
373932,0,1,0,0,1,0,0,1,0,0,0,1
10567,0,0,0,0,0,0,1,1,0,0,0,0
78530,0,0,0,0,1,0,0,0,1,0,0,0
342150,5,1,1,0,0,1,0,1,0,1,0,1
37143,1,0,0,0,1,0,0,0,0,1,0,0
124636,1,1,0,0,0,0,1,0,0,0,0,0
20110,0,0,0,0,0,1,0,0,0,0,0,0
72001,0,0,0,0,0,1,0,0,0,1,0,1
57383,0,0,0,0,1,0,0,0,0,1,0,0
88025,1,0,0,0,1,0,0,0,0,0,0,0
212530,0,1,0,0,0,0,1,0,0,0,0,0
25196,1,0,0,0,1,0,0,0,0,1,0,0
75332,2,0,0,0,1,0,0,0,0,0,0,0
24073,0,0,0,0,0,1,0,0,0,0,0,0
100787,1,1,0,0,0,1,0,0,0,0,0,0
45003,1,0,0,0,0,1,0,0,0,0,0,0
23647,0,0,0,0,1,0,0,0,0,0,0,0
33884,0,0,0,0,1,0,0,0,0,0,0,0
50813,0,0,0,1,0,0,0,0,0,0,0,0
78682,0,0,0,0,0,0,1,0,0,0,1,1
49600,0,0,0,0,1,0,0,1,0,1,0,0
54569,0,0,0,0,0,0,1,0,0,0,0,0
183450,2,1,0,0,1,0,0,0,0,0,0,0
90900,0,0,0,0,1,0,0,0,0,0,0,0
162671,0,1,0,0,1,0,0,1,1,0,0,0
82161,1,0,0,1,0,0,0,1,1,0,0,0
493973,3,1,0,0,0,1,0,0,0,1,0,1
29908,0,0,0,0,1,0,0,0,0,0,0,0
166560,0,1,0,0,1,0,0,0,0,0,0,0
159839,0,1,0,0,0,0,1,0,0,0,0,0
374706,1,1,0,0,0,1,0,0,0,0,0,0
5407,0,0,0,1,0,0,0,0,0,0,0,0
40047,1,0,0,1,0,0,0,0,0,0,0,0
40702,0,0,0,1,0,0,0,1,0,0,0,0
190212,0,1,0,0,1,0,0,0,0,0,0,0
86174,2,0,0,1,0,0,0,0,0,0,0,0
133133,1,1,0,0,0,0,1,0,0,0,0,0
33142,0,0,0,0,0,1,0,0,0,0,0,0
105696,0,1,0,0,0,0,1,0,0,0,0,0
194945,2,1,0,0,0,1,0,1,0,0,0,0
24922,1,0,0,0,1,0,0,0,0,0,0,0
79578,0,0,0,1,0,0,0,0,0,0,0,0
34844,1,0,0,0,1,0,0,1,0,0,1,0
56181,1,0,0,1,0,0,0,0,0,0,0,0
21347,0,0,0,0,1,0,0,0,1,1,0,0
61615,3,0,0,0,0,0,1,0,1,0,0,0
60971,0,0,0,0,0,0,1,0,1,0,0,0
61755,0,0,0,0,0,0,1,0,0,1,0,0
485619,0,1,0,0,0,1,0,0,1,0,1,1
55643,0,0,0,0,1,0,0,0,1,0,0,0
419956,1,1,0,1,0,0,0,0,0,0,0,1
77170,0,0,0,0,0,0,1,0,0,0,0,0
163458,0,1,0,1,0,0,0,1,0,0,0,1
143639,0,1,0,0,0,0,1,0,0,0,0,0
61743,0,0,0,0,0,0,1,0,0,1,0,0
37777,2,0,0,0,0,0,1,0,0,0,0,0
477137,0,1,0,0,0,0,1,0,0,1,0,0
32126,0,0,0,0,0,0,1,0,0,1,0,0
59117,0,0,0,0,1,0,0,0,0,0,0,0
62963,0,0,0,1,0,0,0,0,0,0,0,0
29662,5,0,1,0,0,1,0,0,0,0,0,0
47522,0,0,0,0,1,0,0,0,0,0,0,0
35531,0,0,0,1,0,0,0,0,0,0,0,0
27619,0,0,0,0,1,0,0,0,0,0,0,0
17574,1,0,0,0,0,1,0,1,0,0,0,0
38068,0,0,0,1,0,0,0,0,0,0,0,0
74596,1,0,0,0,0,0,1,1,0,0,0,0
209584,1,1,0,1,0,0,0,0,0,0,0,0
58692,1,0,0,0,0,1,0,0,0,0,1,0
22758,0,0,0,0,0,1,0,0,0,0,0,0
68790,0,0,0,0,0,1,0,1,0,0,0,0
169884,0,1,0,0,1,0,0,0,0,0,0,0
28665,1,0,0,0,1,0,0,1,0,0,1,0
34045,5,0,1,0,1,0,0,0,0,0,1,0
49899,0,0,0,0,1,0,0,0,0,0,0,0
64260,1,0,0,0,0,1,0,1,0,1,0,1
35145,0,0,0,1,0,0,0,1,0,0,1,0
73400,2,0,0,0,1,0,0,0,0,0,0,0
5800,0,0,0,0,1,0,0,0,0,0,0,0
79808,0,0,0,0,1,0,0,0,0,0,0,0
27515,2,0,0,0,0,0,1,0,0,0,0,0
50902,1,0,0,1,0,0,0,0,0,1,0,0
14001,0,0,0,0,0,0,1,0,0,0,0,0
14642,0,0,0,0,0,0,1,0,0,1,0,0
8266,2,0,0,0,1,0,0,0,0,0,0,0
181706,0,1,0,0,0,0,1,0,0,0,1,1
52057,1,0,0,0,0,0,1,0,1,1,0,0
46096,0,0,0,0,1,0,0,0,0,0,0,0
33709,0,0,0,0,1,0,0,0,0,0,0,0
61693,0,0,0,0,0,1,0,0,0,1,0,1
38260,1,0,0,1,0,0,0,0,0,0,0,0
41123,2,0,0,0,1,0,0,0,0,0,0,0
50097,0,0,0,0,1,0,0,0,0,0,1,0
60937,0,0,0,0,1,0,0,0,0,1,0,0
415069,2,1,0,1,0,0,0,1,0,1,1,1
53877,0,0,0,1,0,0,0,0,0,0,0,0
59112,1,0,0,0,0,1,0,0,0,0,0,0
104810,1,1,0,0,1,0,0,0,0,0,0,0
62673,0,0,0,0,0,1,0,0,0,0,0,0
12353,0,0,0,0,1,0,0,0,0,0,0,0
17696,0,0,0,0,0,1,0,0,0,0,0,0
174568,0,1,0,0,1,0,0,0,0,1,0,0
68654,1,0,0,0,0,0,1,0,0,0,0,0
74855,0,0,0,0,0,0,1,0,0,0,0,0
33192,0,0,0,1,0,0,0,0,0,0,0,0
94475,2,0,0,0,1,0,0,0,0,0,0,0
72817,5,0,1,0,0,0,1,0,0,0,1,1
68338,0,0,0,1,0,0,0,1,1,0,0,0
101249,0,1,0,0,0,1,0,0,0,0,0,0
181545,0,1,0,0,0,0,1,0,0,0,0,0
183456,0,1,0,1,0,0,0,0,0,0,0,0
157854,0,1,0,0,0,0,1,0,0,0,0,0
33207,2,0,0,1,0,0,0,1,1,0,0,0
82495,1,0,0,0,0,0,1,0,0,0,1,1
68990,0,0,0,0,0,1,0,0,1,0,1,0
21600,1,0,0,1,0,0,0,0,0,0,0,0
21454,1,0,0,0,0,1,0,1,1,1,0,1
33039,0,0,0,1,0,0,0,0,0,0,0,0
13680,1,0,0,1,0,0,0,0,0,0,0,0
66229,0,0,0,0,0,0,1,0,0,0,0,0
124603,1,1,0,0,1,0,0,0,0,0,0,0
39001,0,0,0,0,0,0,1,0,0,0,0,0
10814,1,0,0,0,0,0,1,0,0,0,0,0
39143,1,0,0,1,0,0,0,0,0,0,0,0
24287,0,0,0,0,1,0,0,1,0,0,0,0
452569,0,1,0,1,0,0,0,1,1,0,0,1
148855,0,1,0,0,0,1,0,0,0,0,0,0
45041,0,0,0,1,0,0,0,0,0,0,0,0
165990,5,1,1,0,0,1,0,1,0,0,0,0
20731,0,0,0,1,0,0,0,0,0,0,0,0
190655,0,1,0,1,0,0,0,0,0,0,0,0
44627,0,0,0,0,0,0,1,0,0,0,0,0
56020,0,0,0,1,0,0,0,0,1,0,0,0
52497,0,0,0,0,0,0,1,1,0,0,0,0
13336,0,0,0,0,0,0,1,0,0,0,0,0
18237,0,0,0,0,0,1,0,0,0,0,0,0
312423,1,1,0,0,1,0,0,0,0,0,0,1
178624,1,1,0,1,0,0,0,0,0,0,0,0
54260,2,0,0,1,0,0,0,1,0,0,0,0
120841,2,1,0,1,0,0,0,0,0,0,0,0
113060,2,1,0,1,0,0,0,0,0,0,1,0
17295,2,0,0,0,0,0,1,0,1,0,0,0
71086,0,0,0,0,1,0,0,0,0,1,0,0
180002,0,1,0,0,0,1,0,0,0,0,0,0
197848,0,1,0,1,0,0,0,0,0,0,0,0
47500,1,0,0,0,1,0,0,0,0,0,0,0
468740,1,1,0,0,0,0,1,0,0,0,0,0
42219,0,0,0,0,1,0,0,0,0,0,0,0
20741,1,0,0,1,0,0,0,0,1,0,0,0
190023,0,1,0,0,0,0,1,0,0,0,0,0
26263,0,0,0,0,1,0,0,0,0,0,0,0
234807,0,1,0,1,0,0,0,0,0,0,0,0
31561,0,0,0,0,0,0,1,1,0,0,0,0
74984,0,0,0,1,0,0,0,0,1,1,0,0
78204,3,0,0,0,1,0,0,0,0,0,0,0
390778,0,1,0,1,0,0,0,0,0,0,0,0
12993,1,0,0,1,0,0,0,0,0,0,0,0
112468,0,1,0,0,1,0,0,0,0,0,0,0
326947,0,1,0,0,0,0,1,0,0,0,1,0
69918,0,0,0,0,1,0,0,0,0,0,0,0
43657,0,0,0,0,0,0,1,0,0,0,0,0
25398,0,0,0,0,0,0,1,0,0,0,0,0
30144,0,0,0,0,0,1,0,0,0,0,0,0
79468,0,0,0,0,1,0,0,0,0,0,0,0
68816,0,0,0,0,0,0,1,0,0,0,0,0
12498,2,0,0,0,0,0,1,0,0,0,0,0
53180,1,0,0,0,0,0,1,0,0,0,0,0
26204,0,0,0,0,1,0,0,0,0,0,0,0
109065,0,1,0,1,0,0,0,1,0,1,0,1
66988,0,0,0,0,0,1,0,0,0,0,0,0
175167,1,1,0,0,0,1,0,0,0,1,0,0
190773,1,1,0,1,0,0,0,0,1,0,0,0
18751,0,0,0,0,0,1,0,1,0,0,0,0
180869,0,1,0,1,0,0,0,1,1,0,0,1
24399,1,0,0,1,0,0,0,0,0,0,0,1
117150,1,1,0,1,0,0,0,0,0,0,0,0
54877,0,0,0,1,0,0,0,0,1,0,0,0
61282,0,0,0,0,1,0,0,0,0,0,0,0
32835,0,0,0,0,0,1,0,0,0,0,0,0
32526,2,0,0,0,1,0,0,0,0,0,0,0
9882,0,0,0,1,0,0,0,0,0,0,0,0
34337,2,0,0,0,0,1,0,0,1,0,0,0
170940,0,1,0,0,0,0,1,0,0,0,0,0
10131,0,0,0,0,1,0,0,0,0,0,0,0
303271,1,1,0,0,1,0,0,0,1,1,0,1
56963,0,0,0,0,0,1,0,0,0,0,0,0
5688,0,0,0,0,1,0,0,0,1,0,0,0
74046,1,0,0,0,0,1,0,0,0,0,0,0
47068,0,0,0,0,0,1,0,0,0,0,1,0
66654,3,0,0,1,0,0,0,0,1,0,0,0
30834,1,0,0,0,0,0,1,0,0,0,0,0
74584,0,0,0,0,0,1,0,0,0,0,0,0
140912,4,1,1,0,0,1,0,0,0,0,0,0
116111,0,1,0,1,0,0,0,0,1,0,0,0
15034,0,0,0,0,0,1,0,1,0,0,0,0
489745,0,1,0,0,0,1,0,0,0,0,0,1
21758,0,0,0,0,0,1,0,1,0,0,0,0
12741,1,0,0,0,0,1,0,0,0,0,0,0
27156,1,0,0,1,0,0,0,1,1,0,0,0
307887,0,1,0,1,0,0,0,0,0,0,0,0
51256,1,0,0,0,0,0,1,0,0,0,0,0
29247,1,0,0,1,0,0,0,0,0,0,0,0
207731,1,1,0,1,0,0,0,0,0,0,0,0
33729,0,0,0,0,1,0,0,0,0,0,0,0
19651,1,0,0,0,0,0,1,1,0,0,0,0
46032,0,0,0,1,0,0,0,0,0,0,0,0
368617,0,1,0,0,0,0,1,0,0,0,0,0
123597,0,1,0,0,0,1,0,0,0,0,0,0
190068,0,1,0,0,1,0,0,0,0,0,1,0
20960,0,0,0,1,0,0,0,0,0,0,1,0
194703,1,1,0,0,1,0,0,0,0,0,0,0
88584,1,0,0,0,1,0,0,0,0,0,0,0
59840,2,0,0,0,0,0,1,0,0,0,0,0
44836,0,0,0,0,1,0,0,0,0,0,0,0
73375,0,0,0,0,0,1,0,0,0,0,0,0
74856,0,0,0,1,0,0,0,0,0,0,0,0
42067,0,0,0,0,0,0,1,0,0,0,0,0
31961,1,0,0,0,0,0,1,0,0,0,0,0
29894,0,0,0,0,1,0,0,0,0,0,0,0
42895,0,0,0,1,0,0,0,0,1,0,0,0
124526,1,1,0,0,0,0,1,0,0,0,0,0
53202,0,0,0,0,0,0,1,0,0,0,0,0
61641,0,0,0,1,0,0,0,0,0,0,0,0
154920,0,1,0,0,1,0,0,0,0,0,0,0
55555,0,0,0,0,0,0,1,0,1,0,1,1
156216,3,1,0,1,0,0,0,1,0,0,0,1
52777,0,0,0,0,0,1,0,0,1,0,0,0
47026,1,0,0,0,0,1,0,0,0,0,0,0
142312,1,1,0,0,0,0,1,0,0,0,0,0
24712,0,0,0,0,1,0,0,0,0,0,0,0
50030,1,0,0,0,1,0,0,0,0,0,0,0
193852,0,1,0,0,0,1,0,1,0,0,0,0
35558,1,0,0,0,0,0,1,0,0,0,0,0
489910,1,1,0,0,1,0,0,0,0,0,0,1
74591,1,0,0,0,1,0,0,0,0,0,0,0
22478,1,0,0,0,0,1,0,1,0,0,0,0
149524,2,1,0,0,0,1,0,0,0,0,0,0
36397,0,0,0,0,0,0,1,1,0,0,0,0
17857,1,0,0,1,0,0,0,0,0,0,0,0
14125,5,0,1,0,1,0,0,0,0,0,0,0
71433,0,0,0,1,0,0,0,0,1,0,0,0
460007,0,1,0,0,0,1,0,0,1,0,0,0
50782,0,0,0,1,0,0,0,1,0,0,0,0
35451,0,0,0,1,0,0,0,0,0,0,0,0
175962,0,1,0,0,0,1,0,0,0,0,0,0
68143,2,0,0,0,1,0,0,0,0,0,0,0
76888,1,0,0,1,0,0,0,0,0,0,0,0
75148,0,0,0,0,0,1,0,0,0,0,0,0
12925,0,0,0,0,0,1,0,0,0,0,0,0
44976,0,0,0,1,0,0,0,0,0,0,0,0
29733,0,0,0,0,0,1,0,0,0,0,0,0
46445,0,0,0,0,0,1,0,0,0,0,0,0
170348,0,1,0,0,0,1,0,0,0,0,0,0
20213,1,0,0,1,0,0,0,1,0,0,0,0
180019,0,1,0,0,0,0,1,0,0,0,0,0
23435,0,0,0,1,0,0,0,0,0,0,0,0
470075,0,1,0,1,0,0,0,0,0,0,0,1
7714,3,0,0,1,0,0,0,0,1,0,0,0
153222,0,1,0,0,0,1,0,0,0,0,0,0
44115,0,0,0,1,0,0,0,0,0,0,0,0
53004,1,0,0,0,1,0,0,0,1,0,0,0
49950,1,0,0,0,1,0,0,0,1,0,0,0
62092,2,0,0,0,1,0,0,0,0,0,0,0
68567,0,0,0,0,1,0,0,0,0,0,0,0
23087,0,0,0,0,1,0,0,1,0,0,0,0
20025,0,0,0,1,0,0,0,0,0,0,0,0
111749,0,1,0,0,1,0,0,0,0,0,0,0
27187,0,0,0,0,0,0,1,0,0,0,1,0
152660,2,1,0,0,1,0,0,0,0,0,0,0
22161,1,0,0,0,0,1,0,0,0,0,0,0
181331,0,1,0,0,1,0,0,0,1,0,0,0
61016,1,0,0,1,0,0,0,0,0,0,0,0
8937,0,0,0,0,1,0,0,1,0,0,0,0
91250,1,0,0,0,1,0,0,0,0,0,0,0
68374,0,0,0,0,0,1,0,0,0,0,0,0
159082,0,1,0,0,0,0,1,1,0,0,1,1
56108,0,0,0,0,1,0,0,0,0,0,0,0
98684,0,0,0,0,1,0,0,0,0,1,0,0
120406,0,1,0,1,0,0,0,1,1,0,0,1
366180,1,1,0,0,0,0,1,0,0,0,0,0
58510,5,0,1,0,0,0,1,0,0,0,0,0
63457,0,0,0,0,1,0,0,1,0,0,0,0
431648,1,1,0,0,0,0,1,0,0,0,0,0
126331,5,1,1,1,0,0,0,0,0,0,0,0
159137,2,1,0,1,0,0,0,1,0,1,0,1
58118,0,0,0,1,0,0,0,0,0,0,0,0
65790,0,0,0,1,0,0,0,1,1,0,0,0
64078,0,0,0,1,0,0,0,0,0,0,0,0
151370,0,1,0,0,1,0,0,0,0,0,0,0
146486,2,1,0,0,0,0,1,0,0,0,0,0
143156,0,1,0,0,0,0,1,0,0,1,0,0
62535,1,0,0,0,1,0,0,0,0,0,0,0
40401,2,0,0,0,0,0,1,0,0,0,0,0
52748,0,0,0,0,1,0,0,0,0,0,0,0
76781,0,0,0,0,0,1,0,0,0,0,0,0
75624,0,0,0,1,0,0,0,0,0,0,0,0
47838,0,0,0,1,0,0,0,0,0,1,0,0
186167,0,1,0,0,0,1,0,0,0,0,0,0
68028,0,0,0,0,1,0,0,0,0,0,0,0
77739,0,0,0,1,0,0,0,0,0,0,0,0
139546,1,1,0,0,0,0,1,0,0,0,0,0
54923,2,0,0,0,1,0,0,0,0,0,1,0
20246,1,0,0,1,0,0,0,0,0,0,0,0
36366,0,0,0,1,0,0,0,0,0,0,0,0
75633,0,0,0,0,0,0,1,0,0,0,1,1
160767,0,1,0,0,0,0,1,0,0,0,0,0
30435,0,0,0,0,1,0,0,0,0,0,0,0
27301,0,0,0,1,0,0,0,0,0,0,0,0
498158,0,1,0,0,1,0,0,0,0,0,0,1
23265,0,0,0,0,1,0,0,0,0,0,1,0
138776,0,1,0,1,0,0,0,0,0,0,0,0
12225,1,0,0,0,1,0,0,0,0,0,0,0
37625,0,0,0,0,1,0,0,0,0,0,0,0
170215,1,1,0,0,0,1,0,1,0,0,0,0
22431,2,0,0,1,0,0,0,0,0,0,1,0
15953,0,0,0,0,1,0,0,1,0,0,0,0
74181,0,0,0,1,0,0,0,0,0,0,0,0
13906,1,0,0,0,0,0,1,1,0,0,0,0
141858,0,1,0,0,0,0,1,0,0,1,0,0
304047,0,1,0,0,0,1,0,0,0,1,0,1
146897,1,1,0,1,0,0,0,1,0,0,0,1
44507,0,0,0,0,0,1,0,0,0,0,0,0
384836,2,1,0,0,0,1,0,0,1,1,0,1
162170,0,1,0,1,0,0,0,0,0,1,0,0
40580,2,0,0,0,0,0,1,0,0,0,0,0
70187,1,0,0,1,0,0,0,0,0,0,0,0
69450,1,0,0,0,0,1,0,0,0,0,0,0
104213,1,1,0,1,0,0,0,0,0,1,0,0
51698,0,0,0,0,1,0,0,0,1,0,0,0
24934,0,0,0,1,0,0,0,0,0,0,0,0
110997,0,1,0,0,1,0,0,0,0,0,0,0
24839,2,0,0,0,1,0,0,0,0,0,0,0
23344,0,0,0,0,0,0,1,0,1,0,0,0
46540,0,0,0,1,0,0,0,0,1,0,0,0
45557,1,0,0,0,0,1,0,0,1,0,0,0
74030,0,0,0,0,1,0,0,0,0,0,0,0
13113,0,0,0,0,0,0,1,0,0,0,0,0
42732,3,0,0,1,0,0,0,0,0,0,0,0
60408,3,0,0,1,0,0,0,0,0,0,0,0
52942,1,0,0,0,0,1,0,0,1,0,0,0
107153,0,1,0,0,1,0,0,0,0,0,0,0
162350,1,1,0,0,1,0,0,0,0,0,0,0
134824,0,1,0,0,0,1,0,0,0,0,0,0
443843,1,1,0,0,0,1,0,0,0,0,0,0
74272,0,0,0,1,0,0,0,0,0,0,0,0
40609,0,0,0,1,0,0,0,0,0,0,0,0
10065,2,0,0,0,0,0,1,1,0,0,0,0
112375,3,1,0,0,0,1,0,0,0,0,0,0
71858,0,0,0,0,0,0,1,0,1,0,0,0
34100,1,0,0,0,0,1,0,0,0,0,0,0
86661,0,0,0,0,0,1,0,1,1,1,0,1
50261,1,0,0,0,1,0,0,0,0,0,0,0
25873,1,0,0,0,0,0,1,0,0,0,0,0
69602,1,0,0,0,0,1,0,0,1,0,0,0
73010,0,0,0,0,0,1,0,1,0,0,0,0
76387,1,0,0,0,0,1,0,0,0,0,0,0
154928,1,1,0,1,0,0,0,0,0,0,0,0
