domain,amount,history,hospital_network,damage_cost,policy_duration,income,loan_amount,fraud
Financial,180627,5,1,36340,3.87,91955,190424,0
Health,233350,2,1,4253,1.86,35751,283385,0
Vehicle,250224,4,1,74773,0.29,91268,277101,1
Vehicle,165600,4,0,97300,7.4,77287,147008,1
Life,46167,5,1,58224,7.52,88432,329428,0
Life,474421,5,1,90008,2.59,74135,189154,0
Financial,96961,5,1,38497,9.18,26552,302656,1
Financial,323683,2,1,65966,5.09,74074,368421,0
Financial,7195,0,0,41715,3.9,48205,201128,0
Financial,198361,2,1,82763,8.06,45226,162535,0
Health,132179,5,1,81422,5.63,56465,101276,0
Financial,482467,5,0,79531,4.07,63544,193827,0
Vehicle,263468,1,0,89363,6.34,64883,305026,1
Health,45518,2,0,59984,5.32,62352,315011,0
Financial,317931,1,1,26943,9.53,98003,394716,0
Vehicle,9954,4,0,82640,7.79,37920,466980,1
Life,288231,5,0,95839,6.25,29033,480716,0
Financial,243696,4,0,38346,2.8,26776,286577,1
Life,76705,2,0,9908,2.7,82952,267788,0
Vehicle,406523,2,0,57179,4.21,84692,372952,1
Financial,78420,2,1,17753,5.37,48945,93109,0
Financial,68422,3,1,4442,6.16,82240,162908,0
Vehicle,464651,0,0,40445,3.86,52226,493158,0
Health,115754,1,1,39856,2.54,64712,270293,0
Life,180623,0,0,98069,2.26,81375,324280,0
Health,409968,2,0,72692,2.03,91141,161172,1
Life,442855,4,1,31983,8.19,89154,447574,0
Health,136375,2,0,73190,7.38,65797,263376,1
Health,196564,4,0,38374,8.61,97576,319166,1
Life,29343,5,0,39694,7.28,25398,193456,0
Life,246558,2,0,63903,6.83,99872,271899,0
Financial,146977,0,0,91180,9.06,79110,138479,0
Health,184060,3,1,78452,6.67,23863,278344,0
Financial,299424,1,0,16222,0.94,95057,85800,0
Financial,206017,2,0,16766,7.55,53449,134808,0
Life,392367,5,0,39232,6.43,64362,416017,0
Health,465906,1,0,26358,1.18,54738,470010,1
Health,5235,3,1,18538,5.52,61980,295140,0
Health,412995,0,1,25773,2.23,58842,270601,0
Life,422358,3,1,56369,4.34,99299,207452,0
Vehicle,457726,1,1,31229,9.55,71168,73066,0
Financial,147514,4,1,91620,4.8,98627,120382,0
Financial,43731,1,0,47373,5.96,42303,55947,0
Vehicle,436819,3,0,23055,6.85,51062,458153,0
Vehicle,350049,1,0,1729,7.14,68973,132165,0
Vehicle,9872,1,1,96090,9.38,72846,435451,1
Life,498373,0,0,77145,5.93,40363,53254,0
Financial,293369,2,0,78903,4.52,54422,327797,1
Vehicle,224212,5,1,21892,0.93,35344,257281,1
Health,184442,5,1,42333,4.59,97464,115157,0
Financial,336964,2,0,8952,5.72,74350,487520,1
Vehicle,268832,5,0,18010,0.14,32204,406149,1
Vehicle,269236,3,1,73899,1.16,28218,238007,1
Life,498328,0,0,34696,1.22,57643,365854,0
Financial,294402,3,0,46585,7.84,57566,404285,1
Vehicle,350742,2,0,58735,1.34,47773,420421,1
Health,50154,2,0,54280,5.27,72773,342917,0
Life,165998,1,1,81919,6.59,84461,498627,0
Life,367635,2,0,79408,5.12,33789,263253,0
Health,175031,1,0,49358,4.69,82726,364769,1
Financial,496745,1,0,71739,7.18,61890,470202,1
Health,31231,4,0,32329,7.79,89830,281161,0
Vehicle,437279,0,1,70313,2.42,60167,253198,1
Life,113698,1,1,89661,5.14,65967,277871,0
Health,54689,0,1,26419,8.76,46478,173695,0
Health,138135,1,1,11963,7.82,82881,51114,0
Life,254812,4,1,12379,1.55,93830,112990,0
Health,391738,1,0,33707,4.26,92366,99752,1
Vehicle,483414,2,0,95999,5.11,80294,130669,1
Health,398317,3,0,33227,0.73,92698,195832,1
Vehicle,332459,0,0,33215,6.95,68491,451786,0
Health,159755,0,1,22672,9.6,81077,255695,0
Financial,196541,2,1,12165,2.48,39729,157758,0
Vehicle,335983,5,1,66198,6.74,32833,343879,1
Life,283025,1,1,28577,7.81,60655,437829,0
Financial,26593,2,0,61321,1.84,21393,330935,1
Health,403233,0,0,32838,5.44,99465,151698,1
Health,90194,3,1,13947,9.33,79830,54069,0
Vehicle,434588,1,1,94794,7.03,83721,150794,1
Health,456608,0,0,53899,7.89,89874,366375,1
Life,197615,1,1,24820,7.78,34742,343598,0
Vehicle,469275,2,0,69171,4.22,31231,339614,1
Health,104144,4,0,934,2.97,58914,59756,1
Vehicle,199332,2,0,95858,3.75,47476,137082,1
Vehicle,89062,2,1,64349,0.66,69770,82660,1
Health,282177,3,1,33951,0.59,36788,218827,0
Life,67157,2,0,9929,8.05,37373,63369,0
Health,103159,0,0,12193,9.01,71802,361955,1
Health,237514,4,0,64411,7.18,40210,224593,1
Vehicle,213442,5,0,45428,3.94,75849,296962,1
Life,328163,1,1,24217,9.97,49557,213879,0
Financial,311148,5,1,1698,9.39,58092,104455,0
Vehicle,239707,3,1,11951,4.2,41828,425868,0
Health,63429,4,0,6511,4.95,51803,213927,0
Financial,475275,4,1,95839,3.03,52260,429040,1
Health,178046,2,1,50714,7.41,54246,54607,0
Health,359233,3,0,11362,0.58,63822,56332,1
Life,172119,0,1,80027,0.88,69954,303477,1
Vehicle,45898,1,0,92092,4.17,74882,242368,1
Health,452937,2,0,93208,1.28,85407,445515,1
Health,59016,4,1,91910,1.73,46035,221443,0
Health,464607,1,0,29828,2.49,34540,162370,1
Vehicle,130915,4,0,4660,3.37,50740,274301,1
Life,131707,0,0,35701,3.87,67044,158879,0
Vehicle,25346,3,0,78411,7.68,76162,460424,1
Life,124381,1,0,95983,7.29,53382,77965,0
Life,268988,0,0,29515,7.23,27251,428458,0
Vehicle,325834,0,0,91188,7.26,34330,210734,1
Life,27734,2,1,61324,2.89,92513,335556,0
Vehicle,383457,1,0,60338,7.17,68636,64124,1
Vehicle,219691,0,0,64418,3.88,39320,125597,1
Financial,217956,3,1,55177,0.16,45605,413048,1
Life,311914,3,0,44897,7.47,98118,161189,0
Financial,109473,1,0,66962,4.64,33658,399606,1
Life,76206,5,0,11731,2.8,89941,195210,0
Financial,78442,4,1,91492,3.15,40686,289833,1
Financial,236055,2,0,39450,2.13,51334,274932,1
Life,290965,3,1,83946,4.77,28396,460992,0
Health,236316,2,1,67959,3.26,62275,450337,0
Life,466857,3,1,12754,0.39,70439,479670,1
Financial,28837,5,1,26522,4.71,87214,81572,0
Vehicle,372959,3,0,56113,6.87,62286,248621,1
Vehicle,88839,2,0,91902,8.2,73959,153190,1
Vehicle,56758,2,0,15125,6.71,58198,242951,0
Life,329147,2,0,43526,6.73,45083,453246,0
Financial,168547,2,0,15138,6.11,66712,120109,0
Financial,92356,2,1,77029,1.3,89752,372270,0
Financial,52607,5,1,43859,0.03,46006,237932,1
Health,144187,4,0,74911,1.23,93802,84753,1
Life,69943,5,0,14483,6.14,92194,457512,0
Health,111191,2,0,63815,2.04,98017,255248,1
Financial,18084,4,0,20461,6.94,86301,413011,0
Vehicle,278345,5,0,26515,7.67,94924,344981,1
Health,442589,2,0,45558,3.38,42353,339075,1
Health,483574,2,1,23773,2.98,93234,431999,0
Vehicle,464958,4,0,81923,6.31,66152,130451,1
Vehicle,197900,2,1,26369,9.62,77942,99055,0
Health,497983,1,1,61474,8.1,21093,178604,0
Vehicle,33202,0,0,2268,0.07,78870,239844,0
Vehicle,150923,4,1,16483,3.13,75720,184938,1
Financial,244189,5,0,14093,6.69,58582,480528,1
Life,448007,4,0,96023,2.16,53196,304678,0
Vehicle,189692,1,1,74629,4.94,23495,267291,1
Health,110231,0,0,52221,5.97,78106,355902,1
Financial,306636,2,1,93270,6.0,48414,262507,1
Vehicle,14587,0,1,2443,5.93,67473,108766,0
Financial,490551,2,1,44984,0.08,20712,148151,1
Health,459758,0,0,81012,7.33,74864,320223,1
Financial,187860,3,0,34640,2.81,93857,327348,0
Health,230797,3,0,98753,2.14,23473,226503,1
Health,439483,2,1,30046,6.64,98190,216055,0
Health,385397,1,1,98012,8.87,90281,370633,0
Financial,130313,2,0,1212,7.71,29872,277940,1
Life,461418,5,1,54654,6.78,78174,267128,0
Financial,162593,3,0,75107,9.79,39703,288992,1
Financial,458933,5,1,75769,7.54,63068,476863,1
Vehicle,264193,0,1,88454,7.1,27720,335550,1
Health,209314,5,0,58229,7.05,36895,163550,1
Health,86681,4,0,95581,9.16,40977,160569,0
Life,221983,4,1,94857,2.76,46352,68405,0
Financial,422883,5,0,68019,6.08,34840,394743,1
Vehicle,19330,5,1,85351,1.62,64471,252629,1
Life,50578,3,1,55648,7.19,87347,487482,0
Vehicle,152615,5,1,44251,9.28,63691,189015,1
Health,275770,2,0,69021,0.38,48815,172667,1
Life,374237,5,1,16140,0.03,49863,272898,1
Life,107909,2,1,34416,6.13,32940,319795,0
Financial,136644,1,1,55317,9.5,77458,84001,0
Vehicle,430980,3,0,82990,1.01,79388,251311,1
Health,29966,4,0,34118,5.72,77538,152376,0
Life,342354,0,1,13608,2.07,87089,371836,0
Vehicle,26710,0,0,28121,1.81,94647,267728,0
Health,434161,1,1,81794,6.02,81436,296956,0
Financial,438418,3,1,28375,7.07,22356,452459,1
Health,56298,4,0,41067,9.07,50745,138489,0
Health,14824,5,0,67866,0.31,75573,423827,0
Life,388698,5,1,70889,5.73,44512,173265,0
Vehicle,417455,5,0,79353,7.51,98180,410559,1
Financial,77148,4,0,57568,4.94,79365,235959,0
Financial,388569,5,0,82048,1.22,82026,70061,0
Vehicle,309532,1,1,78470,9.92,56004,151956,1
Life,124788,3,1,22906,0.03,86787,323283,1
Health,203800,5,1,16017,9.14,21345,66027,0
Vehicle,50480,2,1,75464,7.73,79276,494522,1
Life,478262,0,0,82907,7.51,84881,66170,0
Health,121236,5,1,28709,7.97,34272,353847,0
Health,61324,1,1,37529,5.34,37797,294922,0
Vehicle,251677,4,0,12530,0.07,27605,292014,1
Health,23171,1,1,71421,8.02,38443,344411,0
Life,153474,0,0,57165,4.13,95979,366171,0
Health,260280,5,1,80098,3.17,76454,383368,0
Health,489199,5,1,73553,5.99,95356,282528,0
Vehicle,413900,2,0,68965,0.95,99232,277019,1
Health,204571,2,1,67197,5.22,21504,468447,0
Life,182796,4,1,65450,1.84,31934,228355,0
Financial,430865,4,1,84997,9.29,90070,449327,0
Vehicle,190550,3,0,81366,7.94,32251,426960,1
Health,411156,4,1,63175,5.92,33977,289850,0
Financial,333869,5,1,27441,2.34,67670,58688,0
Vehicle,99998,2,1,32529,3.73,80369,259068,0
Health,389270,1,1,84871,5.72,25900,258607,0
Vehicle,21398,5,0,30798,0.33,24669,170111,1
Vehicle,390144,1,0,98763,5.58,55722,105643,1
Vehicle,97849,4,0,90862,4.25,73137,356999,1
Vehicle,464222,3,1,92988,0.63,41174,266655,1
Health,452513,5,0,18756,6.3,80502,271717,1
Life,60012,1,0,3782,9.4,34612,235374,0
Life,421149,3,0,91147,6.05,95005,169434,0
Vehicle,31806,3,1,89515,0.6,38721,175799,1
Vehicle,434634,5,1,88976,4.57,56224,413205,1
Vehicle,238928,2,0,84083,8.04,80333,327168,1
Financial,229371,0,0,83819,8.1,71959,272910,0
Vehicle,290124,2,1,23868,6.9,89988,110453,0
Vehicle,225629,2,1,50087,3.9,72723,145274,1
Vehicle,215160,0,1,7137,4.43,42848,253990,0
Financial,402560,3,0,88082,9.95,82433,201365,0
Vehicle,22038,2,1,98995,5.13,37353,349651,1
Vehicle,393279,2,0,55690,3.11,78491,378731,1
Financial,424065,0,0,15861,3.99,70086,335464,0
Health,42165,5,0,62,6.52,58756,226512,0
Vehicle,146597,0,1,75022,2.32,97090,211644,1
Financial,256244,0,0,52055,1.3,92110,213923,0
Vehicle,39398,4,0,68585,8.37,36341,101863,1
Health,138274,3,1,56313,3.1,39847,109715,0
Health,414214,1,0,21602,5.89,64221,88120,1
Life,233845,4,1,5708,6.48,74153,272192,0
Financial,220371,2,0,93397,8.9,94274,360696,0
Vehicle,145138,1,0,78833,0.23,30622,235432,1
Financial,457415,4,0,71267,9.0,29371,489484,1
Health,282098,1,1,96975,9.82,57698,221194,0
Health,432237,0,1,71769,1.64,92459,57255,0
Financial,31421,0,1,3545,1.76,99645,196191,0
Life,489138,5,1,78212,8.74,91955,89514,0
Financial,159089,3,1,58338,5.08,47368,417088,1
Health,225450,0,0,81381,4.38,28704,475719,1
Vehicle,349787,2,1,93730,6.01,25978,252540,1
Health,305127,1,0,98248,0.51,49166,276311,1
Life,364808,0,0,87145,4.66,38849,408508,0
Financial,228153,4,0,44013,7.21,23693,192168,1
Financial,450292,1,1,38759,1.41,86429,345123,0
Vehicle,46758,1,0,17387,9.32,77950,149415,0
Health,401928,0,0,35340,0.0,95494,103822,1
Health,77103,5,1,78697,2.77,51717,349659,0
Vehicle,101767,2,1,16643,8.9,26476,312752,0
Life,45695,1,1,67514,3.69,67336,221920,0
Health,78337,4,1,16252,0.66,28506,462792,0
Vehicle,199768,2,1,34378,7.54,96078,418975,0
Life,125873,3,0,22461,0.2,26046,370263,1
Vehicle,347282,2,1,23921,2.38,94895,282143,0
Vehicle,498090,3,1,14820,7.97,21992,458869,0
Health,55976,0,1,95613,9.6,66254,427326,0
Financial,291213,2,0,37234,1.84,31228,385145,1
Health,79236,5,1,46080,3.62,92205,82512,0
Life,203100,4,0,86083,7.46,88469,479337,0
Financial,412840,2,0,68515,9.16,64756,263070,0
Life,172022,0,1,43600,0.98,97360,499617,1
Vehicle,8178,1,0,14089,2.41,43824,249796,0
Health,357156,2,0,16459,6.04,60117,91404,1
Vehicle,490187,4,1,30974,0.79,61319,481961,1
Health,376120,0,1,62223,5.41,49151,348238,0
Vehicle,494076,4,0,74275,5.93,43953,426764,1
Financial,248704,1,0,19838,6.67,98996,161538,0
Health,224877,0,0,34726,1.71,54371,466301,1
Life,299577,2,0,95348,9.57,97783,233285,0
Vehicle,441635,2,1,72818,8.22,64484,141711,1
Life,206967,5,1,65267,4.54,26466,257228,0
Financial,420276,0,1,72603,2.32,92216,496339,1
Health,387726,4,1,61874,9.93,68588,463801,0
Financial,490531,4,0,43223,9.83,97187,321211,0
Financial,499695,1,0,38519,1.02,29491,130609,0
Vehicle,232311,0,1,12461,8.75,66141,437909,0
Vehicle,451827,4,0,57624,3.74,50214,131190,1
Health,426954,5,0,72779,9.71,81105,375018,1
Vehicle,15831,3,0,43271,8.59,29810,386443,0
Life,244051,3,0,55938,2.95,51469,211786,0
Life,447746,5,1,35430,9.42,99471,282036,0
Life,262145,0,1,64597,2.18,56236,423501,0
Financial,407739,2,1,19975,0.47,39300,421105,1
Health,208370,0,1,14184,1.77,33132,166417,0
Health,35809,3,1,30134,8.22,90205,484170,0
Vehicle,76907,4,0,32225,0.99,43838,83558,1
Health,350006,1,1,28049,9.39,26030,383522,0
Health,137459,5,1,15197,7.35,88929,146821,0
Financial,286042,5,0,92657,5.24,26172,236673,1
Vehicle,174604,4,0,29847,4.09,24708,327231,1
Financial,167866,3,1,222,0.73,84675,213559,0
Vehicle,373516,1,1,11437,6.09,40173,498585,0
Vehicle,47139,0,1,17430,7.64,30309,92692,0
Life,326563,2,0,13815,3.51,93188,282300,0
Life,142011,0,1,24911,8.09,47298,133114,0
Financial,263145,1,0,50929,9.12,56542,220913,0
Vehicle,231472,2,1,99437,5.62,54166,486386,1
Vehicle,411293,0,1,1499,8.11,82050,403327,0
Health,304764,2,0,1673,4.43,34327,252089,1
Health,285394,4,0,95946,2.41,85123,205499,1
Life,455974,4,1,24422,6.16,59520,216935,0
Life,7062,4,0,29438,3.65,28409,391513,0
Life,298624,5,0,62291,3.88,41945,275500,0
Vehicle,493117,2,1,26037,2.18,34928,383361,0
Life,16784,1,1,32944,8.15,93617,157273,0
Health,271345,5,1,62761,5.89,27656,53923,0
Health,308022,3,1,32247,0.85,20805,127336,0
Vehicle,385169,0,0,32854,5.77,92272,200670,0
Life,112082,5,1,21603,8.13,45108,280892,0
Vehicle,402549,4,1,82220,6.82,65454,301266,1
Vehicle,472169,4,1,52390,1.11,67645,373402,1
Life,36805,1,0,21485,4.39,71192,418661,0
Life,184139,0,0,93631,7.22,66944,159775,0
Life,227800,1,1,56925,7.65,57865,339148,0
Life,252538,5,0,17940,6.51,45013,274139,0
Life,18974,5,1,71883,5.68,41966,187050,0
Financial,383406,2,1,16680,7.56,73540,226478,0
Financial,118027,4,0,39930,8.39,27172,153275,1
Vehicle,112508,4,1,96065,3.71,99688,247770,1
Life,232760,0,0,94437,7.98,71206,226725,0
Health,350359,4,1,97106,8.68,44006,217907,0
Financial,13305,0,1,52937,2.82,64207,376161,1
Financial,356936,4,0,8826,3.55,87701,388429,0
Financial,128924,1,0,63387,2.45,54961,209655,0
Financial,211254,5,1,97797,6.83,99004,369882,0
Health,480325,0,0,53908,9.57,57575,106472,1
Life,464904,1,0,53822,5.04,54177,223898,0
Financial,89999,1,1,12613,2.44,70911,401028,1
Vehicle,425577,5,0,72325,7.59,76586,62393,1
Vehicle,459015,1,1,50460,0.38,78015,82884,1
Health,239204,5,1,82856,7.23,66587,96112,0
Vehicle,20084,1,0,92624,4.28,25403,292377,1
Financial,283650,2,1,50489,3.73,83591,494342,1
Life,445909,1,0,21995,8.79,92664,362875,0
Financial,281925,0,0,89250,1.6,45394,91748,0
Financial,182595,5,1,96877,9.92,38033,384067,1
Vehicle,157453,1,0,6828,9.03,99184,345136,0
Life,261516,1,0,1713,6.95,71914,352593,0
Financial,193315,5,0,43756,7.08,91985,136069,0
Life,78250,5,0,3044,5.85,60968,75355,0
Vehicle,372747,3,1,9311,7.22,24946,94921,0
Life,326146,4,0,52885,5.25,50278,266816,0
Health,484551,2,0,25431,4.66,83750,341843,1
Financial,356263,0,1,60525,7.95,28301,248848,1
Life,125346,2,0,33259,2.56,48810,180499,0
Financial,221442,3,1,69778,8.93,57095,130969,0
Financial,31850,3,1,11583,8.21,79232,336577,0
Vehicle,162563,2,0,70495,8.23,23811,351399,1
Vehicle,435052,0,1,17615,0.54,30457,270015,0
Vehicle,369880,0,0,43207,1.68,79168,64184,0
Vehicle,117210,5,1,57878,4.98,23104,256444,1
Financial,449443,0,0,876,9.34,64695,167228,0
Financial,369950,5,0,24124,2.44,68960,468346,1
Health,308676,4,0,8210,1.9,95319,252442,1
Health,204796,2,0,92373,0.32,77973,249350,1
Financial,188155,3,1,42082,6.33,34070,327856,1
Financial,399236,2,0,6204,1.34,47045,180343,0
Life,174116,0,1,89132,3.31,46516,393602,0
Financial,123235,4,0,40075,2.33,76951,270944,0
Financial,400288,3,1,20622,9.76,71554,353258,0
Vehicle,140244,0,0,58330,8.05,80481,94550,1
Vehicle,44057,3,0,14766,2.92,38841,83126,0
Life,74973,4,1,17106,7.39,53988,375687,0
Vehicle,283033,1,0,98905,9.93,59064,345406,1
Life,294994,4,0,8425,7.39,65778,343834,0
Vehicle,263700,1,0,23208,1.29,26610,278537,0
Life,53615,1,0,14724,5.01,75008,297003,0
Health,413975,1,0,81408,6.54,27372,158738,1
Vehicle,32331,5,1,94375,7.25,36293,251741,1
Health,170006,1,1,60954,1.11,20434,183822,0
Financial,249053,1,1,10609,3.62,97053,154283,0
Vehicle,189709,2,0,99221,1.26,91130,366616,1
Life,415870,3,1,33033,0.53,88473,446758,1
Vehicle,31340,1,0,90198,9.04,77161,273669,1
Life,161810,1,0,38994,8.59,96380,220669,0
Vehicle,447175,3,0,99985,4.13,67526,229201,1
Vehicle,398617,4,0,89061,2.45,86721,408820,1
Financial,195461,5,1,71492,7.71,72717,350910,0
Vehicle,419685,2,1,93427,0.71,94460,429554,1
Life,122232,1,1,59729,0.16,55100,399588,1
Vehicle,425010,0,0,26822,8.0,73068,102013,0
Life,487974,0,0,95910,7.13,78186,127858,0
Financial,257488,4,0,12020,8.16,20342,322060,1
Life,102600,0,0,60198,3.6,20745,338548,0
Health,78511,0,0,92285,2.04,88772,364008,0
Vehicle,443456,0,0,21286,6.29,42937,262030,0
Life,301452,1,1,10982,2.89,43211,453396,0
Life,391774,3,1,60821,9.85,28360,216305,0
Health,284003,0,1,3267,6.98,90851,89617,0
Life,217863,3,1,35106,6.09,76186,468882,0
Financial,228454,3,1,5766,6.18,56293,200988,0
Life,336813,1,1,44791,2.95,72489,91206,0
Vehicle,303015,0,0,5019,0.73,46267,426954,0
Financial,316316,2,0,40129,7.76,27830,355170,1
Health,460834,3,1,2409,7.64,21511,454749,0
Life,412641,5,0,60497,4.46,95609,314025,0
Life,401584,3,0,59049,1.02,81138,211912,0
Vehicle,183047,1,1,77265,5.45,38289,138384,1
Life,123298,5,0,98030,4.03,69181,379370,0
Health,496511,4,0,83435,0.35,82171,129200,1
Health,394064,0,1,39967,1.6,87543,448182,0
Life,133068,3,1,9282,9.54,57388,348470,0
Financial,116895,5,0,60460,6.09,31622,400755,1
Life,420238,0,1,70631,6.11,34484,314567,0
Health,108499,2,0,42042,8.71,79560,193885,1
Health,210522,0,0,52264,2.54,96465,196475,1
Health,126422,2,1,88614,2.97,57607,264026,0
Vehicle,481892,1,1,96348,5.88,73566,60797,1
Financial,172379,5,0,86192,9.79,98932,393151,0
Health,82780,0,1,92920,6.78,57011,474807,0
Vehicle,141476,3,1,18697,1.81,23576,300648,0
Life,113270,2,1,37928,8.54,68097,331489,0
Health,87870,0,1,17533,8.52,86836,332262,0
Vehicle,210514,4,0,21010,6.65,33383,168459,1
Financial,38000,2,1,72259,2.06,63444,491364,1
Financial,50287,1,0,21523,3.84,83992,474379,1
Vehicle,264098,2,1,41833,7.9,83501,160940,0
Life,266937,3,0,7352,3.6,48725,449128,0
Life,197484,1,1,30070,2.15,95687,261609,0
Financial,15017,2,1,61135,6.7,73551,258791,0
Vehicle,178882,5,1,19468,5.32,90687,394491,1
Vehicle,150320,3,1,81750,8.39,80253,224997,1
Health,374835,0,0,37674,1.12,50257,471381,1
Financial,82453,5,1,68748,0.48,73845,458896,1
Vehicle,237940,4,0,24237,6.82,37322,159290,1
Financial,360935,0,1,90826,5.53,42631,272783,1
Life,276998,1,1,10800,3.74,55166,471652,0
Financial,197782,2,0,18833,4.57,24286,195358,1
Health,409663,2,0,14474,9.96,64345,114859,1
Life,363466,3,0,63567,5.0,33284,335544,0
Life,192398,2,1,29739,6.52,56694,65061,0
Financial,434665,4,0,16541,0.44,57844,170852,0
Life,211158,1,0,75815,7.46,33706,328103,0
Financial,50488,5,1,37567,0.97,55677,284817,1
Financial,255337,1,0,55609,3.43,88639,108810,0
Health,448296,4,1,44908,2.2,75532,474095,0
Health,408771,1,1,229,5.91,41879,183176,0
Health,44400,5,0,44535,7.84,80626,460508,0
Financial,353546,4,0,33303,1.81,35782,456112,1
Vehicle,114973,3,0,93487,9.89,78514,300117,1
Vehicle,344582,5,0,48846,7.84,57402,62154,1
Vehicle,86782,0,0,89687,4.52,62778,479080,1
Health,156899,4,0,18402,7.75,41686,496101,1
Health,313526,0,1,37625,0.36,29280,491705,0
Financial,274440,1,0,88894,8.68,43839,415047,1
Financial,439755,2,1,6672,2.1,84735,79579,0
Health,467164,1,0,75798,1.25,52562,390131,1
Life,257012,5,0,317,2.81,98885,337628,0
Vehicle,39932,4,1,49255,2.51,54055,209882,1
Vehicle,354646,5,0,16604,7.44,47596,395839,1
Financial,237445,0,1,56348,8.07,77127,152783,0
Financial,213080,2,0,90694,4.21,73378,191608,0
Vehicle,476403,0,1,77055,7.29,30662,412622,1
Financial,95190,2,0,66387,2.17,55073,183200,0
Health,352423,2,0,84856,4.17,44201,387357,1
Financial,253362,3,1,78403,4.82,31889,163034,1
Vehicle,174893,1,1,16677,8.65,31806,443622,0
Vehicle,387980,4,0,78786,7.5,82704,349577,1
Financial,368304,2,1,89739,3.51,58162,241489,0
Vehicle,455990,1,1,76889,4.44,43262,187080,1
Financial,246272,2,1,37689,8.74,68122,181390,0
Financial,200894,2,0,34356,5.49,69509,393863,1
Life,337750,3,1,74293,1.28,69525,400683,0
Vehicle,461713,5,1,82925,8.38,63741,284671,1
Financial,68694,4,0,44690,8.6,61473,360391,1
Financial,226284,0,1,15151,5.46,85728,198579,0
Vehicle,187463,1,1,82718,4.32,67646,315925,1
Vehicle,464987,3,0,48594,9.38,54074,210535,0
Life,378566,1,1,1054,1.99,23444,475851,0
Vehicle,368089,1,1,27403,7.4,29434,219476,0
Financial,472916,5,0,3886,7.93,37591,251330,1
Financial,349706,1,0,57803,3.32,73304,451561,1
Vehicle,160904,1,0,57542,7.24,36432,250140,1
Health,343991,2,0,19103,7.81,27030,56936,1
Vehicle,114074,3,0,99608,1.89,41077,439152,1
Life,401397,1,1,29302,1.99,40787,445769,0
Health,299736,0,0,80329,3.84,87943,52040,1
Vehicle,390529,0,1,48575,0.81,63619,325970,0
Life,345458,4,0,18973,5.64,84704,424172,0
Vehicle,204217,5,1,63183,5.92,52929,257049,1
Life,396663,3,0,54582,3.29,64881,470780,0
Vehicle,202672,3,1,20445,6.47,93953,329726,0
Vehicle,170480,1,1,46033,3.67,20496,338784,0
Health,380046,4,0,96081,2.96,78449,494864,1
Financial,460789,5,1,25899,0.39,29831,165782,1
Financial,104022,4,0,63240,7.04,50245,405022,1
Vehicle,153476,1,1,19703,1.04,97165,294602,0
Financial,273118,4,1,86120,4.71,57481,206550,0
Life,240646,4,1,81620,2.22,29600,164229,0
Financial,131842,2,0,85789,8.7,64108,433182,1
Health,184047,0,0,11478,1.17,34406,341378,1
Vehicle,129227,5,0,73305,8.55,61415,490946,1
Health,448368,4,1,78410,1.81,32583,288593,0
Health,411009,5,0,94654,8.2,89225,183895,1
Health,352133,0,1,27491,6.48,41826,362156,0
Vehicle,327500,2,1,89505,3.45,85140,144609,1
Financial,15054,5,0,79555,3.88,89974,65529,0
Vehicle,189723,0,0,74257,7.06,26870,130053,1
Financial,9668,1,0,45592,4.46,24836,398903,1
Financial,63154,1,1,29113,7.44,25485,381401,1
Financial,112023,0,1,23742,2.05,30680,486109,1
Vehicle,142142,5,1,22679,0.19,48020,136710,1
Life,312742,1,1,55685,5.29,31714,341988,0
Financial,460056,3,0,20972,2.04,81410,499657,1
Life,380471,2,1,47248,0.16,42191,107538,1
Health,426882,4,0,53512,9.08,98455,57712,1
Financial,166419,5,0,21005,8.74,46878,81722,0
Health,415807,3,1,26876,3.73,51971,214381,0
Health,391403,5,0,45723,6.04,52176,212584,1
Life,214301,2,1,29242,1.2,41983,259970,0
Life,113438,1,0,64623,7.66,65070,281121,0
Health,63048,2,0,33675,6.18,29111,298612,0
Health,450626,3,1,48836,8.18,45606,404684,0
Vehicle,340135,5,1,40561,5.36,20008,492232,1
Vehicle,394060,0,0,8282,5.41,94718,451998,0
Financial,466356,1,0,13877,6.09,89210,223942,0
Vehicle,141042,1,1,18616,4.36,34049,56230,0
Life,363306,1,0,69634,4.63,62163,170238,0
Life,225506,0,1,48290,4.89,71192,293215,0
Financial,22679,5,1,51440,0.39,90898,334753,0
Health,336906,3,0,6362,1.47,66838,77098,1
Health,47369,5,0,49253,8.2,41399,199132,0
Financial,101647,0,1,80135,2.89,67615,345236,1
Vehicle,155975,4,0,39323,1.42,29759,477052,1
Vehicle,355439,2,0,71126,2.76,46018,58295,1
Health,112499,0,0,71203,0.05,35423,124764,1
Financial,472064,3,0,39598,5.56,77635,468616,1
Life,387274,4,1,66991,2.86,42447,89689,0
Vehicle,329386,5,0,44087,1.12,54849,496205,1
Financial,60436,2,1,47030,2.64,64163,168656,0
Health,221367,5,0,73044,8.52,88548,389937,1
Health,330573,2,1,94532,8.87,92121,132816,0
Life,457768,2,0,1050,1.7,52634,280905,0
Health,252899,5,1,85030,8.0,62247,152140,0
Financial,354444,0,1,59446,9.41,55440,145720,0
Vehicle,347215,2,0,94289,8.7,22641,343674,1
Vehicle,46588,3,1,27022,0.95,37659,184960,0
Vehicle,86036,0,1,82324,2.37,64023,272763,1
Life,24439,2,0,51140,8.09,28449,57558,0
Health,199025,0,0,94291,4.82,52430,99498,1
Vehicle,441665,2,0,82714,0.09,33023,280530,1
Health,213798,1,0,7042,1.48,39044,225787,1
Life,24916,2,0,67681,8.71,75715,499044,0
Vehicle,65709,2,0,45716,1.11,38166,238159,0
Vehicle,181491,3,0,82353,4.5,85741,215466,1
Health,380957,4,0,96249,2.32,91931,254512,1
Health,331867,0,1,54157,4.45,95861,154982,0
Financial,323640,4,0,54803,8.52,62293,388758,1
Life,304364,3,1,39283,9.25,75165,450752,0
Financial,213860,5,0,85970,1.97,25144,167043,1
Financial,359217,5,1,80675,7.28,31963,245692,1
Financial,197375,4,0,77798,0.3,26133,250545,1
Health,94275,2,0,11161,1.71,79175,185706,0
Health,342307,4,1,6338,4.56,33196,428495,0
Vehicle,105961,2,1,89566,8.33,98598,396152,1
Financial,37021,3,0,38870,3.5,63671,128116,0
Financial,120372,4,0,60234,2.64,74827,436823,1
Life,5953,4,1,15170,1.36,88378,75787,0
Vehicle,496466,3,1,44504,3.7,75686,168322,0
Vehicle,183074,5,1,19242,8.44,91520,451576,1
Vehicle,245012,2,1,99335,5.87,33355,443464,1
Health,330561,2,0,20422,1.69,46339,170663,1
Vehicle,211968,3,1,83796,9.17,47152,330034,1
Financial,456695,3,0,35782,5.04,59033,435218,1
Health,113286,3,1,16609,4.3,98289,400084,0
Vehicle,182159,4,0,39103,7.49,98274,148344,1
Life,311804,2,1,87184,4.69,45545,163057,0
Life,295825,5,1,94986,3.37,23721,482278,0
Financial,450218,2,1,85237,4.51,90299,195649,0
Health,90365,1,0,39490,8.36,84691,295325,0
Financial,182761,3,1,52585,6.0,63025,388761,1
Health,258222,5,1,14227,6.22,94009,474702,0
Health,389942,1,1,61231,5.63,92282,494757,0
Health,97194,0,1,52957,3.61,37370,198416,0
Life,359118,3,0,56018,9.39,32343,319332,0
Health,47088,3,1,99283,8.69,91964,88866,0
Financial,311851,1,0,80387,4.46,60883,287637,0
Life,198525,1,0,20081,9.66,77746,373911,0
Vehicle,478408,3,0,72739,5.41,30153,222954,1
Life,273678,3,1,79093,5.8,52177,211155,0
Health,417094,0,0,46215,6.25,49006,253784,1
Health,493934,4,0,25221,2.88,87680,394695,1
Life,72519,1,0,92717,2.21,87327,297020,0
Vehicle,113900,4,1,66079,7.64,80150,229634,1
Vehicle,61362,1,0,94878,2.75,72307,176639,1
Health,484365,0,1,91993,1.61,95361,465471,0
Life,202439,5,0,56253,0.19,69724,391352,1
Vehicle,467338,2,0,79196,8.72,99307,103769,1
Health,29947,1,0,66209,5.17,92086,217267,0
Financial,304774,0,0,59815,2.7,89905,257876,0
Health,299988,1,0,27257,2.79,89732,219580,1
Health,7283,5,1,65968,1.99,59512,477787,0
Financial,196441,1,0,29508,4.49,62426,288091,0
Financial,127253,0,1,87693,1.8,44387,306831,1
Vehicle,74272,0,1,13394,6.74,52603,135345,0
Life,365893,4,0,85564,5.81,46896,167694,0
Life,178860,1,1,78734,6.71,47163,386153,0
Vehicle,206442,3,0,62244,1.23,74391,178900,1
Financial,111837,1,1,9407,2.07,61947,453147,1
Vehicle,481358,2,0,90550,8.24,39388,55895,1
Life,430034,2,1,50642,4.83,99329,74433,0
Financial,195749,1,1,28546,0.67,71136,254539,0
Life,437915,5,1,35308,4.25,41288,388142,0
Life,142631,4,1,98594,7.53,39074,99167,0
Financial,470619,1,1,78670,4.83,38770,431239,1
Health,296477,0,0,54821,9.49,65396,95611,1
Life,458645,1,0,27034,0.12,78363,114039,1
Vehicle,9381,2,0,47195,3.98,91747,289788,0
Vehicle,161245,5,0,49990,1.03,45935,68412,1
Health,163572,4,0,53386,7.98,96168,214801,1
Life,241697,2,0,50496,3.23,62964,326330,0
Life,243024,2,0,26871,9.34,60923,155752,0
Life,349495,1,0,16751,3.55,36448,155630,0
Vehicle,268868,5,0,48051,6.92,23659,84445,1
Vehicle,351441,2,0,72314,7.75,96826,463237,1
Life,118026,1,0,29145,7.94,98007,57040,0
Life,63728,2,0,64726,1.89,73694,301539,0
Financial,131954,5,0,93075,4.67,42908,485079,1
Vehicle,68462,3,0,91590,7.95,90892,440683,1
Vehicle,271783,1,0,22042,3.36,29475,289910,0
Life,115254,2,0,8806,9.9,61147,424434,0
Financial,368263,0,0,95937,5.49,24495,59473,0
Financial,380074,1,1,40568,9.21,74678,387915,1
Financial,422868,1,0,48905,8.43,33431,462174,1
Health,431549,2,1,4309,7.64,38243,190446,0
Financial,230364,5,1,72352,4.57,87587,270894,0
Vehicle,262961,2,1,89743,6.47,71681,252374,1
Financial,26816,2,1,39593,0.77,99034,422486,0
Life,481000,3,1,60655,6.87,52670,424253,0
Vehicle,372460,5,0,45211,9.05,80996,314302,1
Vehicle,160990,5,1,20074,9.94,32663,426219,1
Health,20789,3,1,28572,7.18,94287,359475,0
Financial,482610,3,0,19869,7.02,23841,220653,1
Vehicle,153837,0,1,57167,3.4,40621,226894,1
Vehicle,45064,3,1,24407,4.66,43943,74406,0
Health,380830,0,0,18007,3.85,20048,340205,1
Health,77907,2,0,76400,9.89,25094,300251,0
Vehicle,493240,3,0,55940,5.95,50205,154558,1
Health,83050,3,1,83473,8.48,58650,308247,0
Financial,299305,2,0,39206,0.96,39049,256678,1
Life,309407,2,1,93897,4.96,73878,220122,0
Health,144668,0,1,43091,7.76,88146,339753,0
Health,322246,0,1,51353,5.79,28614,313016,0
Life,370004,5,0,51889,5.39,32409,269737,0
Financial,403885,5,1,97957,3.83,30336,279026,1
Life,431574,3,0,52856,3.92,40361,87688,0
Vehicle,202675,4,0,38747,6.56,99092,275247,1
Financial,351579,2,1,15307,9.53,71172,346026,0
Vehicle,81992,5,1,20244,7.08,31435,350653,1
Life,50123,4,0,8611,6.13,91762,173093,0
Life,185059,3,0,41937,2.01,33723,407600,0
Financial,445514,5,0,45629,2.45,47638,441438,1
Financial,185769,0,1,73737,7.8,63586,441749,1
Life,440065,3,1,94334,7.52,62579,452433,0
Vehicle,350181,0,1,16213,0.91,77248,445417,0
Vehicle,291565,0,1,8455,1.33,81912,303554,0
Financial,451029,4,0,7185,8.94,58871,449586,1
Vehicle,391477,1,0,86418,9.79,51497,232893,1
Health,383072,5,0,19142,9.1,44666,105498,1
Financial,397120,0,0,21155,6.62,38064,389089,1
Financial,410417,2,1,49654,5.2,63525,356975,1
Health,393566,5,0,98193,8.47,94726,318406,1
Life,31252,0,0,19432,1.01,64718,381655,0
Vehicle,240449,1,1,98537,8.43,80556,74070,1
Vehicle,171307,4,1,6293,8.16,96332,238910,1
Health,446996,0,0,61941,3.54,52293,424431,1
Life,419304,1,0,84223,4.57,87514,371350,0
Life,411859,1,1,76409,3.31,50574,422441,0
Financial,388857,5,0,58968,5.15,56632,410495,1
Vehicle,322216,2,1,83711,0.94,28746,187645,1
Vehicle,352628,1,1,10924,4.96,73297,417585,0
Life,377682,4,1,54796,0.41,34694,113195,1
Life,383367,2,0,96247,0.34,79419,428635,1
Life,282386,1,0,93474,9.23,98772,429562,0
Health,476281,3,1,81640,9.13,45927,484557,0
Life,158852,4,1,15566,6.61,89996,292785,0
Vehicle,16652,5,0,20184,6.42,25480,335702,1
Vehicle,78083,2,0,24189,1.44,39643,298177,0
Financial,379128,1,1,49830,1.85,88577,370577,0
Health,460386,5,0,13224,4.91,32495,499547,1
Financial,281402,0,0,6853,2.51,70289,499410,1
Health,180550,0,0,52523,4.0,85118,362900,1
Life,493343,5,1,38168,3.7,86812,216739,0
Financial,254926,4,0,88031,3.27,64887,97801,0
Health,434304,1,0,11009,9.37,49151,273899,1
Health,171190,5,0,19022,5.76,94686,68116,1
Health,49171,2,0,64863,3.93,30109,108779,0
Life,178168,4,1,39756,8.48,40835,112275,0
Financial,274828,0,0,1844,7.4,93026,298053,0
Life,141321,5,1,45057,1.12,54064,438653,0
Life,406458,0,0,56902,3.42,20903,405188,0
Life,270902,5,1,73265,3.76,75267,363811,0
Financial,360763,0,0,43204,7.97,70324,339861,0
Financial,355576,2,1,57866,0.76,73414,384726,1
Vehicle,261109,5,0,79797,2.25,87840,262555,1
Financial,31533,1,0,14804,9.1,59300,67961,0
Health,183582,5,0,6858,2.71,81043,321614,1
Financial,456322,3,0,30832,8.38,66693,146793,0
Vehicle,418396,1,1,13753,6.08,30933,206285,0
Financial,416264,5,0,82236,6.17,43582,285406,1
Health,241149,5,1,43021,6.39,21193,426421,0
Health,430396,4,0,88463,5.63,27126,139215,1
Vehicle,239514,0,0,71194,6.53,72728,196395,1
Life,233259,1,0,80607,9.81,81376,202543,0
Life,195429,0,0,20568,3.8,88866,159413,0
Vehicle,423359,3,0,92425,3.04,46646,488332,1
Financial,461642,5,1,85871,7.87,77706,352775,0
Vehicle,478159,4,1,84772,8.18,82113,431790,1
Financial,295890,5,1,29777,2.46,64904,429294,1
Life,353528,3,1,66929,4.14,43540,491306,0
Life,423031,0,1,3980,6.68,79142,242919,0
Life,112207,1,1,25170,1.5,46120,149918,0
Life,16641,4,0,11687,2.83,96290,376159,0
Vehicle,294845,2,0,10105,8.02,94024,397240,0
Vehicle,266883,1,0,5825,2.94,98168,142741,0
Health,323389,2,0,79799,0.3,93224,97008,1
Life,265866,4,0,81079,2.79,85552,227211,0
Health,51506,1,1,62375,7.2,72926,308853,0
Vehicle,264246,4,0,94229,5.67,83668,132592,1
Vehicle,215243,4,0,50048,8.96,38955,451284,1
Health,272671,2,0,36759,9.11,85464,171741,1
Health,336185,1,0,84334,6.69,56702,223344,1
Financial,8442,3,1,22292,1.73,85229,258319,0
Vehicle,125123,4,0,15251,3.54,40853,277652,1
Vehicle,375614,0,1,88641,4.37,66339,427603,1
Financial,23574,3,1,22009,3.5,23471,224818,1
Financial,306999,5,1,83169,3.52,54304,80315,0
Health,69141,5,1,27477,3.43,76168,334908,0
Health,341591,5,0,67021,6.49,46115,159409,1
Vehicle,100729,1,0,94913,6.21,33927,161418,1
Health,218831,0,1,5284,4.13,77023,154481,0
Financial,420147,0,1,7199,1.65,29457,329637,1
Health,16684,1,1,87412,9.67,61727,416860,0
Health,238341,3,0,52111,2.45,79145,342957,1
Health,402336,3,1,1993,2.39,80706,216940,0
Life,496581,0,0,66380,9.41,81223,257949,0
Vehicle,351332,2,1,39316,5.84,41162,248803,0
Health,428793,1,0,12972,3.45,69835,132863,1
Vehicle,290383,5,1,9898,6.16,70938,212901,1
Life,187411,3,1,270,9.85,84553,481245,0
Life,187001,1,1,23588,8.06,61549,328262,0
Financial,344168,5,0,84777,4.16,72618,360224,0
Vehicle,313343,3,1,41740,1.59,63064,183836,0
Vehicle,20896,1,0,41859,1.66,77154,256401,0
Life,9405,5,0,79801,7.34,91720,91401,0
Life,278420,0,0,21701,9.78,51182,252165,0
Financial,309588,5,1,94634,4.12,54715,355486,1
Health,248552,1,0,10340,0.04,34578,482704,1
Health,147044,3,1,94083,6.11,71231,134199,0
Financial,343388,2,0,81795,2.95,64844,313629,0
Health,456695,1,1,91173,7.27,98165,251596,0
Financial,442956,1,1,62269,5.79,28143,158616,1
Financial,153354,3,0,76204,7.94,24058,286545,1
Health,150317,5,0,29475,3.22,27690,233618,1
Health,474648,2,0,43732,9.13,55221,365206,1
Life,344088,5,1,29714,1.34,75218,189643,0
Life,355472,5,1,36770,7.82,67721,199301,0
Vehicle,256280,2,0,21883,1.34,42953,355343,0
Health,150370,2,0,94138,8.61,98087,270381,1
Vehicle,68286,1,0,54315,6.47,42909,98980,1
Life,230314,0,1,41337,2.83,20129,427806,0
Financial,454442,2,1,14531,8.52,81939,473616,1
Health,291466,4,0,92152,0.18,94162,258466,1
Financial,174446,5,0,48136,0.99,48901,488635,1
Life,471505,1,0,29466,9.8,39408,494834,0
Life,154331,2,1,58405,1.64,83300,199778,0
Vehicle,265816,5,1,18391,8.79,69244,153841,1
Health,179994,2,1,17711,2.07,80067,146167,0
Vehicle,389236,1,1,86690,6.37,63896,88847,1
Vehicle,162966,4,1,91707,0.9,33200,266736,1
Health,223078,3,1,93534,1.24,27309,168890,0
Health,237963,3,1,54414,7.37,47256,441864,0
Health,142543,4,1,60506,2.95,91451,475689,0
Health,85420,2,1,57125,8.84,45788,234824,0
Life,232996,2,1,36991,5.41,73447,345232,0
Health,224819,2,0,77257,4.61,42932,406997,1
Vehicle,393876,0,1,29607,8.02,92212,385066,0
Health,82578,4,1,78610,4.27,56148,409888,0
Health,478510,4,1,17004,6.77,87692,407876,0
Life,5603,1,0,3007,6.76,83786,328062,0
Financial,381039,5,1,84687,0.07,98610,249848,0
Financial,350788,1,1,52231,0.99,39842,306862,1
Life,253951,3,1,98289,1.45,44672,356755,0
Financial,449553,0,1,17993,7.98,58139,309203,1
Financial,235663,4,1,26017,2.03,68955,66704,0
Financial,414272,1,0,93681,7.65,36279,459903,1
Life,351466,1,1,1560,1.91,68666,401608,0
Vehicle,32205,5,0,5028,8.89,66653,147196,1
Financial,48839,1,1,49539,5.14,46342,224819,0
Vehicle,315841,5,0,26505,6.73,55754,318957,1
Health,220798,3,0,50756,9.05,76868,460822,1
Health,238519,3,0,18149,1.31,38150,398007,1
Vehicle,48452,3,0,77442,5.59,73347,455069,1
Financial,476070,4,0,57734,1.88,93485,225333,0
Financial,138829,4,1,54336,3.99,65388,230778,0
Life,237032,0,1,61344,8.61,60848,266128,0
Life,398088,5,1,65915,6.95,62527,57082,0
Vehicle,155995,3,0,50320,9.22,64530,234502,1
Life,486636,3,0,91099,9.82,75339,292787,0
Life,160942,0,0,99403,8.89,26499,146991,0
Financial,90269,3,1,22704,5.23,45570,480538,1
Financial,161654,5,0,7541,6.57,68889,175254,0
Health,317359,0,0,64858,1.64,24610,185820,1
Vehicle,211997,2,0,91519,9.59,26486,432587,1
Health,296367,0,1,59548,9.33,65788,491351,0
Health,350304,5,0,82182,3.49,52790,167854,1
Health,441261,4,0,62087,7.3,41210,65265,1
Life,259470,1,1,91288,6.03,34997,335175,0
Life,457434,3,1,31209,5.42,41062,450625,0
Financial,113515,5,0,77266,9.82,79686,423548,1
Vehicle,317059,5,1,46935,8.96,56240,330610,1
Health,214432,3,1,86749,3.83,44760,499682,0
Health,83189,2,1,9973,2.79,63427,407398,0
Health,152057,0,1,48383,4.7,88776,259798,0
Health,246275,4,1,15201,5.08,45456,356998,0
Health,239792,4,0,89860,2.7,74641,397771,1
Life,296285,1,1,70021,3.45,39157,390617,0
Financial,246083,4,1,11081,4.4,43394,320619,1
Financial,24387,5,1,20906,1.21,58408,162075,0
Vehicle,280856,3,0,24860,0.53,33541,270045,0
Vehicle,120428,2,0,22555,1.0,29626,195590,0
Financial,181797,1,1,43692,6.98,31268,491097,1
Life,151552,1,1,11908,1.1,95849,404546,0
Life,451735,3,0,47614,4.48,26949,459617,0
Vehicle,178938,1,0,38001,6.21,84291,137557,0
Financial,275033,3,0,63730,0.49,98148,199685,0
Health,393375,5,0,59262,8.98,68721,272692,1
Life,499579,0,0,38122,5.15,25674,206096,0
Health,70399,5,1,54242,3.82,27529,262301,0
Life,238910,2,1,96585,7.81,39687,376436,0
Financial,471116,2,1,48810,5.05,31519,177013,1
Life,226514,3,1,55625,0.52,74196,80788,1
Vehicle,285951,4,0,98994,1.69,48027,466990,1
Life,406277,4,1,56526,9.24,81606,434753,0
Vehicle,430450,0,1,51812,4.54,51059,73378,1
Life,154263,5,0,45380,0.3,47858,401652,1
Financial,75498,5,0,81591,6.05,48337,491826,1
Financial,128180,4,0,58186,6.92,91217,487127,1
Health,324322,1,1,61611,4.65,85450,96786,0
Health,61290,0,1,28416,5.93,40736,51430,0
Health,105345,4,0,31398,5.99,84399,130772,1
Vehicle,311603,1,0,25176,2.12,33553,377150,0
Financial,162514,5,0,71044,8.36,92405,256565,0
Life,104689,4,0,17741,9.79,69484,279631,0
Life,384078,1,1,69093,5.17,75058,90445,0
Life,494422,1,1,93008,8.0,51433,289499,0
Vehicle,437131,5,0,2295,3.29,78092,183255,1
Life,329641,2,0,84018,3.13,45303,332127,0
Health,62205,3,0,47780,6.46,78835,382706,0
Vehicle,407361,3,0,27598,2.75,63113,280728,0
Life,425883,5,0,87120,1.9,77984,188034,0
Vehicle,452455,1,1,1070,3.13,41196,399663,0
Financial,418095,3,1,73905,6.07,47119,268095,1
Health,19923,4,0,46718,6.54,74433,242478,0
Vehicle,120885,1,0,18356,9.96,68920,333899,0
Health,391270,1,1,87288,2.01,46905,198853,0
Vehicle,387870,1,1,18103,8.58,90876,324797,0
Health,235489,3,1,42067,4.0,52048,454420,0
Vehicle,243184,3,0,61768,0.7,47629,362150,1
Health,23003,0,0,23773,3.58,33454,124751,0
Vehicle,110882,4,0,54669,1.53,64089,54003,1
Health,36540,5,1,43332,4.65,93863,161109,0
Life,212631,0,0,57586,1.37,73248,258328,0
Health,118565,4,1,88566,1.14,53004,364019,0
Financial,178283,5,0,26011,3.51,29430,303407,1
Health,26648,2,1,14894,7.49,32260,253967,0
Financial,406551,2,0,79634,3.5,33375,467312,1
Health,333627,2,1,90083,4.09,64230,486067,0
Financial,103131,2,1,81569,7.91,88560,318092,0
Health,331382,2,1,60931,9.0,78600,404501,0
Life,284313,3,1,87586,6.5,63042,50225,0
Vehicle,147412,1,1,43626,7.59,44684,290689,0
Life,246371,5,0,79954,3.41,36439,451404,0
Health,104118,0,1,67976,1.11,48955,355320,0
Life,118237,2,1,82405,0.41,60681,373033,1
Life,368461,1,1,30133,9.52,97646,251098,0
Life,205109,2,0,28365,1.56,60060,72342,0
Life,81022,1,0,53849,0.79,29234,69434,1
Vehicle,67265,4,0,54416,9.68,99576,147747,1
Health,24369,0,0,10229,4.72,46147,135242,0
Health,252015,1,1,74359,1.53,83061,112375,0
Financial,83950,2,1,53731,9.47,34912,351835,1
Vehicle,292120,3,1,73073,9.04,33410,104831,1
Financial,91768,5,1,11947,7.95,23371,319822,1
Life,207128,0,0,20048,2.53,50519,223219,0
Life,205474,0,1,4946,4.26,60097,188793,0
Health,39136,4,0,30170,4.62,62744,177761,0
Health,59098,5,1,95027,2.0,43153,280194,0
Life,100065,4,0,14639,6.98,57334,428577,0
Health,311803,0,1,84099,4.84,61979,377516,0
Health,312960,2,1,71504,6.38,67019,403952,0
Vehicle,149790,2,1,45704,1.43,46424,209531,0
Vehicle,244047,3,1,5431,7.14,74420,237138,0
Health,293992,4,1,2555,1.78,89828,461535,0
Vehicle,377277,2,0,47801,9.39,27170,430845,0
Health,30481,3,0,40819,1.57,87990,421027,0
Health,72249,3,1,38965,2.32,92757,315180,0
Financial,211525,1,1,82676,5.86,94058,481350,1
Life,456469,1,0,18911,6.32,94327,76498,0
Health,436929,1,0,31226,2.33,25375,118075,1
Health,295389,5,0,41353,7.73,43491,241640,1
Life,289484,4,0,82160,5.01,30949,286657,0
Vehicle,184642,0,1,7224,4.51,77019,452571,0
Vehicle,390440,1,0,58334,2.29,85075,145153,1
Vehicle,135754,2,1,26359,2.94,85328,58376,0
Health,436631,4,0,66898,6.29,45174,333140,1
Vehicle,484243,5,0,49351,5.01,71193,392506,1
Financial,6757,0,1,27732,8.29,90598,443235,0
Financial,443480,0,0,36516,6.3,51533,157059,0
Health,469178,4,1,19756,5.88,41819,68140,0
Financial,283398,1,1,33950,5.11,66931,239782,0
Vehicle,284886,5,1,3977,8.1,34678,176642,1
Financial,443742,2,1,38344,6.24,58527,101539,0
Life,52802,3,1,32593,3.62,41739,249104,0
Vehicle,95473,4,0,12939,2.18,53517,63318,1
Health,62423,3,1,35759,1.81,34209,325661,0
Vehicle,455769,0,0,17072,9.5,72693,345762,0
Health,65723,3,1,18494,0.0,72086,473328,0
Life,471112,0,0,51388,0.52,98319,304942,1
Financial,364519,1,0,81418,6.9,27655,66751,0
Vehicle,247039,3,0,30664,3.26,39454,206215,0
Health,459615,2,1,94746,3.92,62631,463502,0
Financial,240767,0,1,56986,6.13,69465,305169,0
Life,384345,2,0,5446,1.49,75480,249842,0
Life,31471,3,1,91443,9.86,60895,122993,0
Life,360684,0,0,44589,1.87,92267,265591,0
Financial,221030,3,1,38552,0.98,67843,199809,0
Vehicle,246694,0,1,86381,3.87,77622,282634,1
Financial,474525,2,0,69525,9.49,76906,483018,1
Health,21259,1,0,96265,8.1,20384,167831,0
Financial,295465,1,1,29778,4.52,86965,469623,1
Vehicle,283712,1,0,14684,8.02,42600,246026,0
Life,291758,3,0,92615,7.53,80241,456731,0
Life,20690,4,0,48040,0.52,70420,397719,1
Financial,451716,5,0,84469,1.22,94920,65256,0
Financial,392378,1,0,71786,6.62,36563,482403,1
Health,480577,4,1,74022,3.66,38239,292136,0
Life,52657,3,1,44621,4.75,94787,265353,0
Life,93249,4,1,73885,9.46,65968,260993,0
Health,54259,0,1,92838,2.9,42984,151587,0
Life,47775,1,0,54114,6.02,70105,163300,0
Health,53536,0,0,67888,9.98,28392,333754,0
Vehicle,477985,1,1,74170,5.52,89685,84031,1
Life,413080,4,1,598,6.96,54649,322024,0
Vehicle,50926,3,0,11124,9.37,99571,480421,0
Vehicle,281654,1,1,42400,1.51,24296,416950,0
Financial,79153,5,0,705,1.3,47050,118230,0
Financial,414003,4,1,17238,8.77,57740,51493,0
Vehicle,245749,5,0,68050,6.78,82333,380595,1
Vehicle,406277,1,0,29153,2.03,51599,480250,0
Life,247243,4,1,16814,4.63,98016,78754,0
Life,204474,3,1,73467,0.25,99442,86767,1
Vehicle,90595,3,0,66650,4.4,32644,419888,1
Health,446404,0,1,15156,2.73,76975,345233,0
Vehicle,372089,3,1,23585,9.94,80500,94752,0
Life,239632,0,0,9943,4.08,43571,429023,0
Health,378350,4,0,401,0.48,47543,229430,1
Vehicle,99758,1,0,58562,5.34,20350,457838,1
Financial,32769,1,0,44570,5.22,60050,254745,0
Health,21328,0,0,73010,6.28,53174,114439,0
Life,474381,5,0,12344,7.48,74576,305794,0
Vehicle,77132,5,1,91519,6.55,86866,412573,1
Life,111667,5,1,73310,3.16,58272,129006,0
Health,327474,4,0,95602,5.01,39400,429003,1
Financial,140238,1,1,59338,4.96,26846,225750,1
Financial,389591,0,1,29186,5.81,24249,299985,1
Financial,171664,3,0,11785,3.39,83077,488530,1
Vehicle,158103,3,1,22492,3.06,73005,118584,0
Life,66953,1,1,57535,4.36,22537,231070,0
Health,373350,5,1,52131,1.73,71117,278198,0
Life,204491,0,0,57706,1.0,34120,196558,0
Life,12216,4,0,14762,6.11,40726,470840,0
Health,144708,4,1,10425,4.68,43980,328319,0
Vehicle,467819,3,1,79935,9.08,65687,177216,1
Life,294938,0,1,14636,4.44,52412,417860,0
Life,406571,4,1,34654,8.96,89783,298836,0
Life,365998,4,1,70490,9.25,33429,467472,0
Vehicle,9951,0,0,73675,6.59,89791,297807,1
Vehicle,30058,4,1,79765,4.74,46542,384318,1
Vehicle,351878,0,1,38844,5.56,38024,378774,0
Vehicle,390233,3,0,57154,6.57,39777,432752,1
Life,131376,0,0,56189,8.55,94960,462031,0
Vehicle,311012,4,0,12997,4.12,59544,439433,1
Vehicle,162895,2,0,97275,0.41,52746,476693,1
Financial,486810,4,0,80330,8.89,68063,283493,0
Vehicle,344356,4,0,94254,0.82,51311,383520,1
Life,431604,0,1,33526,2.2,62767,208270,0
Health,34368,3,0,64191,8.41,66383,303677,0
Health,366888,2,1,79770,8.37,37595,233375,0
Financial,131194,4,0,81179,2.36,50978,115592,0
Vehicle,64154,1,1,14536,6.64,66557,335690,0
Health,251504,3,1,8686,0.57,66399,290345,0
Health,411927,3,0,18200,9.88,78354,360799,1
Financial,288531,4,1,3530,9.08,28477,236042,1
Financial,95471,0,0,27701,5.84,48495,106099,0
Vehicle,374761,2,1,48844,2.08,55188,367971,0
Financial,268884,2,0,58182,5.06,28825,351534,1
Financial,249235,3,0,97389,0.3,84647,74380,0
Health,180606,0,0,50915,3.28,22040,487481,1
Vehicle,453854,1,1,25798,1.14,68060,120226,0
Financial,352512,5,1,68211,0.13,70314,294114,0
Vehicle,289082,2,1,43770,1.69,55577,237137,0
Vehicle,325028,0,1,31091,2.34,76462,183955,0
Financial,232826,0,0,48760,5.03,83771,306188,0
Health,357838,0,1,18047,0.65,99561,416205,0
Financial,295651,5,1,54546,2.17,61765,450847,1
Life,466907,4,1,1184,8.11,99223,395218,0
Health,332278,2,0,41336,6.38,88644,400552,1
Health,40827,0,0,1055,3.94,62932,297605,0
Health,247814,1,0,40422,2.63,78419,333136,1
Financial,118369,4,0,9297,5.16,81309,305534,0
Life,263932,3,1,4292,8.63,53052,143415,0
Vehicle,279256,5,0,43110,4.68,92930,328672,1
Vehicle,32231,5,0,39517,5.27,67638,221172,1
Financial,162348,2,1,14424,6.76,63689,340474,1
Vehicle,194363,4,1,96153,3.0,54878,70451,1
Life,181994,5,1,2205,2.0,75990,199542,0
Life,406953,4,1,90085,2.97,60575,264352,0
Life,431665,5,0,74320,4.57,58075,357040,0
Financial,85635,1,0,33152,8.65,96730,285469,0
Vehicle,128398,5,1,68788,2.19,76155,305413,1
Life,229960,2,1,30744,7.15,78131,94185,0
Vehicle,380233,5,0,81948,7.4,37852,497841,1
Financial,217902,2,0,35157,7.28,95065,456649,0
Vehicle,80915,2,0,84589,6.67,69792,429511,1
Vehicle,243761,0,1,48607,8.99,34121,415179,0
Financial,34123,3,1,28249,0.06,47604,231239,0
Health,221196,4,1,16695,3.37,35894,121137,0
Financial,271545,1,1,42217,3.33,23531,251853,1
Health,221118,5,0,9965,0.96,42187,318987,1
Financial,87656,0,1,33644,7.53,29432,169580,1
Life,225419,5,1,11977,9.8,61804,180171,0
Vehicle,247573,5,0,23834,4.84,47474,121643,1
Financial,242152,2,1,80825,4.15,25629,235309,1
Financial,344374,2,1,25251,4.59,89947,319723,0
Health,311360,5,0,99557,6.6,25969,201851,1
Life,344432,0,1,75579,9.94,73709,219273,0
Vehicle,217325,0,1,85601,6.2,74736,438408,1
Health,115173,4,1,85756,2.97,94969,404450,0
Health,26959,3,1,19389,7.11,39470,280938,0
Health,61012,3,0,37117,5.79,21310,446334,0
Life,172655,5,1,28090,3.76,74327,317563,0
Health,380326,3,1,38446,7.43,52537,51569,0
Vehicle,122898,0,0,58160,3.38,93084,227351,1
Life,375134,1,0,47810,6.77,33627,302329,0
Health,14029,2,1,57374,5.01,34514,447707,0
Life,396571,4,0,36509,6.77,87630,246828,0
Vehicle,137132,3,1,53206,1.75,39647,426421,1
Vehicle,142382,3,1,90090,4.36,82435,256873,1
Health,147254,1,0,62321,6.06,29894,117394,1
Health,171530,1,1,89462,0.37,46832,392565,0
Financial,323603,4,0,96558,9.97,27993,325161,1
Financial,429067,2,0,31764,1.61,84242,499032,1
Financial,39442,5,1,26398,6.06,94559,277129,0
Vehicle,201077,4,0,31219,7.24,32957,254644,1
Financial,307126,0,0,24916,8.44,28951,381291,1
Life,93349,0,0,20040,8.65,54004,284350,0
Life,289642,4,0,89524,5.2,36093,363198,0
Health,20717,5,1,47197,3.62,38123,246834,0
Life,28449,4,1,57106,2.58,70469,124331,0
Financial,133932,1,0,63838,7.57,66032,347813,1
Health,17993,1,1,81478,9.02,69560,151483,0
Life,289647,0,0,20379,1.58,71361,274540,0
Vehicle,26657,0,1,34605,5.37,86988,424297,0
Financial,273028,4,0,95695,3.85,64351,299295,0
Financial,34108,4,1,38107,6.82,99424,339311,0
Health,310193,2,0,64910,1.06,23089,291599,1
Vehicle,487654,2,1,7955,6.14,70324,339166,0
Health,230433,1,0,44264,4.42,73279,299527,1
Vehicle,266171,4,0,9823,9.28,65106,127202,1
Health,286158,5,0,23289,3.07,99108,355814,1
Health,162423,5,0,13792,9.46,59461,423064,1
Vehicle,102985,5,1,12944,0.71,86209,151246,1
Financial,367108,2,0,30952,4.08,77093,343015,0
Financial,62273,2,1,60175,4.62,59062,265718,0
Financial,78618,3,1,93627,1.09,27801,307425,1
Financial,259706,1,0,43490,2.04,27153,448950,1
Health,217138,2,1,20232,5.58,32224,475801,0
Health,90402,3,0,23551,4.34,50845,280032,0
Life,489597,3,0,45025,0.48,50510,435230,1
Vehicle,267988,2,1,66757,1.39,49769,356207,1
Life,179782,0,0,80963,0.49,29240,378177,1
Financial,132195,1,1,56712,7.34,37583,491983,1
Life,404813,2,1,2628,8.01,48209,260370,0
Vehicle,378627,5,1,24570,1.6,89492,184776,1
Financial,18282,5,1,20039,0.08,88862,146193,0
Life,289932,5,0,44298,3.5,30226,373402,0
Life,413651,2,1,96749,8.82,56873,461128,0
Financial,195150,1,1,23013,2.87,98314,99361,0
Financial,490994,1,0,773,4.42,85870,229054,0
Vehicle,25452,4,0,3373,1.55,45715,446908,1
Financial,84405,2,1,13776,5.54,95131,420603,0
Life,298033,5,1,59137,3.12,48420,52874,0
Financial,171289,0,1,53564,4.19,99029,447912,0
Health,77980,5,0,2708,9.69,94140,499607,0
Health,382532,2,0,61991,8.69,38867,399619,1
Life,109924,0,1,55366,3.1,21575,402956,0
Financial,175033,2,0,51776,1.12,52723,101776,0
Vehicle,395394,5,1,69966,0.66,30868,216661,1
Health,161512,5,0,64427,8.84,95147,77163,1
Vehicle,51098,3,0,85100,8.28,76567,368502,1
Financial,110524,2,1,88492,4.63,87471,300930,0
Health,19478,4,1,64110,0.26,72294,341698,0
Financial,110368,3,0,48573,7.73,91224,226192,0
Vehicle,247750,3,0,29447,8.43,93462,450025,0
Vehicle,402896,4,0,38806,1.83,66119,167986,1
Vehicle,263390,1,1,87137,7.09,37644,122081,1
Vehicle,316777,2,1,80267,2.82,52631,467844,1
Life,289237,5,1,51498,5.08,57355,64535,0
Vehicle,334517,2,1,73887,3.5,79877,178131,1
Life,186534,4,0,10155,4.98,94162,97397,0
Health,219721,3,0,13036,7.02,65314,460815,1
Financial,195833,0,1,94701,6.52,96020,284386,0
Vehicle,389361,2,0,40090,2.87,66156,347619,0
Health,169368,0,0,79184,6.15,60321,117500,1
Financial,354841,0,1,76562,4.21,38930,331142,1
Health,194223,5,0,19730,7.34,81448,139594,1
Vehicle,108021,2,0,18876,6.21,32919,402066,0
Life,301256,3,0,86790,4.82,59928,101258,0
Financial,119621,4,1,58192,6.95,49834,449323,1
Vehicle,233671,2,0,88291,8.0,39151,485651,1
Vehicle,381603,1,1,1217,1.52,59257,217517,0
Vehicle,407291,0,0,77049,5.25,58712,381304,1
Life,304233,3,0,85080,2.66,97900,161371,0
Vehicle,439288,5,1,14369,0.99,69603,239064,1
Life,344728,0,0,54111,6.88,62682,225739,0
Financial,118396,0,1,63669,7.68,82780,116010,0
Vehicle,257836,5,0,86202,4.31,57351,447857,1
Health,141040,0,0,70866,9.42,93001,360053,1
Vehicle,343896,4,0,37253,4.74,84063,168741,1
Life,20798,5,1,81274,5.97,27860,453320,0
Vehicle,309789,4,1,55127,8.97,73557,118051,1
Life,91915,2,0,22259,7.96,72343,71133,0
Life,90682,2,0,32578,5.76,44099,333339,0
Vehicle,214482,5,0,49666,2.56,92800,325664,1
Health,332737,3,0,76900,8.21,69557,50607,1
Financial,140308,4,0,29999,2.63,31192,468891,1
Life,401405,4,1,31266,3.69,44959,230139,0
Health,221124,1,0,5629,3.47,40045,82453,1
Vehicle,388881,2,1,78725,2.61,74804,445352,1
Health,52818,3,0,45997,3.23,93497,124311,0
Life,173542,2,0,68309,2.87,52574,410775,0
Health,143551,2,1,76369,4.48,47871,402386,0
Financial,289206,4,1,92002,6.21,96764,319182,0
Health,388041,5,1,43214,6.96,80562,66697,0
Vehicle,150194,0,1,89036,3.06,44469,261087,1
Financial,447869,3,1,7776,9.61,70318,262195,0
Vehicle,283740,2,1,51306,8.12,75832,455038,1
Vehicle,460054,4,1,66319,3.51,94489,420296,1
Financial,184906,4,1,12736,8.09,42203,71188,0
Health,268423,1,1,50776,4.56,87894,96857,0
Health,104860,5,1,54592,2.27,78030,350871,0
Health,342776,2,0,46097,4.58,80291,87370,1
Life,354247,4,1,38538,1.84,47225,185031,0
Health,414311,3,0,33935,6.19,79044,228794,1
Vehicle,116992,1,1,22836,4.23,91558,102298,0
Life,227999,2,0,61981,2.47,43011,183771,0
Health,422408,0,1,18190,6.38,26417,180720,0
Health,255064,4,0,38866,6.23,64834,63114,1
Health,171069,3,1,80860,0.02,40311,167472,0
Vehicle,425855,3,0,78037,2.67,62983,495637,1
Vehicle,298230,3,0,59208,7.46,22184,247981,1
Life,235132,3,1,67637,0.14,52190,306672,1
Health,451546,4,0,5789,4.74,97636,276754,1
Financial,114279,2,1,35187,5.57,53998,425245,1
Life,77344,0,0,29573,0.58,58046,230083,1
Financial,133284,4,0,87160,5.9,53664,419134,1
Life,24014,3,0,81429,1.09,29699,56486,0
Vehicle,251452,1,1,26799,3.27,63548,101577,0
Vehicle,58260,1,1,80653,9.43,26240,225282,1
Financial,439831,4,1,6350,1.39,36952,323391,1
Health,285839,5,0,18237,3.1,93361,86874,1
Life,347703,4,0,13732,7.56,29134,297430,0
Life,189770,4,1,82737,7.14,88045,374086,0
Financial,363815,5,1,54804,4.67,76948,272803,0
Health,477726,3,0,60493,3.05,50258,483987,1
Vehicle,138303,3,1,69352,9.06,22388,252814,1
Vehicle,132963,5,1,34757,2.83,34348,371222,1
Vehicle,438865,3,1,38143,4.6,48092,258880,0
Financial,65137,3,1,42056,1.83,76164,492559,1
Vehicle,7089,1,1,66685,3.83,64610,53820,1
Health,453410,3,0,76260,5.05,40500,117019,1
Financial,213189,5,0,59756,3.5,29047,110547,0
Financial,180041,0,0,2934,4.01,69066,125151,0
Vehicle,430030,1,1,85621,0.75,58434,471215,1
Vehicle,232473,3,1,6876,1.28,85980,415037,0
Financial,388212,4,1,25027,4.33,86931,122801,0
Health,495407,2,0,46391,8.93,64153,423883,1
Life,240244,2,0,88226,8.51,47286,277348,0
Health,182120,2,1,84618,0.65,20534,153948,0
Financial,431000,2,1,72189,5.28,67586,444624,1
Financial,230037,1,0,80758,5.46,87175,309949,0
Health,15047,2,0,84744,2.07,62462,283491,0
Financial,143761,0,1,24945,2.92,21105,152394,1
Health,250997,4,0,69454,8.81,27656,374211,1
Life,72396,4,1,8781,4.53,71391,296307,0
Financial,420242,1,0,22188,3.7,43608,295339,1
Life,146588,3,1,51474,6.8,38807,499918,0
Financial,405170,4,1,4550,0.67,44853,251781,1
Vehicle,96966,5,1,75452,9.13,21845,432798,1
Financial,184729,1,0,99844,0.19,21652,205695,1
Life,243167,4,0,77431,0.16,56171,262391,1
Financial,498207,4,0,33743,3.55,22043,121270,1
Health,374033,1,1,62846,5.38,70175,241172,0
Financial,212557,1,1,29084,8.91,46251,80645,0
Life,192383,2,0,73148,5.11,63714,310403,0
Health,401360,0,1,76348,1.92,75735,97617,0
Life,58189,5,0,87186,3.28,84616,302631,0
Vehicle,38604,2,0,68055,4.85,27481,459387,1
Health,452584,1,0,78808,2.91,64645,258692,1
Vehicle,441636,5,0,19381,0.15,93691,341045,1
Life,172926,5,0,15935,1.31,51478,479839,0
Financial,440624,3,0,77015,9.63,22494,123818,1
Health,252734,4,1,73001,6.76,84575,317983,0
Vehicle,158022,5,0,17445,9.93,99345,305451,1
Life,488203,0,0,17764,6.39,47780,137299,0
Financial,252512,0,0,23781,0.1,54070,340425,1
Financial,204741,2,1,97465,5.44,50015,217701,0
Financial,97158,4,1,70141,7.72,88943,425375,0
Life,132675,0,0,91276,7.56,64844,309247,0
Vehicle,178894,5,0,12435,0.9,41586,492637,1
Vehicle,87011,4,0,92332,3.19,49377,318549,1
Financial,232629,0,1,83146,6.57,96488,298767,0
Life,291279,2,0,60139,2.38,68226,418680,0
Health,8716,0,1,35635,1.71,88774,317968,0
Vehicle,357373,5,0,56955,3.38,57414,248220,1
Life,32329,1,0,40567,3.91,31552,470332,0
Life,497742,1,1,83768,8.19,26103,198825,0
Health,14596,5,1,98078,1.34,90879,424171,0
Financial,74026,0,0,83272,2.62,50070,385057,1
Life,417681,3,0,63156,9.11,29187,304150,0
Financial,439207,3,0,97030,1.76,76379,329142,0
Health,60601,3,0,33499,8.31,89562,62827,0
Financial,378186,3,0,11644,3.34,91427,356496,0
Vehicle,17956,2,0,60893,5.18,59374,466223,1
Health,181779,3,0,57674,3.76,87020,455461,1
Life,473672,0,0,11812,6.91,53917,377359,0
Financial,492643,2,0,86676,0.35,56454,317804,1
Financial,303566,4,0,19055,2.84,26434,260640,1
Life,41578,4,1,87107,8.37,42739,123927,0
Vehicle,333280,3,0,29377,0.53,25196,126024,0
Vehicle,85794,1,0,85134,3.18,74424,193843,1
Life,34147,4,0,46088,9.22,34240,298998,0
Health,490256,1,0,3855,3.66,33733,280353,1
Vehicle,411406,4,0,82819,7.13,24519,153042,1
Vehicle,431352,3,0,14664,5.76,23552,494506,0
Vehicle,127884,4,1,26110,3.32,86020,393442,1
Life,88124,2,0,80092,1.26,47014,361501,0
Health,141140,5,1,89713,9.24,50637,386775,0
Health,315608,5,0,96953,2.77,43355,215866,1
Financial,165060,3,0,12053,4.4,27407,121825,0
Financial,27461,3,0,92335,1.73,80952,394688,0
Vehicle,11370,0,1,61253,1.97,51214,487658,1
Life,207951,1,0,58107,3.36,42741,230663,0
Financial,431272,1,1,90992,7.72,42318,412964,1
Life,268241,0,0,72447,1.03,62221,390251,0
Financial,480886,0,0,79424,3.88,64287,125965,0
Financial,459355,1,1,32225,7.87,92181,388879,0
Financial,45862,0,1,88997,1.92,48134,80649,0
Vehicle,167457,5,1,1817,4.21,39657,115014,1
Vehicle,328018,0,1,43289,0.68,99648,160518,0
Health,424635,5,1,35393,7.23,25192,339566,0
Health,294939,4,1,7719,0.61,88233,346602,0
Vehicle,439198,1,0,85044,4.78,27960,93226,1
Life,26681,3,1,27143,3.18,61906,463508,0
Health,435235,5,1,18127,4.03,46939,173657,0
Financial,353151,0,0,26643,2.45,45189,202405,0
Financial,358238,5,0,75816,0.2,40949,185174,0
Life,322109,4,0,5092,5.53,73162,397764,0
Life,241984,3,1,68140,4.13,53745,415019,0
Health,243323,5,0,5483,5.93,92794,351725,1
Life,200800,3,0,42564,0.1,38936,418122,1
Life,102799,3,1,71715,1.32,30549,127152,0
Financial,437703,2,0,62757,9.81,24410,296999,1
Life,260740,4,0,95602,8.53,94071,248712,0
Vehicle,137040,2,0,62980,0.47,58774,492731,1
Vehicle,242150,1,1,38608,7.34,41650,300496,0
Health,196668,5,1,90992,4.31,72547,312758,0
Life,128781,3,0,79275,5.32,90696,487602,0
Vehicle,189398,0,0,27075,7.9,98043,179036,0
Financial,64530,5,1,5591,2.72,95988,362642,0
Vehicle,345896,4,1,69072,0.85,91821,302301,1
Life,215215,0,1,47313,8.02,79103,350278,0
Financial,362610,4,1,46565,1.43,90069,344438,0
Life,132616,2,0,70244,9.28,93699,191846,0
Health,265684,5,0,42587,8.86,86812,487599,1
Health,183667,4,1,5716,9.24,34465,101518,0
Financial,66077,2,1,70569,1.65,36504,395910,1
Vehicle,109051,0,1,81032,9.2,84314,296344,1
Financial,190763,5,0,55724,6.36,48123,489297,1
Financial,335896,0,0,34254,1.23,56106,330658,1
Vehicle,163562,5,0,69852,4.35,79538,91381,1
Vehicle,117691,3,1,92953,0.45,47895,60349,1
Life,286779,3,0,28619,8.14,54402,377280,0
Vehicle,353265,5,1,73901,6.1,66077,139033,1
Financial,286955,4,1,90527,6.85,34227,449348,1
Life,440236,0,1,40,7.25,57952,450886,0
Financial,474974,3,1,82229,1.41,80147,412738,1
Financial,493029,2,1,45726,9.21,23561,446415,1
Health,235994,1,0,61346,5.81,83155,364013,1
Health,241750,2,1,98662,2.03,83056,181723,0
Financial,499522,4,1,71153,3.26,66581,155113,0
Health,73726,4,1,31637,3.91,44862,200178,0
Vehicle,442728,3,0,454,7.38,53367,64572,0
Vehicle,33249,3,1,62396,0.5,65392,487881,1
Life,122665,1,1,76683,2.55,28992,185154,0
Health,206920,5,0,12595,9.02,49365,68676,1
Vehicle,80285,5,0,893,9.77,68464,103820,1
Health,428264,4,0,70213,5.75,69937,291484,1
Health,351132,0,0,85624,3.39,75833,219178,1
Life,397235,4,1,53840,7.48,25050,62449,0
Health,431580,1,0,98161,9.54,88206,436092,1
Health,162765,2,1,7247,1.1,37962,62625,0
Life,481215,4,0,18915,8.64,23098,355821,0
Health,92853,4,0,99027,9.0,66748,209809,0
Financial,464703,3,1,41329,4.73,93644,55662,0
Financial,68557,0,0,19690,3.2,20182,460283,1
Health,417876,5,1,56172,9.38,46853,421561,0
Life,396840,1,1,73985,4.85,35764,282019,0
Life,479034,5,0,16273,10.0,23598,481222,0
Health,425666,0,0,53955,3.17,55118,450444,1
Vehicle,227431,3,1,71,7.0,77427,383595,0
Life,489485,2,1,76198,6.38,52599,372536,0
Health,134725,1,0,40739,2.32,77709,251787,1
Health,14542,0,1,6398,8.13,73912,493217,0
Health,477034,0,1,50507,1.88,63096,192772,0
Health,211660,3,1,81535,5.66,45753,345737,0
Health,200236,4,1,5499,2.17,50063,160091,0
Life,413137,4,0,3114,6.69,66545,204883,0
Vehicle,224179,0,0,16455,0.86,45746,357141,0
Life,22542,1,0,37791,5.81,89581,291649,0
Financial,402838,4,1,84075,1.61,40356,352360,1
Vehicle,281668,2,0,26098,9.09,76698,342599,0
Health,228659,0,1,14134,8.71,86213,203184,0
Financial,361005,5,1,32178,0.53,70904,83666,0
Vehicle,284829,2,0,1903,4.21,87737,357301,0
Financial,435476,4,0,2466,2.32,86109,242427,0
Life,79115,0,0,2669,3.16,21807,288568,0
Financial,424507,4,1,61497,3.99,59917,330235,1
Vehicle,60321,1,1,98309,2.8,96086,326601,1
Vehicle,349382,0,0,44075,5.56,24497,169685,0
Health,13626,3,1,96661,0.26,52203,236860,0
Health,92826,4,0,21021,5.17,36715,382299,0
Life,400516,4,0,31361,3.27,60521,170524,0
Health,257370,3,0,37989,3.81,31435,421053,1
Health,14575,3,1,66154,7.94,31358,132810,0
Life,189757,3,1,69391,1.48,61372,120361,0
Health,125368,0,0,19918,7.33,98967,88120,1
Financial,474057,4,0,91665,1.25,49790,252809,1
Financial,71299,5,1,6837,1.61,45454,434636,1
Financial,147005,3,1,44967,6.51,25413,240845,1
Financial,451053,0,1,14442,7.49,28347,282283,1
Vehicle,315758,3,1,81894,8.39,48432,364919,1
Vehicle,181259,0,1,15170,0.11,78601,299764,0
Health,75990,3,1,78444,0.98,21118,183467,0
Financial,304368,1,0,70710,6.69,96935,207978,0
Vehicle,187137,0,0,73169,0.57,80098,159078,1
Life,181312,3,1,23845,3.22,55915,344067,0
Vehicle,115891,0,1,40821,9.55,57560,420499,0
Life,370451,1,0,4836,2.1,76401,137325,0
Financial,54311,1,0,7205,6.22,51352,286125,1
Health,223113,2,0,43375,1.27,67054,59242,1
Vehicle,143417,1,1,75057,5.19,88350,477042,1
Life,121087,5,0,51850,7.47,74548,240305,0
Health,341556,5,0,21330,8.73,73113,167802,1
Financial,252416,4,0,8683,3.27,97727,128275,0
Health,144556,0,0,3549,5.2,38320,136829,1
Financial,125137,3,1,11125,4.52,95426,316228,0
Financial,482244,3,0,75829,8.65,43386,391147,1
Life,31540,5,0,84936,3.74,43712,269387,0
Health,211566,0,0,64264,9.79,86220,424562,1
Vehicle,317807,1,1,67653,8.02,51109,450182,1
Vehicle,88143,5,0,96865,3.05,29044,403346,1
Financial,159315,5,1,94826,0.56,46830,448435,1
Life,289359,2,1,65012,4.68,71610,307638,0
Life,106303,1,1,58974,9.34,38341,99951,0
Health,359383,1,0,12926,6.56,25129,135861,1
Vehicle,64647,1,1,21834,1.88,75388,52834,0
Vehicle,213603,0,1,10090,2.72,44693,216591,0
Health,63945,4,0,29886,7.24,31105,152707,0
Health,164437,3,0,19882,9.38,83113,120685,1
Vehicle,165906,3,0,67283,8.85,83217,381708,1
Health,442106,0,1,48496,2.99,37668,131191,0
Vehicle,478129,2,1,60487,4.99,96728,337225,1
Vehicle,265295,1,0,83518,1.66,76298,390154,1
Life,150280,4,1,60099,4.62,98938,246565,0
Financial,145959,1,1,67438,5.03,54982,423807,1
Financial,375001,5,1,53770,6.42,43279,357957,1
Financial,155631,1,0,76146,0.63,96858,310976,0
Life,351182,5,0,39568,7.91,60992,312021,0
Health,16216,5,0,32831,9.17,22356,286878,0
Health,419997,5,1,69344,6.05,80533,64708,0
Health,55632,2,1,90124,1.4,24273,351192,0
Health,259489,0,0,5685,4.93,77257,386690,1
Financial,489563,5,0,81402,0.39,26165,185700,1
Life,151113,1,1,37846,6.76,71295,349228,0
Life,39743,0,1,17342,5.31,76442,73477,0
Financial,283901,4,1,47334,7.58,31566,52489,0
Financial,356519,0,0,6088,7.57,37333,469717,1
Health,24126,2,0,9654,8.07,79582,138032,0
Life,100984,4,0,65058,5.76,36898,286817,0
Vehicle,374201,2,0,89134,3.75,58639,240895,1
Life,153080,4,0,86920,6.79,98506,478231,0
Life,204566,1,1,73662,9.5,43478,267444,0
Health,133665,3,1,68995,0.34,81752,218285,0
Financial,401442,2,1,50686,8.75,55333,261089,0
Financial,316320,4,1,29439,6.23,93208,312491,0
Health,460560,4,1,51554,3.59,78113,217190,0
Life,282629,4,1,62254,5.52,21856,191511,0
Vehicle,389206,1,0,53130,4.67,65363,209119,1
Vehicle,260048,1,1,43001,1.53,89460,342541,0
Financial,470279,4,1,41503,4.89,71339,172844,0
Vehicle,232367,2,1,99326,8.83,37599,112267,1
Financial,205729,3,1,94404,7.64,49742,70000,0
Health,250043,5,0,87794,1.24,50572,466411,1
Health,118163,5,0,72005,1.73,72742,298905,1
Financial,295792,2,1,3909,6.92,24430,399463,1
Financial,50137,4,1,28405,1.2,46064,231828,1
Vehicle,480882,1,0,78502,0.72,28880,419266,1
Life,399435,3,1,27558,9.71,86617,243243,0
Health,419542,3,1,78443,9.97,64355,125299,0
Financial,462864,2,1,35687,8.04,46745,224169,0
Vehicle,70945,1,0,97736,8.84,32329,90295,1
Vehicle,87847,3,0,55964,6.36,39857,188347,1
Life,191042,5,0,45307,8.98,85736,95449,0
Health,268366,1,0,89247,8.59,51000,357126,1
Life,391971,5,0,60201,1.47,28365,397105,0
Vehicle,58665,2,0,45164,8.78,48701,52963,0
Financial,360732,4,0,69599,4.35,60668,476462,1
Vehicle,348918,5,0,77179,4.87,64297,416937,1
Life,428311,5,1,18783,7.55,71471,95383,0
Health,96138,1,1,90758,7.34,85668,456209,0
Financial,9649,0,1,23507,6.27,31101,335193,1
Life,204878,3,0,5177,2.04,51737,414573,0
Life,312588,4,1,21151,3.34,79208,383331,0
Financial,128231,5,1,61548,4.55,51262,413814,1
Life,432314,4,0,58175,8.78,26355,244301,0
Health,298606,3,1,2313,5.77,91128,379228,0
Life,382362,3,0,50636,6.84,71624,388281,0
Financial,190894,3,1,11891,0.77,38944,184509,0
Life,67106,0,0,31233,6.75,73038,78904,0
Life,394782,4,1,97344,9.35,43663,210104,0
Vehicle,339187,5,0,72919,1.92,41720,180743,1
Financial,101221,3,0,95805,4.86,35708,327519,1
Health,356082,0,1,21347,0.12,43617,438242,0
Life,75916,1,1,26811,7.94,41953,349039,0
Health,291407,0,0,42247,9.2,30741,188828,1
Financial,352346,5,0,55669,1.08,29287,464651,1
Health,449679,2,1,89245,9.09,38180,403492,0
Vehicle,94077,5,0,97436,2.92,67755,413724,1
Financial,239528,3,0,16499,2.37,71525,123887,0
Life,149604,5,1,40007,3.58,51337,292739,0
Financial,292216,1,1,42159,3.59,48974,192591,0
Vehicle,479577,3,0,25945,1.11,53232,380202,0
Vehicle,145326,2,1,20808,0.47,40785,302812,0
Life,371761,4,1,41741,4.51,49494,296497,0
Life,378047,0,0,8046,9.11,65478,184010,0
Life,278106,1,0,81153,1.0,55901,492114,0
Financial,435949,1,0,28056,7.72,81746,364588,0
Health,230697,3,1,6766,5.57,87445,364587,0
Vehicle,68454,2,1,75193,0.71,74999,127114,1
Financial,449876,5,0,50668,4.95,48838,399337,1
Life,63958,4,1,50168,3.64,54837,165577,0
Vehicle,411430,3,1,10314,3.96,65810,343236,0
Vehicle,109532,1,0,2343,8.08,52114,392080,0
Health,276794,0,0,92424,9.86,20196,491367,1
Financial,499831,5,0,48023,9.9,75752,356675,0
Life,124103,3,0,15939,0.68,96053,427830,1
Vehicle,122689,3,0,75120,5.41,22500,52372,1
Financial,42108,3,0,90983,0.55,83799,481029,1
Vehicle,284758,3,0,21910,6.96,98120,62015,0
Health,469630,2,0,44514,6.11,29938,447298,1
Life,234476,5,1,44943,7.58,36637,56239,0
Health,300990,0,0,75706,4.55,56871,203547,1
Life,232117,1,1,74512,4.72,64276,437036,0
Financial,153822,5,1,18500,2.66,46173,401785,1
Financial,282998,3,1,24815,8.46,45468,368107,1
Life,105319,1,0,70098,6.14,22914,288384,0
Financial,87998,0,1,50609,4.94,20453,216101,1
Financial,336421,0,1,1017,5.47,35528,114489,0
Vehicle,391019,3,1,9206,2.52,84482,128346,0
Financial,480288,1,1,19703,1.35,98008,117392,0
Financial,358342,5,1,21784,0.71,74366,245276,0
Vehicle,174036,5,1,61049,9.86,96352,474008,1
Vehicle,201914,5,1,91485,1.87,94307,427705,1
Financial,480545,5,1,29280,4.33,64494,234960,0
Vehicle,26631,3,0,56843,0.89,49067,115098,1
Life,469190,2,1,97330,4.45,56173,166759,0
Vehicle,430909,2,0,99661,7.17,45688,152232,1
Financial,182412,1,1,10902,8.21,83319,385272,0
Life,245366,4,1,93198,5.4,48200,259041,0
Life,223359,4,1,98420,1.94,72207,303086,0
Health,325188,2,0,22757,9.43,33993,77837,1
Life,453996,2,1,90160,4.07,61631,176809,0
Financial,210018,4,0,81222,6.8,90092,359752,0
Vehicle,108380,1,0,50696,2.33,97875,77310,1
Vehicle,470456,5,0,84850,4.39,62237,214202,1
Vehicle,151219,1,0,55134,3.48,79963,105260,1
Financial,412818,2,1,15638,3.09,95951,431294,0
Vehicle,149714,3,0,82577,7.04,85395,96570,1
Life,60144,0,0,33506,3.65,87953,421105,0
Health,472375,5,1,3810,9.03,98191,251796,0
Vehicle,414820,3,0,92531,3.07,87902,459095,1
Health,195788,3,0,66361,9.11,95493,78391,1
Vehicle,241384,3,1,42644,4.42,74003,229416,0
Health,258942,1,1,15057,6.74,74319,486063,0
Health,486196,4,0,70420,7.43,35184,292061,1
Health,72764,1,1,2206,0.13,90199,100993,0
Financial,62188,5,1,45365,2.71,40623,327898,1
Health,384004,5,0,27918,5.77,60639,304503,1
Financial,12441,3,1,57310,9.89,97317,358300,0
Health,323725,2,0,64386,2.9,96687,102862,1
Financial,393550,2,0,86782,2.5,34102,185160,1
Health,8928,3,0,31196,2.69,44945,364160,0
Vehicle,372208,2,0,6834,1.7,60668,198940,0
Vehicle,273919,0,1,82466,5.62,33824,492007,1
Life,52754,4,0,96418,8.7,25291,484801,0
Health,436675,3,1,15064,1.26,97963,488314,0
Vehicle,439826,1,0,8937,3.69,75650,101572,0
Life,393642,5,1,54913,6.28,48569,252436,0
Financial,432274,1,1,58117,0.85,54812,139403,0
Financial,382913,3,1,29201,7.71,75378,124000,0
Life,99327,3,1,92215,1.06,84151,182966,0
Financial,288479,4,0,3565,6.21,99061,479549,0
Vehicle,136237,0,1,17851,9.95,27847,104283,0
Vehicle,384962,1,0,45336,4.63,62644,484655,0
Financial,164490,5,0,34707,5.41,30867,255521,1
Life,446423,0,0,55636,4.66,44696,67066,0
Financial,159849,1,1,49014,0.45,44615,439785,1
Health,255028,3,0,11403,8.39,27837,347559,1
Health,485670,3,1,95338,6.2,33882,487548,0
Health,34431,1,0,21378,8.49,41454,127943,0
Health,467567,0,0,49554,2.26,47960,458314,1
Financial,259415,1,1,98189,5.94,86885,421386,0
Health,218394,3,1,46593,9.37,96577,233782,0
Life,266657,5,0,93605,6.45,82354,100579,0
Financial,291838,0,0,9799,9.12,69476,341150,0
Vehicle,318518,3,1,33582,7.21,43657,255207,0
Vehicle,168337,3,0,26671,1.51,79496,342035,0
Health,320889,3,1,75163,4.02,33418,90751,0
Health,234073,2,0,93931,9.57,23281,339713,1
Financial,57313,3,0,56109,4.88,36079,263016,1
Financial,489873,0,0,4539,2.4,39818,167991,0
Financial,80430,2,0,42455,9.76,88007,119022,0
Health,170183,4,1,93735,3.94,47482,362778,0
Financial,388063,3,0,53285,4.98,43600,280476,1
Life,386273,1,0,56087,2.92,29121,361680,0
Financial,443993,3,0,69761,0.95,82311,239356,0
Financial,308238,0,0,31224,4.53,43313,146174,0
Life,369021,2,0,75574,6.6,37737,209957,0
Life,400574,1,0,50648,5.58,82027,334794,0
Vehicle,480593,1,0,62234,9.05,51506,233099,1
Health,247532,0,1,82885,8.02,61669,54352,0
Life,288996,2,0,74313,6.51,46247,60337,0
Health,87393,1,1,26001,0.77,76233,227489,0
Vehicle,152083,0,1,52490,5.98,92707,373114,1
Financial,48087,0,1,82400,5.67,85119,202020,0
Financial,192578,2,0,47058,2.3,40809,58368,0
Life,346463,0,0,40641,9.37,87479,394651,0
Life,395094,4,0,70129,6.15,46078,90225,0
Financial,229479,5,1,25265,6.98,46855,94619,0
Health,299665,5,0,39724,1.31,46468,81992,1
Health,137359,0,0,96759,2.14,27985,259346,1
Health,25071,0,1,96102,7.53,24141,351762,0
Vehicle,20310,3,0,59784,4.22,63032,64238,1
Health,455772,1,0,57958,8.82,91591,342259,1
Health,323629,5,1,85532,0.37,46605,249794,0
Financial,11887,3,1,1034,6.13,35343,119631,0
Health,68391,2,1,70767,5.59,76406,434006,0
Financial,499646,0,0,14199,8.77,42786,478712,1
Health,377654,4,1,77266,2.42,32504,497723,0
Vehicle,72529,5,0,2235,1.68,81158,131972,1
Life,153679,0,0,79075,7.33,80415,320930,0
Life,55534,3,1,46072,5.25,86898,138460,0
Vehicle,424058,1,1,37905,7.77,25973,241551,0
Vehicle,215107,3,0,12279,6.47,52344,144976,0
Financial,485722,3,0,50725,6.63,36314,451324,1
Vehicle,68736,1,1,29600,5.66,56888,71525,0
Financial,151104,2,0,90807,1.36,55123,50962,0
Life,391631,4,0,91221,3.91,75557,330302,0
Life,253018,4,1,42038,6.62,28226,435306,0
Financial,390969,2,1,36993,2.47,98753,253372,0
Health,276347,2,0,48329,0.65,55458,400825,1
Vehicle,271853,0,1,79376,1.17,54542,465303,1
Health,243692,5,0,4549,5.1,89467,108354,1
Vehicle,365138,0,0,88506,6.84,72553,209944,1
Financial,438615,1,0,86243,0.4,69731,236639,0
Vehicle,362053,0,1,77473,4.38,59810,214615,1
Financial,354267,2,0,38035,6.36,60731,218121,0
Health,64374,4,0,67370,6.17,22185,406641,0
Vehicle,387142,1,1,5299,6.91,96379,205982,0
Vehicle,151560,1,0,36162,8.12,42618,378206,0
Financial,348926,0,0,51276,8.12,81463,481110,1
Vehicle,73009,5,0,34047,7.12,76966,87413,1
Financial,165263,1,0,65045,0.31,80787,213511,0
Financial,375768,2,0,61717,2.65,54231,390600,1
Life,340585,3,1,73862,6.25,69990,406736,0
Financial,41518,5,1,43211,9.54,33585,464700,1
Financial,96386,0,0,29858,9.29,29742,220284,1
Financial,412462,3,0,95793,9.15,30473,343309,1
Vehicle,108926,1,1,58053,5.21,77444,176395,1
Life,249604,0,1,8037,8.04,34516,209498,0
Health,8304,5,1,61948,1.18,49527,422300,0
Financial,328180,0,0,62751,0.67,47999,341506,1
Financial,336358,1,1,70856,3.85,39868,101126,0
Life,153337,5,0,83215,5.18,98230,141294,0
Financial,377096,0,0,814,0.97,88236,411972,0
Life,311099,2,1,70262,6.77,45133,259333,0
Life,160570,5,0,53120,7.63,28459,197508,0
Vehicle,46283,3,0,90609,4.67,93089,290667,1
Vehicle,220414,3,1,94131,2.67,78014,66105,1
Vehicle,214715,2,0,24521,6.51,52127,316854,0
Financial,386584,3,1,17331,3.65,90097,404791,0
Life,325906,5,0,91836,6.24,84116,394597,0
Financial,319867,2,1,3442,6.32,29085,182341,1
Life,476232,4,0,97805,5.5,56826,122071,0
Life,83582,4,1,3785,0.09,64548,378413,1
Financial,163969,5,0,41794,6.95,53584,270487,1
Financial,430664,0,1,56833,7.03,41143,401545,1
Health,375017,4,0,40620,3.11,70306,259859,1
Life,427011,4,0,14628,4.01,35040,67063,0
Financial,397821,1,1,96289,9.77,99517,428788,0
Life,491963,4,0,8531,2.17,95301,333359,0
Vehicle,33647,2,1,41132,5.86,63293,389129,0
Financial,375822,5,0,36041,0.27,85171,254725,0
Vehicle,237747,2,0,92192,2.93,30855,165653,1
Financial,484074,4,1,51767,9.77,73412,143317,0
Financial,448532,3,0,90752,6.52,63870,283467,0
Health,254938,5,0,74888,3.37,68861,406563,1
Financial,43604,2,1,14645,5.5,65323,343364,1
Life,494740,2,0,99277,1.77,36205,192770,0
Life,225535,2,0,76407,3.42,69600,57230,0
Vehicle,341773,5,1,22921,1.86,75488,417496,1
Vehicle,440635,0,0,49686,0.8,72849,99617,0
Vehicle,384364,1,0,53971,7.02,76683,493343,1
Life,290250,2,1,39279,4.58,61218,469187,0
Vehicle,302806,3,1,75499,6.77,22132,425769,1
Life,485878,3,0,49298,2.36,33483,158913,0
Financial,64591,0,0,67813,1.7,45223,294610,1
Vehicle,59229,5,0,84308,0.53,37983,94443,1
Life,457426,1,0,4820,1.93,94642,240089,0
Life,104362,4,1,51813,1.09,67859,149971,0
Financial,377405,1,1,22418,0.1,25515,191178,1
Life,157843,1,1,8444,1.43,52645,187423,0
Vehicle,7116,4,0,45403,4.08,92345,164266,1
Financial,29174,1,1,8854,6.13,35802,169934,0
Life,347149,2,1,26091,1.29,25494,284625,0
Health,432103,0,0,18604,3.53,44531,220158,1
Health,160544,5,1,49988,0.57,99106,413012,0
Health,458255,3,1,8398,6.7,81211,99254,0
Health,30973,0,1,52271,2.38,38481,449880,0
Vehicle,291741,1,0,4420,8.67,28387,437303,0
Life,269712,5,0,79287,4.09,91916,292074,0
Financial,324621,4,0,83713,1.23,60934,430568,1
Financial,28000,3,0,30711,8.54,98147,212811,0
Vehicle,390831,5,0,4932,5.26,44018,174721,1
Financial,365620,3,1,20922,1.4,94159,302870,0
Vehicle,6930,4,1,91947,6.79,21797,241575,1
Health,80585,1,0,6761,8.45,33110,332729,0
Vehicle,324643,1,0,92134,6.77,96408,435452,1
Health,200591,1,1,10148,6.4,56998,331851,0
Health,52034,5,1,63664,8.13,49105,437032,0
Life,212236,1,1,38248,0.34,28055,319141,1
Life,199096,5,1,63490,9.83,64117,429147,0
Life,194008,4,0,89040,3.48,50337,428513,0
Life,355282,0,1,56523,6.41,49369,181692,0
Financial,413905,2,0,54850,4.29,49600,396620,1
Vehicle,43826,3,1,44325,8.87,54794,92953,0
Vehicle,401043,3,1,45735,1.95,67489,462568,0
Health,105572,3,0,65847,1.53,35311,400936,1
Health,131970,1,0,47863,4.71,67920,267309,1
Health,76150,3,0,89355,4.88,58445,225560,0
Vehicle,362383,5,0,67670,9.32,98846,283526,1
Life,176345,5,1,29398,1.95,20755,57824,0
Financial,55715,5,1,27286,1.34,68586,84078,0
Health,447258,1,1,66466,6.61,60780,419380,0
Health,330489,3,1,89713,5.97,85766,141236,0
Vehicle,257185,2,1,98271,1.42,63273,336019,1
Financial,270694,2,1,4608,1.54,32907,261875,1
Financial,461151,5,1,54183,6.95,99163,54921,0
Vehicle,272084,0,1,64473,6.79,75651,277202,1
Life,166407,0,1,9911,3.28,30610,392916,0
Vehicle,17489,0,0,95902,7.26,40170,259125,1
Health,202665,1,0,44381,8.55,75501,191331,1
Financial,432401,1,0,28649,1.72,22114,406252,1
Health,447856,1,0,88883,2.44,83251,475445,1
Financial,92397,0,1,38217,4.9,50768,285676,1
Vehicle,317370,0,0,15843,5.26,77857,413480,0
Vehicle,51706,1,0,10269,0.69,34008,292010,0
Vehicle,488371,1,0,37838,3.77,89462,189539,0
Life,230580,4,0,68415,5.64,62246,304032,0
Vehicle,178844,1,1,50518,3.66,32189,204212,1
Health,493481,5,0,45751,0.08,43236,495147,1
Life,99108,5,0,89306,5.08,72409,453103,0
Vehicle,294621,3,0,82415,6.05,54975,223618,1
Vehicle,181256,3,1,77385,2.81,24997,352461,1
Vehicle,461267,3,0,4094,3.86,21139,190469,0
Financial,467000,3,0,65658,5.54,60453,373479,1
Life,305518,0,1,55997,7.67,69563,429609,0
Vehicle,293585,1,0,4828,0.52,40520,259419,0
Life,431778,2,1,43441,1.43,51115,316761,0
Vehicle,85385,4,1,81544,1.15,77230,158540,1
Vehicle,439263,4,1,88850,5.31,56262,93597,1
Health,385614,3,1,15652,0.77,27597,394154,0
Financial,456519,2,1,40154,0.75,93492,414171,0
Life,26314,4,0,78551,1.14,52446,90406,0
Financial,403309,3,1,68404,5.01,36818,185769,1
Health,79538,4,1,49747,7.96,49647,473565,0
Life,442340,3,0,50201,6.56,70833,259844,0
Vehicle,88656,1,1,27164,2.14,46798,254482,0
Health,81847,3,1,30242,7.66,74304,350023,0
Health,358065,4,0,84970,6.95,37247,375628,1
Financial,298247,4,1,93844,9.46,57183,222773,0
Vehicle,391745,0,1,75090,2.87,31667,333288,1
Life,292090,1,0,6882,7.95,47205,498340,0
Life,247058,3,1,87648,1.21,43507,160117,0
Vehicle,392519,4,0,85311,9.52,35630,167889,1
Vehicle,117450,1,0,3953,5.86,50301,444765,0
Financial,98397,1,1,21103,8.62,42022,388318,1
Life,144812,1,0,16815,0.36,91608,345800,1
Health,351920,0,0,64618,2.01,34739,243372,1
Vehicle,120641,1,0,18115,9.35,96029,99005,0
Health,378032,4,0,1591,3.9,55236,233748,1
Life,358169,0,1,5166,9.08,26350,313373,0
Health,45506,3,1,35024,0.67,97512,487766,0
Life,176933,3,1,97627,9.34,84822,303946,0
Financial,41522,3,0,25121,1.83,92854,264523,0
Life,114595,0,0,66815,3.54,20160,167684,0
Health,176276,3,1,3900,2.54,86545,218107,0
Health,257110,1,1,43636,6.43,97444,164312,0
Health,162082,2,1,50492,1.31,37445,251207,0
Health,14494,1,1,75326,1.0,90442,433901,0
Vehicle,117234,5,0,94868,2.15,98364,405795,1
Vehicle,476359,3,0,92911,0.65,28799,495894,1
Health,404201,5,1,8257,2.02,42722,260820,0
Health,454920,4,0,87734,9.57,69803,128944,1
Health,284281,5,0,71433,8.91,60757,135085,1
Financial,223113,3,1,9554,2.72,78098,256400,0
Health,441825,1,1,66942,3.72,34515,436871,0
Health,233446,3,0,239,4.26,41241,303420,1
Life,85531,2,0,58874,1.07,23985,358388,0
Health,406469,4,0,3043,3.46,83271,170340,1
Health,392148,4,0,87819,9.07,75205,356512,1
Vehicle,485637,0,1,58795,6.99,68404,428396,1
Health,385793,3,1,56835,5.79,83757,336401,0
Health,323661,0,1,72658,0.53,91487,316124,0
Vehicle,28319,3,0,79357,5.6,87412,239392,1
Financial,473105,1,1,54298,3.93,91005,496283,1
Vehicle,196624,2,1,48419,3.88,43238,99956,0
Financial,242510,1,1,63313,6.66,81901,351178,0
Life,15103,5,0,5646,4.14,76624,105992,0
Financial,305336,1,0,29844,3.37,22200,473595,1
Financial,257207,4,1,57976,3.94,58066,412182,1
Health,352960,0,1,97680,6.46,30260,483002,0
Life,192619,3,1,61203,0.78,27570,201234,1
Health,186077,2,1,92328,2.11,46000,303189,0
Health,112045,1,1,86938,5.51,97729,388587,0
Vehicle,235519,5,0,70587,0.52,47134,209836,1
Financial,445942,2,1,29046,8.56,85928,126670,0
Life,367603,0,1,14281,6.19,54979,271840,0
Life,443026,2,0,82686,0.45,53219,344938,1
Health,431533,3,0,94317,7.26,48594,244664,1
Vehicle,396238,5,1,27257,4.28,66383,392369,1
Health,28929,5,1,54378,0.5,33316,139165,0
Health,94048,0,1,16205,3.28,79079,449120,0
Vehicle,340917,3,0,95277,5.64,51115,485648,1
Health,140550,1,0,61715,2.25,90996,103704,1
Health,34147,4,0,25221,7.75,61034,122732,0
Health,323608,0,0,21266,7.61,31463,430421,1
Vehicle,137664,4,1,62855,3.39,48784,363201,1
Financial,431454,5,1,73478,8.97,56049,447314,1
Health,11291,5,1,25378,0.9,59916,384832,0
Financial,294995,1,1,45469,5.02,54577,256761,0
Financial,339161,2,1,20038,4.5,41127,212991,1
Vehicle,282983,4,0,73443,2.36,35233,239520,1
Life,91463,3,1,51436,6.8,95469,310590,0
Life,472608,3,1,87421,4.93,35634,289704,0
Life,73217,3,0,86327,6.77,61267,183891,0
Health,408677,4,0,52467,7.39,37610,248940,1
Vehicle,218929,5,1,33432,0.46,37303,174322,1
Financial,22661,4,1,85370,1.88,58801,73016,0
Financial,128168,2,1,59414,4.86,26889,355787,1
Health,491873,2,1,25274,1.37,24829,408484,0
Financial,435226,4,1,44292,1.93,70502,342481,0
Financial,446781,4,1,56214,7.23,75376,249414,0
Financial,84888,2,1,86269,7.18,63236,86366,0
Vehicle,495548,3,0,63036,1.07,92670,106174,1
Vehicle,6930,5,1,8010,9.14,55251,81111,1
Vehicle,448150,3,0,19914,4.08,92933,173967,0
Life,207045,0,1,73109,1.38,85078,265573,0
Life,225991,1,0,30288,6.78,74576,490672,0
Financial,62690,2,1,56927,0.71,96280,296598,0
Vehicle,243700,1,0,90957,3.11,83230,339975,1
Financial,329061,4,0,37467,0.42,78913,135287,0
Financial,376443,2,0,4973,8.6,33882,122601,0
Financial,401831,1,0,64734,0.32,22897,177387,1
Life,391041,0,0,74680,4.69,32247,238688,0
Life,359384,4,0,35450,1.62,53362,409549,0
Life,425508,3,1,7895,8.58,66967,472147,0
Health,143870,0,1,22524,0.36,99350,266819,0
Vehicle,275722,3,0,35381,7.31,32713,391570,0
Life,70034,4,1,15550,8.6,82347,185904,0
Financial,101925,4,0,1730,2.73,25363,373555,1
Health,444321,1,0,88892,4.26,27441,429349,1
Vehicle,209869,4,1,66589,7.64,41471,116280,1
Health,22790,2,0,4039,5.73,44005,286335,0
Health,301458,0,0,94887,1.84,36352,112165,1
Health,258243,1,1,52847,9.31,25434,167080,0
Financial,165368,5,1,95128,0.51,35237,474958,1
Vehicle,345262,4,1,91419,7.34,94380,234800,1
Life,213018,0,1,3446,4.93,61467,486394,0
Financial,278250,5,0,38657,0.35,71415,69883,0
Health,164341,5,0,55110,9.89,90752,186017,1
Vehicle,239659,5,1,74871,6.54,29987,214423,1
Health,59569,0,0,99467,0.68,62201,242173,0
Health,60664,2,1,86663,7.01,65968,379301,0
Health,30704,5,0,34300,1.44,21051,394239,0
Vehicle,171029,0,0,99066,3.41,34749,71491,1
Health,202935,5,0,86282,1.14,26703,305474,1
Financial,395617,2,0,95799,4.58,87902,53184,0
Financial,477749,5,1,23621,5.05,36451,155211,0
Life,395670,5,1,5729,7.04,51188,175938,0
Health,137094,4,1,98970,6.46,85873,349459,0
Health,294600,2,0,23687,0.08,29295,397181,1
Life,121432,1,1,66597,6.92,66867,411996,0
Health,295342,2,1,65660,1.38,81001,493265,0
Financial,369782,3,0,86660,2.09,96865,454452,0
Financial,381311,5,1,32271,7.75,68778,481241,1
Life,334212,3,1,28530,1.04,40649,227766,0
Vehicle,427017,1,1,14345,6.93,70815,74100,0
Health,295078,1,1,73064,5.96,31521,457201,0
Vehicle,283306,2,1,12007,1.75,28049,196130,0
Life,115564,5,1,60903,2.37,22264,235046,0
Life,89450,5,0,44496,9.43,60981,239448,0
Life,86924,5,0,56293,2.35,29094,167315,0
Financial,272028,2,0,28179,4.28,40644,497923,1
Financial,394746,1,0,89398,8.95,74579,51434,0
Life,21501,4,1,41819,6.83,86038,441360,0
Financial,380432,0,0,61168,9.09,41144,152767,0
Financial,179307,5,1,18241,6.21,74816,237151,0
Health,349773,5,1,6154,2.5,36062,384457,0
Financial,11444,2,0,68474,4.03,85875,288214,0
Life,248652,2,0,8132,6.01,64177,140448,0
Life,129535,4,0,89506,6.5,28135,163198,0
Vehicle,352836,2,1,49667,8.34,70011,337386,0
Health,145495,1,1,74759,3.7,48968,214568,0
Financial,38508,4,1,84249,8.37,57475,404340,1
Life,200791,4,1,57675,6.11,70838,163533,0
Health,434771,0,0,15455,5.51,98640,151023,1
Vehicle,418651,2,0,32028,6.22,39086,280278,0
Life,140546,2,0,63213,2.42,29171,121665,0
Life,123129,1,0,40593,3.15,77774,375477,0
Life,228678,2,0,24769,2.16,79596,51283,0
Financial,94609,0,1,29889,7.83,92124,253856,0
Financial,422423,4,1,87162,3.33,26062,264388,1
Vehicle,71927,1,0,53890,6.5,64797,145061,1
Financial,432677,4,1,74891,8.77,72475,331670,0
Life,361106,0,1,8830,4.24,78496,410455,0
Vehicle,176526,0,1,61854,4.64,80946,301365,1
Financial,95509,0,1,34120,9.62,33030,108789,0
Health,449038,4,0,92887,1.14,42226,343343,1
Financial,170393,3,1,71280,6.31,22870,59129,0
Life,339787,4,1,74924,8.17,80135,458257,0
Financial,8732,5,1,73312,4.47,46391,325443,1
Vehicle,434585,3,0,81204,0.24,70554,337634,1
Life,436460,1,1,2109,6.33,45816,206861,0
Financial,139483,4,1,12836,0.84,20564,416511,1
Health,25160,1,1,65125,1.9,40801,376366,0
Vehicle,30331,4,0,3053,8.72,86341,279204,1
Financial,142610,3,0,81093,5.0,87891,449093,1
Vehicle,59502,0,0,50030,9.46,60827,463144,1
Vehicle,468638,1,1,48290,3.07,51466,159587,0
Vehicle,128618,1,1,24701,3.16,95263,276370,0
Vehicle,48252,3,0,22161,1.3,34168,469460,0
Vehicle,439811,2,0,14440,0.67,50480,226276,0
Financial,338066,3,1,90731,2.18,82429,430638,1
Life,335694,2,1,95711,8.65,75236,472705,0
Financial,473252,3,1,78772,6.6,34475,234506,1
Vehicle,259676,2,1,16303,5.77,84061,189142,0
Financial,205035,1,1,86100,5.88,38055,55969,0
Financial,121555,1,0,13076,6.54,77573,449761,1
Life,479698,0,1,96426,6.94,91389,309953,0
Health,217036,3,0,73207,8.13,53328,388090,1
Financial,449329,5,1,97771,3.3,32937,56020,0
Health,233503,3,1,13417,9.86,85166,238039,0
Financial,198321,2,0,59292,4.65,92547,61005,0
Vehicle,350375,2,0,43842,5.68,21435,70563,0
Health,146540,3,0,91475,2.67,71707,307800,1
Life,403504,5,0,40109,8.94,36425,68966,0
Vehicle,170750,3,1,1365,3.94,21302,465168,0
Financial,47038,2,1,63815,6.52,57135,75068,0
Health,452436,1,0,45707,7.77,27013,273441,1
Health,347051,2,1,95642,5.62,72587,158358,0
Financial,403552,3,0,13092,4.54,77990,279357,0
Health,484331,2,0,19132,9.85,65476,53511,1
Life,253824,1,1,12647,5.91,87952,289847,0
Vehicle,447894,5,0,25001,9.68,45244,135901,1
Vehicle,89558,2,0,65195,3.16,33494,475900,1
Life,8832,3,1,33760,8.5,71588,169425,0
Life,475431,5,1,54785,0.35,82775,369485,1
Health,379088,0,0,38858,8.41,23696,218689,1
Financial,284541,0,1,11031,0.94,62184,361731,1
Vehicle,135480,4,0,20303,8.1,64452,135800,1
Financial,300955,0,1,59538,4.79,70477,137669,0
Life,95416,1,1,71022,9.93,55378,101437,0
Vehicle,97280,4,1,93393,5.83,29293,141426,1
Life,216080,2,1,26037,0.95,90215,240264,1
Health,433715,2,0,94848,3.45,58862,96731,1
Financial,266233,1,0,83549,2.13,94301,292669,0
Financial,318411,5,0,17376,7.93,72863,53828,0
Health,367327,0,1,98389,1.2,39666,472417,0
Health,158875,3,0,51707,3.28,53167,143405,1
Financial,450598,3,0,78140,3.25,37925,123329,0
Life,168436,0,0,37625,2.02,55242,185195,0
Health,136221,5,1,50517,4.14,88078,359060,0
Financial,315923,5,1,24052,0.94,25408,443996,1
Vehicle,87817,1,1,4678,8.35,79777,84484,0
Financial,456476,3,1,56270,0.03,26846,171127,1
Life,150883,3,0,94119,7.15,29082,205621,0
Vehicle,296722,0,1,23741,1.04,23508,106082,0
Financial,494519,4,0,165,1.97,67513,176639,0
Life,401782,3,0,99701,0.49,39611,220471,1
Health,219773,1,0,13724,7.58,91195,203701,1
Financial,25942,3,1,15526,4.25,26585,455731,1
Vehicle,278455,1,0,27388,5.83,59648,383460,0
Financial,211751,3,0,61598,9.42,81447,212462,0
Vehicle,223084,4,0,65000,8.12,87810,188053,1
Life,112258,0,1,72458,6.67,44612,329974,0
Financial,166722,1,0,4117,4.44,20923,260227,1
Health,226106,0,0,10314,9.62,73551,290726,1
Vehicle,484929,3,1,42551,1.8,59398,292884,0
Vehicle,106383,4,0,43838,6.02,38267,116093,1
Financial,152897,1,1,54416,0.52,97172,99900,0
Financial,55634,2,1,7544,9.52,75270,283853,0
Life,221196,1,1,11072,7.69,87677,418408,0
Financial,28109,5,1,17863,4.11,57154,79265,0
Health,378093,1,1,996,8.38,44681,283667,0
Health,449106,4,1,8613,4.3,65728,296367,0
Financial,444275,1,1,72677,1.14,23515,107026,0
Financial,340720,5,0,12678,3.76,25460,280161,1
Vehicle,50278,1,1,52487,1.96,64186,423436,1
Health,314100,4,0,3848,8.47,65969,166485,1
Health,440275,1,0,72823,3.82,73399,70602,1
Health,260027,2,1,39639,2.6,25944,449920,0
Life,127846,4,0,45246,6.65,98505,288941,0
Vehicle,7673,1,1,95060,8.55,66345,356891,1
Life,287652,0,0,53843,4.91,34595,205327,0
Life,181030,3,1,82721,5.77,94739,458930,0
Health,327946,5,0,83782,0.81,53570,88061,1
Life,102739,1,0,28985,1.88,22920,481134,0
Financial,428458,2,1,25516,2.89,58057,239724,0
Life,382339,3,1,15656,6.83,60580,85613,0
Health,275781,4,0,69040,7.21,79888,198233,1
Health,58830,5,1,88279,0.69,70087,442058,0
Life,487848,0,1,25763,4.76,58847,421544,0
Vehicle,65417,2,0,64209,4.84,65466,486533,1
Life,116628,2,1,24355,0.16,58430,386216,1
Vehicle,157018,5,1,27499,6.45,35007,324601,1
Financial,25570,4,0,54403,9.45,83844,158562,0
Financial,54860,2,1,1191,1.22,34798,204107,1
Health,464467,5,0,28033,0.56,33474,450652,1
Vehicle,250736,3,1,25184,2.76,23190,445389,0
Health,13889,2,1,7422,1.37,92867,397512,0
Vehicle,455005,2,0,16846,4.71,96132,360533,0
Health,7524,4,0,65993,9.59,77346,214581,0
Financial,248546,2,1,69984,1.92,90905,480328,1
Health,314023,4,1,2365,8.09,71371,285341,0
Vehicle,397245,0,0,62989,0.13,59657,225912,1
Vehicle,56361,3,1,21351,6.11,68542,274847,0
Life,471565,0,0,19388,1.08,40785,436845,0
Financial,88717,2,0,79318,3.03,48898,102961,0
Health,185634,3,1,93500,3.92,95806,225731,0
Vehicle,246478,3,1,64947,4.71,93878,246836,1
Vehicle,82529,4,1,3585,3.42,47031,334535,1
Vehicle,362041,2,1,47850,3.03,64112,218418,0
Life,218575,1,1,74330,9.82,61201,269646,0
Life,77695,1,0,18399,1.45,46765,183504,0
Life,220567,0,1,72106,9.18,74407,322526,0
Health,433424,3,0,378,2.82,81477,405354,1
Life,211733,3,0,6370,4.21,49205,492691,0
Financial,355929,5,1,62615,9.62,88152,53925,0
Health,457937,2,1,71106,5.33,87020,210107,0
Life,424778,0,0,89650,0.83,23600,365424,1
Vehicle,290682,5,0,36076,5.33,96721,452509,1
Financial,19511,5,0,27058,4.51,77445,262652,0
Life,257860,5,1,76755,7.67,37609,280444,0
Vehicle,20630,3,0,16681,3.02,43633,162611,0
Health,307997,5,1,83123,4.24,84408,406631,0
Financial,488187,2,1,90033,9.51,51313,456511,1
Life,330082,3,1,79519,9.7,47692,86085,0
Vehicle,12232,1,1,33165,8.72,75399,336338,0
Financial,117699,0,1,19481,3.15,27422,256223,1
Life,178043,4,0,11860,1.1,44903,111119,0
Financial,371085,4,0,7990,6.89,48230,57356,0
Life,80360,0,1,60971,4.19,35380,79890,0
Health,162989,3,1,33171,8.65,46797,71083,0
Vehicle,258926,1,1,61494,6.54,83141,303107,1
Vehicle,305006,1,1,69722,5.7,28276,497831,1
Vehicle,387602,1,1,25146,6.42,46505,475594,0
Life,410964,3,0,95578,6.24,76460,331496,0
Vehicle,56179,4,1,38089,8.09,50920,402976,1
Life,85237,1,0,48110,5.45,83067,276619,0
Financial,232037,5,0,97949,1.95,45139,176469,0
Health,189205,3,0,47152,1.59,37922,317683,1
Life,436509,1,0,45378,6.25,78803,232991,0
Vehicle,276935,2,1,64879,2.01,25774,400988,1
Vehicle,390917,1,0,30622,4.13,37572,198007,0
Financial,147902,0,1,67257,9.67,28105,162659,1
Life,426366,2,0,9229,4.24,36676,330354,0
Health,146685,3,0,23405,9.3,28530,98582,1
Health,218607,5,1,86619,6.09,40463,84497,0
Life,245259,3,1,50162,1.9,51531,362739,0
Health,233267,4,1,26029,2.26,55450,394521,0
Health,482147,1,1,14162,1.28,44245,459158,0
Financial,238831,1,0,1956,1.16,85006,377551,0
Health,391344,1,1,98625,5.4,76623,117283,0
Vehicle,151199,3,0,38984,0.18,85913,141881,0
Life,441377,4,0,38341,9.55,21282,135997,0
Life,49624,5,1,9707,2.99,51085,155092,0
Life,466334,0,1,47234,2.71,70525,201575,0
Health,385219,0,1,78986,3.8,84877,272881,0
Financial,63484,5,0,98101,5.83,39746,76907,0
Life,299658,5,0,62440,4.71,77168,333825,0
Health,306947,2,1,84569,9.26,65088,169265,0
Health,11094,5,0,19302,7.04,82223,195816,0
Financial,158760,2,0,60758,8.9,84316,68689,0
Vehicle,328586,3,1,84622,3.97,34702,147290,1
Life,250391,4,1,35095,3.59,67457,477988,0
Life,405001,1,1,82546,7.04,51268,393787,0
Life,470871,5,1,66434,4.39,71318,217773,0
Vehicle,491750,3,1,35253,0.28,71278,170250,0
Vehicle,45112,2,1,89852,7.62,99112,284945,1
Financial,192403,4,0,83244,2.34,99996,421513,0
Financial,180903,0,0,46227,4.93,35844,302821,1
Vehicle,417866,2,0,85699,5.62,31071,317160,1
Vehicle,187353,0,1,22904,1.25,37673,204834,0
Health,240609,4,0,63976,4.13,59864,281642,1
Life,13414,1,1,60140,6.01,55588,129960,0
Health,45980,0,0,4144,7.78,73906,479324,0
Life,322725,2,1,82212,1.1,49143,90187,0
Vehicle,73463,4,0,27465,6.5,87482,428373,1
Vehicle,235720,2,0,2535,6.92,56382,144944,0
Life,182270,0,0,19738,8.7,26930,117168,0
Financial,293079,4,0,69217,6.45,70160,202640,0
Life,437271,1,0,21072,5.3,47940,59833,0
Financial,51526,0,1,60205,0.9,77589,145535,0
Vehicle,40849,4,0,38440,5.19,23378,211764,1
Life,208055,1,0,97650,2.89,79631,266424,0
Health,73673,4,0,4729,5.45,89087,359194,0
Life,192850,2,0,43482,3.77,37439,228808,0
Life,386714,1,0,31786,7.65,94388,438587,0
Vehicle,164398,0,1,84412,2.94,44308,125017,1
Vehicle,291634,4,0,38652,7.1,46411,120881,1
Financial,217818,1,0,16969,7.4,73221,490546,1
Life,384593,4,1,28943,6.19,77575,364640,0
Vehicle,456274,0,0,87050,0.62,98211,145716,1
Financial,462842,2,1,63428,9.02,31038,415004,1
Health,277194,0,0,47177,0.38,26039,310659,1
Life,289787,4,1,49961,4.49,52341,287251,0
Vehicle,304434,2,0,63946,5.91,92830,486062,1
Vehicle,99950,2,1,92621,4.98,80384,337227,1
Financial,271038,3,1,64558,5.68,39120,178126,0
Health,334959,2,0,5296,0.51,88898,103844,1
Financial,399328,4,0,37359,1.24,42798,182475,0
Health,42026,2,0,67563,4.37,66483,196988,0
Financial,33495,5,0,54769,5.85,57398,77436,0
Health,87751,4,0,6943,2.62,98398,370436,0
Life,257827,3,0,1862,8.04,47266,365813,0
Vehicle,28119,0,0,9170,7.52,40113,323585,0
Life,468163,5,0,88235,1.84,82436,188508,0
Health,391698,4,0,5654,2.76,76041,402939,1
Financial,87161,1,1,80247,2.97,85650,369817,0
Financial,275570,3,1,64600,9.64,78343,440822,1
Health,300362,3,1,79929,0.82,82542,167754,0
Life,320335,1,1,2458,1.43,70078,73822,0
Life,380988,2,1,92815,7.76,54934,380678,0
Life,211988,0,1,66750,8.82,36841,244804,0
Health,110315,2,1,53559,3.5,60187,420912,0
Life,72076,5,0,59689,3.75,85303,382579,0
Life,93798,2,1,60500,2.45,87159,406605,0
Health,423479,0,0,33251,9.0,82393,374509,1
Financial,479654,3,0,95961,7.33,38211,105423,0
Vehicle,202792,4,0,7070,7.21,81051,309908,1
Financial,473164,1,1,38679,5.6,28684,452919,1
Vehicle,296741,4,0,80243,8.21,89650,396951,1
Life,202603,2,0,43404,5.29,73150,272809,0
Life,218184,1,1,8891,0.79,99401,460024,1
Life,127763,4,0,10360,0.89,59325,368101,1
Life,305895,0,1,76639,4.65,87667,382200,0
Life,222148,2,1,11273,3.66,83638,466247,0
Vehicle,385010,3,0,69042,3.21,24843,343380,1
Financial,460888,1,0,9944,7.53,54790,89151,0
Vehicle,417072,3,1,53846,6.7,76818,255204,1
Health,210002,0,1,12152,5.8,26665,466171,0
Health,329311,5,0,59285,7.26,22800,87313,1
Financial,113018,3,0,33011,3.08,59564,234824,0
Vehicle,341256,5,1,6365,7.57,57249,217826,1
Vehicle,331121,2,0,78534,5.38,85324,225332,1
Financial,79795,1,1,80408,0.39,26385,180124,1
Vehicle,259979,4,1,42192,0.27,41332,482690,1
Life,177830,0,0,86578,5.89,27650,290633,0
Life,487301,5,1,50110,8.65,37727,395699,0
Life,136509,4,1,31308,0.12,33918,155364,1
Health,277188,4,1,79742,6.37,93521,201598,0
Financial,259697,4,1,37142,2.85,73555,351511,0
Financial,165991,5,0,23581,0.75,90861,344805,0
Financial,457359,1,0,65641,5.88,78782,138714,0
Vehicle,223375,5,1,58768,3.97,43422,368737,1
Health,149736,2,0,91852,6.16,81780,258937,1
Life,118475,5,0,91574,4.55,42949,176449,0
Vehicle,495663,4,0,82437,0.08,66752,109088,1
Vehicle,328156,0,1,45404,4.15,66155,79489,0
Vehicle,361555,0,1,9007,4.55,35225,356237,0
Vehicle,197779,3,0,19985,8.48,35646,327828,0
Vehicle,310330,1,0,24280,7.9,25055,245591,0
Vehicle,357504,2,0,5602,5.76,39103,244917,0
Life,253082,1,1,87846,0.94,74480,256754,1
Financial,146816,0,0,78996,7.79,71213,328334,0
Life,271998,5,0,50002,5.11,60307,428405,0
Vehicle,428355,1,0,85595,6.03,91570,149033,1
Financial,233086,0,1,72404,8.32,57433,174116,0
Vehicle,111148,3,0,32611,9.17,82839,123553,0
Life,415141,4,0,80072,3.49,25615,141300,0
Life,387251,0,1,50301,4.1,76265,344521,0
Vehicle,254081,1,1,53140,9.11,27102,82635,1
Vehicle,450843,0,1,82923,0.75,62258,427183,1
Vehicle,240280,0,0,58262,2.95,87253,345762,1
Health,87470,2,0,77878,5.19,38831,418671,0
Life,139358,1,1,56869,3.9,64000,406118,0
Financial,271337,3,0,50527,8.23,59804,66672,0
Vehicle,237305,4,1,73970,9.79,81535,410499,1
Vehicle,376349,0,1,75375,1.82,69952,131391,1
Health,212975,1,1,18363,3.51,94068,66087,0
Vehicle,318505,1,1,82849,2.89,33840,321348,1
Life,423231,3,1,34197,3.36,73097,65750,0
Health,38391,4,1,20274,5.78,46494,463803,0
Vehicle,181449,4,1,2671,6.75,53239,272047,1
Health,427252,0,1,4677,1.65,82517,158987,0
Life,258505,0,1,96322,2.3,38585,269224,0
Financial,19868,0,0,82890,2.18,64514,411151,1
Vehicle,18722,3,0,43788,6.59,45191,220437,0
Life,406041,0,0,5827,4.46,20197,108340,0
Life,202440,0,1,31849,8.3,70864,302151,0
Financial,197352,1,0,40899,9.39,35920,413063,1
Vehicle,238972,0,0,70145,9.65,62964,305972,1
Life,145643,1,0,44042,5.11,91183,386610,0
Vehicle,278875,1,0,73191,0.93,33088,204008,1
Life,205741,5,0,82899,8.56,58221,411698,0
Financial,62093,1,0,3663,3.52,88219,421569,0
Life,23669,2,0,69789,8.12,41062,77119,0
Life,28443,3,0,75282,4.43,64054,344612,0
Health,477325,1,0,92762,3.13,55666,393868,1
Financial,127259,2,1,2160,8.21,85410,336002,0
Life,296783,3,1,10609,2.94,99835,135209,0
Health,342800,2,0,59995,1.53,24169,268996,1
Health,12772,5,0,48515,4.24,32381,287221,0
Life,337379,0,1,14158,5.95,30443,65351,0
Vehicle,209673,1,0,20187,9.43,70652,441299,0
Vehicle,343660,5,0,62388,8.19,63370,283712,1
Financial,263826,1,1,70154,9.31,99966,163885,0
Life,169961,2,1,12884,3.83,25937,193490,0
Health,447633,5,0,53924,3.06,55546,152915,1
Vehicle,160201,5,1,74063,9.9,58537,316623,1
Financial,265803,1,0,9804,8.28,58953,359826,1
Vehicle,119154,1,1,26824,4.98,40711,302881,0
Financial,227845,3,1,91788,3.8,53190,82021,0
Health,338060,2,1,55245,5.23,22873,72470,0
Life,89454,4,0,23735,8.42,95609,404831,0
Life,499649,1,1,92273,8.55,56933,219662,0
Life,52398,3,0,89072,1.36,27654,183916,0
Health,236742,1,0,55169,4.48,31456,426313,1
Health,83976,5,1,54893,3.05,81634,445772,0
Financial,462929,1,0,91417,1.39,79200,208610,0
Health,249226,1,0,13732,4.7,81441,396846,1
Health,338802,1,1,95177,4.17,53282,390077,0
Vehicle,436389,2,1,23557,8.2,42072,277205,0
Health,281647,2,1,8924,1.36,99131,365492,0
Financial,387632,2,0,67045,8.06,88258,443170,1
Financial,181430,3,0,3192,6.21,30367,252534,1
Vehicle,78670,0,1,90315,7.77,70505,397100,1
Vehicle,269207,3,1,92029,6.46,35535,320052,1
Vehicle,412037,5,1,35243,4.19,44289,63828,1
Financial,391936,1,1,63167,1.04,98860,108946,0
Health,119454,4,0,17029,6.64,49013,403167,1
Health,309210,0,1,68922,9.76,91217,254453,0
Health,351051,5,0,3615,9.69,78660,92228,1
Health,288366,2,0,83425,0.25,60608,325543,1
Health,322701,4,1,95402,6.62,95453,370120,0
Financial,316748,2,1,72253,9.59,78191,109212,0
Health,242914,3,1,48152,0.04,87316,261012,0
Life,357568,0,1,93555,5.67,26922,137644,0
Vehicle,214359,0,0,57800,9.3,86165,166948,1
Financial,8369,4,1,57528,7.2,79699,110140,0
Financial,173292,1,0,60856,3.23,43954,151867,0
Health,232180,3,0,69490,6.66,57127,348553,1
Vehicle,213387,0,0,84019,1.07,52488,309172,1
Vehicle,52699,3,0,5468,0.43,88167,126324,0
Financial,388297,4,1,25692,3.57,68524,50016,0
Financial,452801,1,0,33133,8.62,74132,174066,0
Financial,254350,3,1,72399,5.6,66021,332076,1
Vehicle,9452,0,0,27092,6.32,28082,84797,0
Health,253315,5,1,99851,5.4,85346,263993,0
Financial,237622,1,1,7402,6.7,38408,247248,1
Health,381931,2,1,38038,2.92,32350,177547,0
Health,26206,0,1,78840,8.37,24256,301777,0
Life,399911,4,0,37383,9.53,75282,169855,0
Financial,480615,3,0,87275,9.97,42932,475592,1
Health,16008,5,0,55861,4.88,90515,234777,0
Vehicle,309592,5,0,61377,9.18,34497,416667,1
Vehicle,243656,3,1,82835,7.67,35998,356007,1
Financial,95088,2,1,28868,7.31,25101,228413,1
Life,369966,2,1,100000,3.36,83659,60961,0
Vehicle,453308,2,0,12094,9.34,56988,353864,0
Life,138874,0,1,58543,5.0,54150,480879,0
Financial,340684,2,0,3521,5.92,98797,466177,0
Vehicle,60930,2,0,84780,9.21,78662,233236,1
Vehicle,345277,3,1,7266,2.25,82248,402117,0
Life,444380,4,0,44381,0.76,79337,218845,1
Health,206322,5,0,74086,3.83,92306,418922,1
Financial,221329,2,1,6727,7.33,39007,436858,1
Health,308380,1,1,63373,5.8,74687,61928,0
Financial,90526,3,0,41082,7.09,88110,207808,0
Health,248655,3,1,89717,3.01,33854,262754,0
Health,226102,0,1,39779,3.75,31111,327863,0
Vehicle,117621,1,1,15715,2.71,57288,398394,0
Vehicle,235489,5,0,16416,2.98,41197,384403,1
Health,413066,1,1,69996,3.21,76892,278218,0
Health,64547,3,0,51112,4.76,34069,345189,0
Health,49172,0,1,36504,1.72,54736,142638,0
Life,427842,3,1,50628,2.8,87570,134293,0
Life,487265,0,1,62655,4.93,84439,92594,0
Health,380145,2,1,55973,0.35,99942,286016,0
Vehicle,177279,1,1,70517,7.09,40143,63489,1
Health,427097,3,0,24512,8.55,42596,203434,1
Vehicle,178233,5,1,87002,0.38,93871,417077,1
Vehicle,412565,2,1,58745,9.79,25934,134157,1
Health,119733,5,0,4784,9.19,68217,301846,1
Health,98585,0,1,55768,4.37,93826,89958,0
Financial,364750,3,1,57922,1.32,81159,322746,0
Health,52200,5,0,74666,0.66,39955,151181,0
Health,331435,3,0,23715,9.83,43240,96041,1
Health,495526,4,1,55183,1.79,24524,408906,0
Health,13693,4,1,90849,9.4,37537,455435,0
Life,57039,5,1,28136,8.39,38848,193170,0
Health,420772,2,0,2041,1.56,71054,386441,1
Vehicle,426755,2,1,38023,2.65,63197,327689,0
Vehicle,182229,5,1,33339,0.82,61701,280760,1
Vehicle,378903,2,0,95801,1.02,98078,90046,1
Vehicle,344856,3,0,9350,7.24,80586,164726,0
Health,113621,3,1,16445,6.37,35902,209707,0
Vehicle,466215,4,1,15684,8.04,52200,103000,1
Vehicle,127359,4,0,89997,9.71,45153,199380,1
Vehicle,301492,3,1,54849,0.69,94940,200836,1
Financial,169188,0,1,38535,0.58,46860,191353,0
Health,346895,4,0,23893,8.38,67908,263843,1
Financial,80364,3,1,10251,2.59,25329,341788,1
Health,213807,2,1,44751,1.95,30941,90423,0
Life,33154,2,0,2074,3.89,90117,86956,0
Vehicle,474303,2,1,52793,0.04,71514,321492,1
Life,258614,3,1,71243,9.42,69297,204036,0
Life,157096,3,0,33153,5.11,85167,494706,0
Life,246644,2,1,26283,9.25,32324,141187,0
Health,77673,3,1,75404,6.4,61511,341946,0
Life,383983,5,1,70726,9.59,83664,477321,0
Life,431059,3,1,73345,9.49,41941,254914,0
Life,230633,4,0,83535,2.28,56344,242958,0
Life,105730,5,0,67584,9.72,55329,70581,0
Life,407994,1,1,62188,5.28,20845,403978,0
Health,379321,5,0,47576,0.77,27610,172420,1
Health,223158,2,0,24803,6.72,63217,135215,1
Life,410297,2,0,97669,6.63,42178,162517,0
Life,171314,5,0,5516,2.25,66891,256982,0
Financial,267206,4,1,78036,7.36,24383,118176,0
Life,360404,0,1,60292,1.82,47222,64730,0
Financial,228105,4,0,61649,0.4,60779,93798,0
Vehicle,408067,2,0,48782,1.35,93428,247518,0
Vehicle,222836,3,0,53223,9.61,87588,432314,1
Health,233195,1,1,9167,0.66,52708,176092,0
Financial,309687,2,0,61873,4.92,74824,70571,0
Financial,227553,1,1,71429,6.76,69527,325132,0
Vehicle,75450,4,0,60498,3.97,62835,198329,1
Financial,401119,3,0,75638,6.17,25578,377861,1
Financial,299002,1,0,75812,0.03,51218,443966,1
Vehicle,402607,5,0,15176,6.91,80649,369418,1
Vehicle,231919,5,1,49234,7.79,40507,150368,1
Vehicle,494571,2,0,84514,3.66,84783,236595,1
Vehicle,426893,2,1,55311,4.28,53066,204288,1
Vehicle,350028,4,1,82979,4.0,99104,159970,1
Health,399122,4,1,88049,8.77,86300,355044,0
Financial,287587,2,0,29530,3.79,69506,176172,0
Health,466312,1,1,28542,5.3,65607,283157,0
Life,426486,4,0,85497,9.73,74114,283960,0
Life,127798,5,0,46926,6.94,75886,221619,0
Vehicle,256718,3,1,92770,4.81,40252,370024,1
Health,83731,2,1,34379,5.82,82792,445408,0
Life,28387,3,1,92763,3.49,33571,197014,0
Vehicle,332787,0,0,78162,5.74,25163,175093,1
Life,146442,1,0,89814,2.84,80661,198987,0
Vehicle,235846,2,0,35215,7.07,68581,93857,0
Financial,366469,1,1,84048,0.58,43770,186911,0
Health,190405,0,0,53906,1.53,34550,321663,1
Financial,79182,4,1,85890,6.85,55779,425584,1
Vehicle,410968,1,0,49788,1.47,94718,125223,0
Financial,183745,1,1,34699,4.98,26178,472824,1
Financial,432684,3,1,36408,2.15,90051,418713,0
Health,276154,2,0,53880,3.54,86055,443417,1
Life,107219,3,0,82705,6.48,57654,272563,0
Vehicle,178943,5,1,48896,6.93,70353,392772,1
Health,397137,3,0,53003,5.71,94567,160039,1
Health,194317,3,0,602,6.58,31860,109713,1
Financial,375409,0,0,70404,0.26,67263,302534,0
Vehicle,375027,3,0,30087,5.18,85708,342681,0
Life,131056,0,0,87358,4.76,60406,392427,0
Vehicle,239236,1,1,40130,3.82,42300,457818,0
Financial,369959,0,0,13839,0.07,51528,177523,0
Financial,152428,0,0,6693,4.45,59956,282956,0
Life,471142,2,1,53502,4.94,92735,111004,0
Health,465145,0,1,34064,9.95,59472,462742,0
Health,277672,4,0,73149,0.58,93755,319845,1
Health,331838,1,1,95615,6.71,90128,148589,0
Life,35931,2,0,45185,1.73,83138,290204,0
Financial,357593,4,1,64515,9.75,66460,472270,1
Vehicle,144068,0,1,31818,4.68,54321,429611,0
Health,435293,4,1,54663,7.79,27557,249814,0
Financial,205479,0,0,88215,2.25,42797,390436,1
Financial,105605,3,0,61131,1.38,95155,496431,1
Vehicle,472329,5,1,67143,3.29,46623,276240,1
Life,263521,2,1,6124,4.38,41471,94341,0
Health,43285,4,1,36466,3.92,35903,466335,0
Health,463254,2,0,81679,0.66,67394,489934,1
Vehicle,100310,3,1,74796,6.46,90439,485904,1
Health,352474,0,0,26945,4.29,69723,384905,1
Vehicle,432260,1,1,30481,4.12,38180,423544,0
Vehicle,367971,4,1,83235,0.09,79147,380802,1
Vehicle,334899,5,0,14556,3.94,51421,431269,1
Financial,78231,0,1,24723,0.21,93264,454026,0
Life,402558,2,1,15953,6.25,93056,103580,0
Life,275410,0,1,30426,9.07,24235,235310,0
Vehicle,178304,4,1,16709,4.73,44888,310196,1
Health,313483,5,0,70757,5.15,99086,331287,1
Health,425225,5,0,25242,5.77,69691,149571,1
Financial,115939,3,0,46399,8.88,73910,333667,0
Vehicle,102602,2,1,55572,8.73,38072,177618,1
Life,131176,3,1,27509,2.59,51499,408962,0
Vehicle,327095,0,1,40689,7.88,42294,173738,0
Life,456598,4,0,85770,7.42,62184,210888,0
Financial,79680,0,1,64346,5.26,93856,286149,0
Vehicle,243516,2,0,29118,2.25,23659,362299,0
Vehicle,13837,0,0,86159,9.38,29864,366534,1
Health,305192,5,0,51086,2.33,69469,135179,1
Life,426634,0,1,33847,9.38,58783,97171,0
Financial,407022,0,1,20764,3.53,69505,182371,0
Life,78145,1,1,5337,1.25,99055,450925,0
Health,288078,3,1,85368,8.52,79264,260055,0
Life,424747,5,0,92650,3.34,80835,241969,0
Health,218697,1,1,34689,0.25,62390,66063,0
Health,96394,2,1,53938,6.2,65476,58116,0
Health,278039,1,0,71026,8.95,76447,76661,1
Health,175699,3,0,28689,1.14,29628,277817,1
Life,301602,1,1,27678,1.95,84828,495966,0
Vehicle,225532,5,0,68741,0.52,55954,204408,1
Vehicle,397342,5,1,52301,9.9,53204,165133,1
Financial,56273,0,0,33883,1.17,90411,132912,0
Vehicle,236939,0,1,1657,2.99,25806,421405,0
Vehicle,249116,4,0,81158,6.6,50438,145103,1
Financial,130505,4,0,30660,7.47,68528,331676,0
Financial,46080,1,0,45471,7.53,66754,63173,0
Health,75855,3,0,9618,2.45,84334,227958,0
Life,476510,3,0,23424,6.56,53240,478717,0
Vehicle,293721,1,1,52234,9.6,78997,337436,1
Financial,40526,3,1,55374,1.05,43197,498862,1
Financial,165920,3,1,67621,7.61,47389,469660,1
Financial,298996,4,1,3852,8.76,76052,421187,1
Financial,396038,1,0,82104,6.99,58796,492803,1
Life,21541,4,1,77684,2.38,82872,156328,0
Life,262291,4,1,85794,1.43,24737,209287,0
Financial,278593,4,1,68106,5.96,21426,127906,1
Vehicle,390094,2,0,57118,9.86,39572,84489,1
Life,88223,3,0,61213,4.93,96612,406291,0
Health,77684,2,0,80117,9.9,57591,291055,0
Financial,163286,5,1,79629,4.43,84710,326061,0
Financial,49096,0,0,99051,7.48,22817,312491,1
Health,272230,3,1,42447,0.16,23078,97352,0
Vehicle,103871,1,1,74309,6.13,98013,364092,1
Vehicle,405453,0,0,85511,1.23,92142,107540,1
Vehicle,98326,5,0,77254,7.35,57138,158572,1
Vehicle,11604,4,0,64309,4.53,37120,357090,1
Life,374794,4,0,67541,2.65,38881,362756,0
Vehicle,176836,1,0,30897,3.28,42005,84407,0
Life,286309,5,1,50256,4.65,85712,431139,0
Vehicle,257034,3,1,69129,7.71,50389,469256,1
Financial,351106,3,1,36997,1.5,23947,134416,1
Financial,16140,4,1,56890,2.34,76657,238938,0
Health,12710,5,0,90650,8.87,58888,359632,0
Health,347762,0,1,77174,8.35,85815,416986,0
Life,165760,5,0,59341,0.83,39532,243978,1
Financial,383776,0,1,48249,9.6,33425,145315,0
Life,66954,1,0,15206,2.95,91707,123560,0
Life,143764,4,1,32820,9.43,71254,247303,0
Financial,315746,5,1,76433,4.06,46298,132047,0
Financial,30013,0,1,86123,6.57,95129,144414,0
Vehicle,90407,3,1,56094,9.38,42080,239459,1
Life,406348,2,0,81243,5.32,76452,138222,0
Health,284372,4,1,75591,7.9,33431,87539,0
Health,459659,0,1,78666,8.74,52224,185233,0
Life,326993,2,1,66077,2.01,41864,355570,0
Vehicle,7086,1,1,90271,5.41,98085,390308,1
Vehicle,368738,2,0,39898,5.23,44026,382159,0
Financial,439664,5,1,50332,3.2,81743,252215,0
Health,25500,1,0,6723,2.52,40410,499223,0
Vehicle,30035,0,1,30154,2.34,21202,185078,0
Health,480130,4,1,98388,9.13,99480,115398,0
Financial,224246,1,1,21242,4.81,65531,259495,0
Vehicle,413718,5,1,18664,7.88,42144,185911,1
Life,442586,4,0,46691,7.23,51204,368425,0
Financial,406688,0,0,69806,5.32,81332,191215,0
Vehicle,59365,5,1,27382,6.68,37015,302603,1
Health,273488,4,0,34352,9.47,30121,318709,1
Financial,492003,4,0,77737,5.53,76397,60826,0
Life,84707,4,0,67260,8.33,95959,455789,0
Financial,428474,1,0,3834,6.16,56215,133046,0
Vehicle,365928,1,1,44966,9.33,42550,316193,0
Vehicle,103021,3,1,47884,2.61,90161,251000,0
Financial,466207,4,0,28828,9.0,88870,342074,0
Life,160550,1,1,93791,4.15,38125,185123,0
Life,65209,1,1,32316,2.74,51642,423590,0
Financial,214376,0,1,94584,2.03,83241,466917,1
Vehicle,146990,1,0,21263,6.23,96965,299894,0
Life,442951,3,1,43890,3.04,84184,432152,0
Vehicle,430912,0,0,79497,5.61,29001,178635,1
Vehicle,447901,3,1,16172,8.4,57040,330490,0
Life,368238,1,1,64692,6.06,84467,206671,0
Life,356355,2,1,2827,4.45,77019,413563,0
Health,27598,0,1,94809,6.62,72554,131822,0
Vehicle,346758,4,1,61682,2.91,29768,408220,1
Vehicle,187303,3,1,85873,6.34,74541,497901,1
Financial,57703,0,1,41535,2.38,70783,240418,0
Financial,266251,2,1,70179,3.9,38496,230209,1
Vehicle,148366,4,1,15995,4.56,43971,486299,1
Life,38750,1,1,76948,4.43,24418,332722,0
Health,178460,3,0,23507,2.82,94007,412333,1
Financial,15932,4,0,59438,2.17,47490,79748,0
Vehicle,26227,1,0,16054,5.69,55207,343327,0
Health,19293,2,0,74526,2.01,55823,135281,0
Financial,152909,2,1,80150,4.1,36042,59153,0
Financial,99276,1,0,23240,1.56,86880,183151,0
Health,395913,4,0,71680,5.25,44400,264874,1
Financial,429972,3,0,67353,4.74,87287,226724,0
Financial,91269,0,0,22405,7.94,66565,337071,1
Financial,176125,4,1,20331,5.09,20157,359476,1
Vehicle,159205,0,1,23939,9.43,65083,137737,0
Life,127402,3,0,5667,2.27,95917,349987,0
Life,390056,4,1,55154,9.36,79719,131093,0
Health,389496,4,1,45761,0.11,60411,212693,0
Health,223248,4,0,33099,0.32,85175,120653,1
Vehicle,473301,2,1,9394,0.72,22770,245037,0
Financial,165985,3,1,70089,4.66,65098,434556,1
Life,297280,4,0,89857,8.23,74623,236771,0
Health,106808,1,1,56145,8.35,78359,227361,0
Vehicle,445030,0,0,4241,5.99,73693,354753,0
Life,436999,2,0,94225,6.11,32097,348875,0
Financial,242651,0,0,14707,1.13,73690,196501,0
Financial,447047,5,1,67498,4.53,59779,176428,0
Financial,395370,3,1,82277,6.89,25120,146673,1
Vehicle,402737,2,1,10953,4.51,83516,336423,0
Life,379933,0,0,74915,3.96,80164,93108,0
Vehicle,306281,0,1,4005,3.75,21561,247294,0
Life,161308,2,0,28270,7.4,75362,84779,0
Financial,262466,2,0,45170,4.89,23397,492138,1
Financial,239873,1,1,2535,6.83,84292,455976,1
Financial,432199,1,0,31677,2.71,53941,441304,1
Health,492409,5,0,43374,0.7,91845,100575,1
Life,117137,0,1,12863,8.39,69169,493764,0
Financial,463778,5,1,78300,10.0,37238,78648,0
Life,122639,4,1,90221,9.08,60824,452565,0
Financial,48436,2,1,4680,0.7,27976,445872,1
Life,26433,0,0,77297,7.66,81611,489523,0
Vehicle,461561,2,1,23133,6.96,28953,100075,0
Life,257868,5,1,73913,9.75,97724,225164,0
Vehicle,431645,5,1,94257,1.0,77332,261764,1
Life,117539,0,0,91880,3.04,54551,151701,0
Life,434593,1,1,48426,9.21,81650,71181,0
Vehicle,204439,3,0,85864,2.97,46846,288368,1
Life,201652,4,0,54948,8.98,71231,313458,0
Life,178935,3,0,8039,3.93,41507,496364,0
Health,296600,4,0,21743,3.32,35875,171877,1
Vehicle,80758,2,0,5299,2.64,64727,378979,0
Health,81427,1,0,4166,4.63,25627,282345,0
Life,309855,1,1,57592,9.78,54392,257190,0
Health,151033,2,0,1483,2.22,75581,484998,1
Health,479100,1,1,20168,5.63,30499,403360,0
Financial,379049,5,1,2172,1.0,67781,171900,0
Financial,330588,5,0,95133,2.13,23202,451968,1
Financial,315117,2,0,45718,1.02,56327,84868,0
Health,170262,0,0,99510,4.49,62819,129767,1
Financial,484326,3,1,54480,3.55,25227,163030,1
Vehicle,69784,4,1,89466,1.08,71908,386579,1
Life,162969,5,0,99674,3.8,78818,198541,0
Vehicle,45140,2,1,57991,6.69,63904,469070,1
Health,97978,1,1,7286,3.43,84103,101008,0
Vehicle,139822,4,0,77551,8.55,65873,437430,1
Life,94002,2,0,75833,8.31,80399,432841,0
Financial,392955,4,1,57174,6.87,38040,72047,0
Vehicle,156264,2,0,64022,2.3,72455,445711,1
Life,427450,5,1,23698,5.15,31401,170185,0
Financial,189034,4,0,4021,4.57,26686,251959,1
Life,307581,5,1,59603,5.79,23538,102446,0
Vehicle,321715,3,0,72354,1.63,27685,213370,1
Life,409912,1,1,37166,4.05,49140,479422,0
Vehicle,251246,0,1,87023,2.6,72258,422440,1
Financial,438860,3,1,96297,6.89,58488,162873,0
Financial,404315,4,1,60580,0.86,23462,297843,1
Life,389068,0,0,49662,2.08,57187,467549,0
Vehicle,121371,1,1,42868,4.24,31271,358098,0
Health,145446,0,0,80734,4.13,24019,260018,1
Health,65789,4,1,69924,5.65,30750,99772,0
Financial,325822,1,1,22284,6.64,37042,459932,1
Health,472158,3,1,96153,1.69,37386,399996,0
Vehicle,57483,5,0,83484,9.03,51016,299982,1
Life,381122,1,0,35392,6.07,78210,320791,0
Vehicle,457023,2,1,9475,6.2,63592,366621,0
Life,217791,2,0,20324,9.8,74908,467374,0
Life,258164,3,1,92063,4.54,58304,129516,0
Health,240114,5,0,35271,4.14,43823,309291,1
Financial,169501,0,1,77298,5.18,77288,124243,0
Financial,158009,0,0,72337,3.69,52109,408926,1
Financial,286529,1,0,70310,7.3,61027,206794,0
Health,294512,5,0,40014,2.82,73455,319674,1
Vehicle,421213,3,0,38121,9.89,21251,362674,0
Health,133115,0,1,64119,5.21,71499,238562,0
Financial,107681,5,0,15133,6.92,30733,408673,1
Financial,175196,4,0,88295,5.12,32682,488779,1
Health,166243,3,1,81968,9.69,28069,351531,0
Health,124915,4,0,82241,3.88,76980,104973,1
Vehicle,378400,0,1,10446,3.43,64697,221100,0
Vehicle,390248,1,0,89342,8.5,29816,98227,1
Vehicle,239736,0,1,25456,6.81,41340,414027,0
Financial,129893,2,1,44419,5.71,85539,359182,0
Life,98071,5,1,28414,2.85,64021,349885,0
Health,57273,1,0,82170,4.93,70705,240075,0
Life,399389,2,1,97950,9.49,40410,236976,0
Health,254553,4,0,97723,9.16,36883,160008,1
Vehicle,321328,2,0,60685,1.41,84283,138178,1
Life,387607,0,0,68733,6.51,70644,488668,0
Financial,205094,2,1,18676,6.88,42820,123509,0
Financial,431388,5,0,94994,0.49,38400,259581,1
Health,127748,3,0,56545,8.98,42987,212104,1
Financial,430674,0,0,84766,1.34,82486,387053,0
Life,409264,2,1,67450,3.23,61055,145845,0
Vehicle,201977,5,1,47459,1.73,76438,398249,1
Financial,279423,0,1,76963,8.02,50725,102490,0
Health,9173,5,1,91912,9.85,84185,79885,0
Vehicle,80393,1,1,29639,4.25,47760,463331,0
Vehicle,362958,2,1,48389,3.5,39461,192459,0
Life,66691,0,1,2169,9.16,84422,257306,0
Financial,478649,0,0,80654,5.17,31285,196327,1
Vehicle,434416,2,1,49979,8.17,65892,108815,0
Financial,470158,1,1,3684,3.6,23463,255097,1
Health,151734,5,1,13888,6.72,64770,132414,0
Life,314187,4,0,12103,8.08,42353,443519,0
Health,453771,0,1,17736,5.42,90789,74094,0
Vehicle,406713,0,1,14387,2.62,41766,385664,0
Vehicle,459413,3,0,59253,1.37,56645,124528,1
Vehicle,421759,0,0,96618,4.96,95584,65368,1
Financial,372361,4,0,6770,7.26,83027,337763,0
Health,28751,4,1,80446,0.56,76714,121635,0
Vehicle,298579,5,0,36503,5.27,50775,249867,1
Vehicle,270656,3,1,20783,6.25,85563,333876,0
Vehicle,126898,5,0,70141,4.89,53842,214622,1
Health,176520,1,0,84836,1.05,99389,271670,1
Health,146027,4,1,52577,7.89,22322,266491,0
Life,458995,3,1,17725,0.31,47591,117284,1
Financial,426107,0,0,1490,1.54,46833,461414,1
Financial,9609,4,1,85167,4.67,80709,254248,0
Financial,366224,1,0,93519,7.1,65274,437974,1
Financial,474644,0,1,50707,0.87,95600,416415,0
Health,434862,4,0,22091,3.39,91800,321898,1
Vehicle,440250,4,0,27158,0.25,43705,410393,1
Vehicle,445258,3,0,79014,3.79,28355,355771,1
Vehicle,263602,4,0,60864,4.74,70453,160628,1
Vehicle,417929,5,1,52443,0.2,61450,490643,1
Life,226412,1,0,33846,4.03,49158,187262,0
Health,93659,3,0,56945,4.18,86415,154644,0
Vehicle,381547,5,1,11992,9.67,46434,484838,1
Life,6138,3,0,26223,3.13,85233,233300,0
Financial,114778,2,1,11663,6.64,69570,486406,1
Life,61834,0,1,74620,4.46,64441,263538,0
Health,360964,1,0,66999,9.19,69825,296672,1
Health,187217,3,1,79389,5.77,72023,159393,0
Life,12458,0,1,74560,7.54,34530,371062,0
Health,174470,1,0,7285,6.77,22946,211321,1
Financial,449563,5,0,90285,9.74,60657,353176,1
Vehicle,274841,5,1,89147,2.04,72508,358529,1
Financial,181939,5,0,72834,3.44,76972,233559,0
Vehicle,133660,1,1,65060,9.13,23823,194413,1
Health,334533,4,0,70545,5.91,58846,375642,1
Life,206312,4,1,98082,4.19,83980,261886,0
Health,439049,4,0,32248,2.39,28828,374730,1
Health,406537,0,1,36205,7.42,73876,396111,0
Life,376671,3,0,15596,7.0,90554,54802,0
Financial,355320,2,1,26944,0.13,63161,115458,0
Vehicle,369280,0,0,64852,9.67,45461,323125,1
Vehicle,12652,3,0,38401,4.12,69804,216141,0
Life,244778,4,0,46409,2.74,86896,60259,0
Health,404443,0,0,78130,7.53,39652,470926,1
Life,62096,4,1,28942,3.01,70030,61945,0
Life,470287,1,1,62528,5.19,75806,191523,0
Life,144162,4,1,7287,8.66,22305,351637,0
Life,484514,5,0,85001,1.3,56816,468107,0
Vehicle,211480,1,1,94821,2.63,96177,199424,1
Health,296494,3,0,52401,0.7,41028,400459,1
Financial,53788,4,0,51546,4.36,31691,115850,0
Vehicle,85632,2,1,23814,1.37,32883,475994,0
Health,62137,1,0,91674,6.86,37858,388223,0
Vehicle,254877,3,1,36400,3.63,33618,393562,0
Life,439485,3,1,8184,4.89,36768,182621,0
Vehicle,355904,2,1,53635,8.67,88048,169878,1
Financial,107244,4,0,12313,6.75,64580,126171,0
Health,328984,1,0,53104,6.33,92716,431541,1
Financial,487796,1,1,82934,6.32,55901,291153,1
Life,65885,4,0,64386,5.27,20839,352939,0
Health,325686,1,1,52727,7.61,75110,475860,0
Vehicle,78833,3,1,42947,4.75,31090,431024,0
Health,337832,5,0,51858,2.59,20185,469164,1
Health,214811,0,1,71730,8.72,89364,66722,0
Financial,272655,1,1,81008,1.09,53216,352462,1
Vehicle,274606,0,1,98236,1.04,84748,210693,1
Health,308662,1,0,99027,1.27,97807,118166,1
Vehicle,343945,0,0,98789,1.86,43683,105676,1
Life,326687,4,1,71741,3.86,87057,81348,0
Vehicle,358942,1,0,51584,0.44,60641,92745,1
Financial,137707,0,1,90701,7.86,74663,481102,1
Vehicle,21949,1,0,29279,3.88,91972,434848,0
Life,224679,5,1,54851,6.04,54717,121904,0
Financial,90451,0,0,80177,2.92,58286,441770,1
Life,306892,3,1,55739,7.11,25178,96175,0
Financial,298259,4,1,48997,4.46,57060,199949,0
Life,488478,5,0,86729,1.04,84721,230756,0
Life,115769,2,1,84412,7.84,40531,91156,0
Health,397498,0,1,56669,8.04,68090,477587,0
Vehicle,239926,5,1,41601,0.93,60392,277585,1
Life,391882,2,1,3485,8.67,92735,360246,0
Health,56158,3,0,18611,7.47,93177,450456,0
Health,115584,2,1,13015,8.85,85320,332265,0
Life,50526,0,0,10289,5.27,36548,122684,0
Financial,247732,3,0,80156,9.11,54471,256404,0
Financial,119349,5,0,81454,2.96,27870,52890,0
Health,362141,4,1,37907,0.26,36913,76668,0
Vehicle,117135,5,1,94893,1.59,22403,308319,1
Life,221277,3,1,51519,5.48,32254,50894,0
Vehicle,164032,4,0,56773,5.18,53287,208415,1
Vehicle,201903,1,1,46982,6.41,53249,141934,0
Health,484237,2,1,47423,1.71,84830,110387,0
Health,226024,2,1,92515,1.74,96760,489127,0
Vehicle,383774,5,1,68795,3.06,58144,489116,1
Financial,161996,4,0,80904,8.63,57933,387342,1
Life,36972,2,1,58275,8.49,67454,469276,0
Financial,214296,2,0,6623,5.27,49270,145739,0
Financial,66973,4,1,82642,7.11,81668,371005,0
Vehicle,261451,0,1,99012,4.2,75631,195669,1
Health,50914,4,1,55636,1.59,81972,266017,0
Life,171900,1,1,48529,2.49,28626,388537,0
Health,488304,2,0,72749,7.32,82811,64108,1
Life,306848,1,1,65888,0.96,76301,205967,1
Financial,404003,5,0,7410,6.82,85427,481104,1
Health,475580,4,1,6108,2.67,72118,79815,0
Financial,231766,2,1,15497,7.9,97930,208270,0
Life,422686,0,1,73405,6.01,99793,169066,0
Financial,412672,5,0,37871,6.76,60928,165525,0
Life,486108,3,1,30286,1.64,57599,76749,0
Life,318708,4,1,87758,9.46,22829,147107,0
Vehicle,69060,2,0,86698,7.41,91967,116926,1
Vehicle,496736,1,1,41954,5.3,42188,388477,0
Life,33282,4,1,95361,4.36,66255,357580,0
Vehicle,226738,0,1,37817,3.97,84511,342715,0
Health,72933,1,0,36062,8.5,44398,348162,0
Vehicle,415689,5,1,44292,6.46,25289,111109,1
Health,247885,2,1,6930,3.64,80185,265911,0
Financial,78179,3,0,87864,8.51,69770,104613,0
Financial,96099,1,0,76822,3.8,89225,261665,0
Financial,338814,5,0,29559,4.42,40785,450222,1
Financial,348517,3,0,89412,4.25,77446,499978,1
Life,19764,1,1,43936,7.08,35573,197468,0
Life,461806,3,1,10192,5.3,68634,340161,0
Financial,445684,5,1,44053,7.61,96410,195399,0
Health,287176,0,0,62123,2.72,24228,416664,1
Financial,95898,4,0,841,6.31,90228,433076,0
Vehicle,193195,0,0,8808,3.24,40169,159843,0
Health,128339,5,1,1439,2.34,71728,431540,0
Life,175803,1,0,86628,9.13,75033,404202,0
Life,303592,2,0,32074,8.96,81226,305928,0
Health,51948,4,0,23926,6.2,23572,246128,0
Life,456749,3,1,67263,2.53,44963,227298,0
Health,398448,0,1,18992,0.91,30357,362131,0
Health,52595,4,1,68413,2.14,50084,261027,0
Life,83881,4,1,76766,9.64,24555,200106,0
Vehicle,18007,5,0,2128,7.7,49835,192582,1
Financial,282110,2,0,87844,1.17,60808,393496,1
Financial,35706,3,0,12830,8.16,56361,235504,0
Life,269992,5,0,63691,3.84,87185,127204,0
Health,335079,0,0,71683,2.37,82374,401445,1
Financial,263369,4,1,10338,4.5,49894,306261,1
Life,290498,5,1,68341,7.46,71269,254047,0
Financial,327109,4,1,58900,4.63,84825,93686,0
Financial,496154,1,0,16847,1.08,85544,64991,0
Health,292751,2,1,51509,8.98,73241,165914,0
Health,283136,4,0,63826,8.87,46284,483975,1
Vehicle,92550,4,0,65733,2.72,21765,193858,1
Life,345701,3,0,52427,0.73,57804,236451,1
Health,324761,0,0,8651,5.7,95107,414469,1
Health,41227,5,0,69012,2.95,94500,74028,0
Health,193042,3,1,24717,0.91,37931,345589,0
Life,141246,0,1,34698,6.7,54160,238018,0
Life,428244,5,1,53603,9.25,45857,247840,0
Financial,126977,5,0,41491,7.7,73626,380796,1
Financial,468804,3,1,4672,2.1,33734,241797,1
Vehicle,431633,1,1,98148,7.33,98553,412198,1
Vehicle,130356,5,1,33830,7.17,24175,106811,1
Health,193596,5,1,99392,1.76,39720,497510,0
Financial,62340,4,0,15160,9.63,67537,383306,1
Health,93095,3,1,86823,7.96,79748,71308,0
Life,434988,1,0,77681,9.9,54429,384884,0
Life,478832,5,1,27527,1.69,50777,306405,0
Life,235500,1,0,41623,3.39,25424,374701,0
Life,19823,3,1,15504,6.79,83794,190110,0
Financial,493959,5,1,40209,8.24,26676,62995,0
Health,30521,2,1,28097,8.72,84385,457336,0
Life,240556,5,1,30927,7.42,92880,54604,0
Life,133103,2,1,31299,7.0,76327,437021,0
Financial,118073,4,1,37034,7.3,89719,125475,0
Life,264935,1,1,97892,9.6,45820,202466,0
Financial,217974,0,1,4214,5.53,51091,201182,0
Financial,473814,1,0,75410,3.47,36321,488483,1
Financial,279753,5,0,34870,2.89,61893,340958,1
Financial,442192,5,1,55142,1.27,63437,476147,1
Vehicle,319791,4,0,81855,2.35,31064,402927,1
Life,77554,4,1,67679,7.89,87385,344325,0
Life,47001,0,0,57144,4.04,64518,406957,0
Financial,9593,2,1,73660,9.7,79314,443268,1
Life,364400,2,0,34838,9.52,31077,255990,0
Vehicle,353665,5,0,15835,1.76,31324,396794,1
Health,284697,5,0,5581,9.17,88969,378080,1
Health,372256,5,1,11180,2.97,47853,410043,0
Vehicle,38549,2,0,89896,1.08,60500,421428,1
Life,470032,3,1,75288,6.58,93911,150180,0
Financial,494257,4,1,14425,0.25,48913,169650,0
Health,411136,2,1,3100,7.11,72804,471621,0
Vehicle,50700,1,1,63571,4.1,45429,304929,1
Financial,83027,0,1,92337,2.54,63483,55472,0
Vehicle,408033,3,1,3064,9.32,43089,130272,0
Vehicle,154961,4,0,47916,6.33,44087,400843,1
Financial,422712,3,1,39789,8.62,21474,452652,1
Health,15051,5,0,36162,4.18,79135,371106,0
Financial,372973,5,1,8692,0.43,96395,344844,0
Health,171759,4,0,45739,8.91,94958,52729,1
Vehicle,243726,5,0,53083,6.75,96985,419359,1
Life,47303,2,1,53422,1.44,57687,76709,0
Vehicle,403490,0,0,77187,2.67,48351,130482,1
Financial,493665,2,0,958,4.44,73417,280494,0
Life,15170,4,1,63285,9.96,85011,247725,0
Financial,219623,4,0,46264,7.43,86078,337038,0
Financial,293187,0,1,48030,0.29,98266,397878,0
Vehicle,31098,2,1,19368,0.88,70812,464897,0
Life,339843,5,1,59442,4.89,77689,493087,0
Financial,66930,3,0,20085,7.61,47738,210835,0
Financial,297165,3,0,84428,3.26,89924,190720,0
Financial,324818,0,1,30237,6.5,90947,354895,0
Vehicle,291097,2,0,3162,4.48,92012,63372,0
Vehicle,165277,5,1,97995,3.69,68952,208601,1
Financial,451529,3,0,16230,0.01,62698,92363,0
Financial,434566,0,1,86623,5.48,99997,232512,0
Health,312421,5,0,70886,4.57,91952,339635,1
Life,15933,5,1,19955,9.6,76937,164196,0
Life,158807,0,1,86113,4.35,57831,307294,0
Financial,71223,3,0,89158,6.88,59809,295145,0
Financial,115289,0,0,45632,4.91,63767,407701,1
Vehicle,365446,1,1,11774,3.88,81250,82481,0
Vehicle,208045,5,0,68305,1.2,64176,177136,1
Financial,164399,5,0,33157,8.99,82284,483481,1
Vehicle,465881,1,1,24487,2.15,49072,462971,0
Health,350083,1,1,16599,4.07,99369,491527,0
Health,379621,2,1,41592,0.76,66639,385300,0
Vehicle,386886,1,1,57722,4.32,55842,431820,1
Financial,112778,4,0,13783,7.84,33302,182937,1
Life,317632,4,1,7577,5.78,23879,217048,0
Vehicle,20412,0,0,26358,2.21,92521,486441,0
Health,111863,2,0,70036,8.71,88398,369049,1
Life,393236,5,1,67883,0.73,75937,60733,1
Life,420660,5,0,92983,9.05,40923,423331,0
Vehicle,453614,2,0,68288,2.63,62685,255566,1
Financial,399990,4,0,8341,7.81,74197,413254,1
Life,23880,3,1,54695,8.98,42479,149894,0
Vehicle,494407,2,1,66852,1.16,64624,56842,1
Financial,395362,3,0,67003,3.65,61555,72746,0
Life,438224,0,0,76103,7.68,89536,269534,0
Life,175023,4,1,44196,5.21,46279,157276,0
Financial,329851,1,0,83802,9.38,66352,377276,1
Financial,405090,4,1,75141,9.8,31020,320317,1
Health,486651,1,1,45425,5.27,65561,201192,0
Financial,55884,4,1,87455,2.09,40450,184123,0
Life,489515,0,0,27820,5.13,91376,100121,0
Life,349459,4,0,25916,9.76,47724,319960,0
Health,64781,4,1,22866,1.57,35184,228447,0
Vehicle,136577,2,0,44437,9.37,33225,119280,0
Vehicle,27871,1,0,82457,8.36,85890,235018,1
Financial,100474,5,1,82366,8.07,78139,97896,0
Vehicle,375215,0,1,77904,3.93,27699,68578,1
Health,165057,1,0,83320,2.92,20649,396745,1
Vehicle,480013,2,0,39908,3.71,62353,407136,0
Vehicle,281035,1,0,98893,9.84,75705,62296,1
Health,417378,2,0,72217,5.79,99089,327638,1
Financial,423293,3,0,3371,3.98,86852,201351,0
Financial,447777,5,1,83252,2.44,44172,212068,0
Health,382876,0,0,78288,4.12,56892,455650,1
Life,396270,2,0,22010,4.13,37503,155514,0
Vehicle,479247,4,1,94114,2.14,94152,369832,1
Vehicle,455668,5,0,52094,6.04,83716,67421,1
Financial,371444,4,1,71100,6.91,43147,237288,1
Vehicle,73020,4,0,4084,4.41,47657,319248,1
Vehicle,269635,2,1,4046,4.74,96613,295229,0
Vehicle,384218,5,1,65169,4.45,21610,366624,1
Vehicle,277622,4,1,67371,4.33,20769,227088,1
Financial,204056,2,1,32560,1.08,73446,83987,0
Life,130149,2,1,921,7.37,33412,195167,0
Financial,71810,1,1,76915,1.97,89156,121557,0
Life,339002,5,0,10758,7.84,72020,492357,0
Financial,352567,2,1,29962,6.6,55173,470418,1
Financial,128295,0,0,16509,7.24,28567,363759,1
Health,414633,3,1,83981,8.57,37012,289075,0
Health,45686,0,0,69177,8.21,97686,181195,0
Financial,389870,1,0,934,8.89,40544,191855,0
Health,382009,1,0,37309,5.75,41914,70775,1
Life,163525,2,1,49310,1.9,68669,283488,0
Life,428008,2,1,5500,6.34,92114,305944,0
Financial,280137,0,1,41330,5.07,88133,298903,0
Vehicle,94723,2,0,75121,0.43,45074,148814,1
Financial,112445,5,0,33635,1.47,58629,350441,1
Vehicle,15974,3,0,3693,1.25,34313,310154,0
Vehicle,434540,3,1,47433,8.42,24651,224343,0
Life,39421,0,1,36732,8.75,27141,229697,0
Vehicle,485906,4,1,45715,6.67,82352,442859,1
Life,471604,5,1,56394,2.78,79142,455487,0
Financial,267987,0,0,3102,9.87,40034,265863,1
Health,415621,0,1,31184,3.25,68863,66745,0
Life,370165,3,1,97716,1.68,57740,487885,0
Life,174889,0,0,48055,2.36,62995,444975,0
Vehicle,309135,1,1,19198,9.29,44833,468410,0
Vehicle,6145,4,1,87029,9.87,25900,281918,1
Life,161995,3,0,32867,5.38,33811,84607,0
Financial,306294,4,1,25850,0.2,61977,398004,1
Financial,292478,5,0,73633,5.26,39038,353127,1
Financial,318165,2,1,43844,5.69,70816,329308,0
Life,142942,1,1,4147,7.14,46025,189967,0
Vehicle,123619,1,1,88711,8.09,57826,384072,1
Health,314945,4,0,79815,6.95,22108,391279,1
Financial,47625,1,1,26589,4.17,86163,350414,0
Vehicle,226550,1,0,4010,2.74,68299,218661,0
Health,88788,0,0,5813,6.97,55397,222086,0
Vehicle,74108,1,0,48117,9.86,33371,413555,0
Vehicle,414385,0,1,4911,0.51,97039,99720,0
Financial,349561,4,1,94223,8.91,21272,313646,1
Life,344153,3,1,71276,7.5,90420,309563,0
Financial,453691,1,0,43287,4.67,71356,468608,1
Financial,498053,5,0,78465,3.5,64520,198730,0
Vehicle,208867,5,1,49733,4.64,65938,400741,1
Life,57660,3,1,44309,3.47,26814,65215,0
Financial,83436,3,0,1358,2.09,73462,347714,0
Vehicle,248662,0,1,48033,2.86,71049,382536,0
Life,94706,4,0,15108,7.98,75066,464656,0
Life,463467,1,0,13838,0.21,69675,231189,1
Life,104661,4,1,20667,7.19,66627,146247,0
Vehicle,266019,1,1,13360,2.18,32823,495916,0
Life,255807,1,1,2682,2.02,67173,326618,0
Vehicle,19608,5,0,66479,0.95,29079,183107,1
Financial,337673,4,0,12090,8.56,34871,124970,0
Financial,99214,4,0,29115,0.85,80780,203512,0
Vehicle,21308,3,1,3306,5.06,56234,410958,0
Health,360103,5,1,71577,0.87,46075,264686,0
Health,411144,2,1,88943,9.89,61489,119557,0
Vehicle,134948,1,0,12404,9.76,80505,158736,0
Life,73628,2,1,43089,6.44,47368,340218,0
Financial,404529,3,0,66102,7.92,65341,321063,0
Life,442351,0,1,38771,0.2,53167,270716,1
Financial,471577,1,1,75029,5.9,34782,71441,0
Financial,399205,3,0,85047,4.77,28264,487178,1
Life,29357,2,1,17776,1.52,34548,128261,0
Vehicle,324691,0,1,97149,1.64,58945,331624,1
Financial,352986,2,0,13763,2.46,40591,305562,1
Vehicle,474481,2,0,43243,3.18,31293,125068,0
Health,369816,1,1,19142,5.0,79096,238148,0
Vehicle,144285,2,0,12168,0.8,67901,445807,0
Health,150378,2,1,75389,3.72,62251,462839,0
Life,385034,3,0,59997,9.01,68778,336253,0
Health,496262,5,1,7414,5.47,91882,378273,0
Health,58226,5,0,43427,7.46,35312,304950,0
Health,229056,1,1,57409,1.3,35167,132726,0
Vehicle,375692,4,1,34512,4.48,77190,212252,1
Life,224567,3,0,22043,7.36,52465,441235,0
Health,107991,3,0,29143,7.07,65206,350647,1
Health,488503,5,1,19096,5.8,21578,72115,0
Financial,429746,1,0,86129,2.67,86972,162557,0
Health,92498,0,0,63151,2.6,52451,93271,0
Vehicle,452884,2,1,68552,6.45,22325,248072,1
Financial,374168,0,1,41904,9.86,61484,336075,1
Life,413591,4,0,1898,0.05,72480,56166,1
Health,398403,0,0,48829,3.27,76357,417301,1
Health,259401,0,0,58039,3.17,46797,237954,1
Vehicle,460127,1,0,47577,0.94,75477,89976,0
Financial,211100,5,1,7138,0.37,54996,323164,1
Vehicle,420148,3,1,52411,6.13,79594,342683,1
Health,364904,1,1,62408,8.78,59790,342360,0
Life,10697,1,0,87554,3.46,91494,153866,0
Life,423676,0,0,33455,3.5,94355,52291,0
Vehicle,51083,4,0,24224,7.54,49696,369660,1
Life,79596,3,1,93683,1.23,94512,117369,0
Financial,109560,5,1,47387,6.64,97513,157366,0
Life,70128,4,0,2789,7.81,79572,177334,0
Life,58780,2,0,78839,2.03,27140,446499,0
Health,357306,2,1,88219,4.08,25187,151327,0
Life,493635,1,0,42061,2.0,93912,481511,0
Life,438507,5,0,6979,3.51,37123,349730,0
Vehicle,126519,2,1,40021,9.79,99249,192634,0
Vehicle,100920,3,1,41102,4.42,94028,408874,0
Life,182642,0,1,43644,2.02,97148,485859,0
Vehicle,314681,4,0,34771,2.77,75235,370535,1
Life,123171,1,0,80075,4.19,28406,396012,0
Financial,474729,0,1,3896,5.38,46627,334050,1
Vehicle,313242,4,1,40540,7.6,85035,427715,1
Health,190434,5,1,22267,5.55,61861,237038,0
Financial,22715,5,0,37094,3.98,68434,450643,1
Health,36459,1,0,54964,5.67,57090,447068,0
Vehicle,435002,4,1,40451,9.68,86330,84469,1
Financial,50071,1,1,97723,0.07,42695,197308,0
Health,384434,4,1,90982,7.08,63163,315076,0
Health,489932,2,1,65572,8.25,41465,425820,0
Life,171770,1,0,42504,6.69,47800,491758,0
Financial,491682,3,0,5336,9.2,35113,411892,1
Health,350696,2,1,78345,0.99,58575,75006,0
Financial,207852,2,1,2165,5.96,74926,277995,0
Life,394613,2,0,67199,3.41,99684,333829,0
Financial,361691,4,0,57489,4.95,61970,440683,1
Health,353205,1,1,51547,3.23,86874,130969,0
Financial,392106,5,0,16553,2.73,27055,441686,1
Vehicle,208280,0,0,81489,0.71,47042,259425,1
Financial,47526,4,0,74795,5.21,54224,223654,0
Health,193624,5,1,80046,1.66,67505,391696,0
Life,478043,1,1,67437,9.6,49275,59519,0
Life,88739,5,1,36289,3.9,41930,355001,0
Life,377321,0,1,73289,8.71,35523,174638,0
Financial,185883,3,1,22864,9.1,61289,151697,0
Life,215679,2,1,91765,8.31,25780,298073,0
Health,467589,2,0,84681,5.53,84276,378589,1
Vehicle,150435,2,0,96156,1.19,89133,459301,1
Financial,208469,3,0,76697,7.46,40788,340826,1
Vehicle,269763,3,1,12259,7.64,75844,121481,0
Health,344750,1,1,12614,1.94,51645,99902,0
Financial,63147,3,1,52211,1.1,28646,85989,0
Life,150790,3,1,69011,5.46,50878,289466,0
Life,6967,5,1,74271,8.51,57141,281561,0
Health,116636,2,0,41954,4.13,69267,65576,1
Health,62753,0,1,92031,5.45,48218,180104,0
Vehicle,367671,1,0,63817,3.9,40942,302008,1
Health,281086,0,1,46613,1.61,77794,130004,0
Vehicle,485376,3,0,49095,2.01,80843,426650,0
Life,264011,4,0,26366,5.6,80425,395376,0
Financial,179715,1,1,80699,3.93,32210,80702,0
Vehicle,363288,1,0,57433,5.36,62792,235183,1
Health,320086,3,1,12245,8.94,95996,397435,0
Life,177066,0,1,46366,9.03,91707,268288,0
Life,310847,0,0,33464,8.44,61508,466546,0
Health,228244,5,1,42099,2.0,53938,259096,0
Health,81574,4,0,68306,0.16,74548,108581,0
Financial,395368,1,1,44658,4.83,87229,480274,1
Financial,315825,3,1,89628,3.03,96194,289567,0
Health,479038,5,0,49297,2.51,44341,90540,1
Financial,473124,1,0,97336,0.37,57286,384340,1
Financial,480217,3,1,6314,9.46,73730,337896,0
Health,210464,3,1,14076,5.61,96912,94309,0
Vehicle,191615,1,1,22310,4.2,35556,219832,0
Life,47534,4,1,1838,0.99,95854,420683,1
Vehicle,296491,1,1,89496,9.93,68804,255889,1
Vehicle,453063,3,1,87716,6.72,43098,360050,1
Financial,485432,0,1,92364,8.8,34471,165229,0
Health,116846,0,0,45990,7.05,55955,148316,1
Life,358408,1,0,66171,6.13,90854,264437,0
Health,255994,4,0,18783,6.23,44466,59605,1
Health,45171,4,0,25431,5.91,88295,318976,0
Life,354586,5,1,30556,4.52,83007,480448,0
Vehicle,253085,3,1,16700,5.42,70090,444643,0
Financial,441014,3,1,65223,1.53,88717,65706,0
Life,66659,3,1,19489,2.48,61971,276951,0
Vehicle,119531,1,0,27599,7.6,39002,204251,0
Health,133397,3,0,97303,4.38,84431,287180,1
Health,228553,5,0,76807,9.58,93301,278517,1
Vehicle,287326,4,0,69049,3.59,70507,322103,1
Vehicle,65947,1,1,78519,5.98,32422,372104,1
Health,55030,1,0,60568,5.63,31523,310300,0
Financial,119181,0,1,92029,6.49,32269,86440,0
Vehicle,247910,3,1,73972,2.53,55836,230896,1
Health,96371,0,0,20214,5.64,20655,395446,0
Health,114640,2,0,63629,7.3,28067,161321,1
Financial,198574,4,0,97543,2.37,54274,443332,1
Vehicle,366792,1,0,66691,5.18,55201,247384,1
Financial,127013,0,1,32192,3.12,97825,310868,0
Financial,183839,5,0,33286,6.68,30899,480642,1
